id,log_name,category,notification
1,Exam Prep,studying,Finish your assignment today 📝
2,Drink 8 Glasses,hydration,"Lowkey, drink up 🥤"
3,Eat Veggies,meal,Gentle reminder: have lunch now 🥗
4,Weekly Plan,focus,"Clear your inbox, just 5 min ⏳"
5,Kitchen Clean,chores,POV: you sweep the floor 🧺
6,Declutter,chores,Start the laundry and slay 🧽
7,Trek,walking,"Okay legend, lace up and walk 🚶"
8,NoPorn,noporn,Splash cold water now 🧠
9,Check Bank,finance,"Hey, skip one impulse buy 💰"
10,Laundry,chores,"Tidy up for 10 minutes, bestie 🧽"
11,Savings Goal,finance,Real talk: check your accounts 💸
12,Push Day,workout,"Show up and lift, superstar 💪"
13,Wake Up,wake,"Hey bestie, open the curtains 🌅"
14,Phone Free Dinner,screen_break,"Lowkey, lock your phone for a bit 👀"
15,5AM Club,wake,Main character move: skip the snooze 🌅
16,Porn Free,noporn,Your sign to block that site 🚫
17,Shave,hygiene,"Fresh breath, then chill 🦷"
18,Omega 3,meds,Self care includes this pill 💊
19,Celibacy,nofap,Leave your room - you got this 👑
20,Kotlin Practice,coding,"Refactor one file, superstar 💻"
21,3L Water,hydration,"Fill it, finish it 💧"
22,Manga,reading,"Yo, pick up your book 📖"
23,Pilates,stretching,Future you says: stretch your back 🧘
24,10 Min Calm,meditation,"Hey, do box breathing 🍃"
25,No Nut,nofap,POV: you stay strong today 🧠
26,Sleep by 11,sleep,Main character move: get some sleep 🌙
27,Invest,finance,"No cap, check your accounts 💸"
28,Read Gita,prayer,"Give thanks, please? 🙏"
29,Weekly Plan,focus,"Psst, silence your phone 🎯"
30,Sunscreen,skincare,"Hey bestie, massage your scalp ✨"
31,Hair Serum,skincare,"Hey bestie, pamper your skin 🌸"
32,Reset Sunday,chores,"Five minute tidy, go 🧹"
33,Mood Check,mood,Don't leave your heart on read 🌈
34,Pet Care,pets,Vibe check: play with your pet 🐱
35,3 Good Things,journaling,Future you will read this 📓
36,Morning Pill,meds,Breaking news: pop your supplement 💊
37,Meditate,meditation,"Close your eyes and breathe, please? 🍃"
38,Marathon Prep,running,"Yo, do your intervals 🏃"
39,Lunch Walk,walking,Plot twist: go for a walk 🚶
40,No Soda,quit,"Ahem, wait out the craving 🌿"
41,BP Tablet,meds,"Yo, take your capsule ⏰"
42,Sleep Early,sleep,"Take a power nap, legend 🛌"
43,Warm Water,hydration,Have some water now 🚰
44,Supplements,meds,"Not to nag, but pop your supplement ⏰"
45,Work Block,focus,Focus is calling 🔕
46,Sleep Early,sleep,Leave your phone outside and slay 🌙
47,Digital Detox,screen_break,Friendly nudge: rest your eyes 👀
48,Evening Run,running,Don't ghost the road 💨
49,Temple Visit,prayer,Main character move: sit in prayer 🕊
50,Sunscreen,skincare,Cleanse your face and slay 🧴
51,Painting,creative,"Work on your project, legend 🎬"
52,Mock Test,studying,"Open your notes, just 5 min 🎓"
53,Rent,finance,Main character move: pay your bills 💸
54,Reset Sunday,chores,Friendly nudge: wipe the table 🧺
55,French,practice,"Learn one new phrase, bestie 🎸"
56,Plan the Day,focus,Plan your day now 🎯
57,Save Money,finance,"Check your budget, no cap 📈"
58,Protein Intake,meal,"Okay legend, have lunch now 🍲"
59,DSA,coding,"Solve one problem, bestie 🚀"
60,Self Control,nofap,"Okay legend, do 20 pushups instead 🧠"
61,Discipline Streak,nofap,"Ahem, lock the phone, step out 🧠"
62,Glass of Water,hydration,Real talk: take five sips 💧
63,Semester Prep,studying,Quick one: revise yesterday's notes 🎓
64,Long Run,running,Run at easy pace fr 💨
65,Catch Up,social,Gentle reminder: call your mom 🤝
66,Balcony Garden,plants,"Lowkey, give them sunlight 🌱"
67,Mood Log,mood,"Check in with yourself, no excuses 🫶"
68,Flowers,plants,Mist your plants today 🪴
69,Lights Off,sleep,Plot twist: get some sleep 🌙
70,Power Nap,sleep,Bed > doomscroll 😴
71,Porn Free,noporn,"Hey, keep your clean streak alive 🧠"
72,Feed Cat,pets,"Feed your pet, promise? 🐱"
73,Pet Care,pets,"Feed your cat, please? 🐶"
74,Fast Until Noon,fasting,Discipline looks good on you 🍵
75,H2O,hydration,Small win: drink a glass of water 🥤
76,Phone Free Dinner,screen_break,Doomscroll? Bloomscroll instead 🔌
77,Clean Room,chores,Real talk: clean your desk 🧹
78,Debug,coding,"Refactor one file, no cap 🚀"
79,NoFap,nofap,"Stay locked in, legend 🔒"
80,No Nut,nofap,"Hey, leave your room 👑"
81,Call Grandma,social,Call your dad and slay 🤝
82,Brush Teeth,hygiene,Take a cold shower and slay 🪥
83,5AM Club,wake,Quick one: get out of bed 🌅
84,Quit Porn,noporn,Gentle reminder: close that tab 🚫
85,Lights Off,sleep,"Get some sleep, just 5 min 🛌"
86,Check List,other,"Finish your task, superstar ✅"
87,Read 10 Pages,reading,Vibe check: read before bed 📚
88,Hair Oil,skincare,"Lowkey, massage your scalp ✨"
89,Screen Break,screen_break,"Hey, look far for 20 seconds 👀"
90,Debug,coding,"Not to nag, but refactor one file 🐛"
91,Date Night,social,Call someone you love today 📞
92,No Social Media,screen_break,Keep your phone aside fr 🔌
93,Quit Smoking,quit,It's giving clean living 🚭
94,No Snooze,wake,"Okay legend, wake up now 🌅"
95,Vacuum,chores,Plot twist: load the washing machine 🧺
96,NoPorn,noporn,Small win: stay free today 🌱
97,Savings Goal,finance,Vibe check: pay your bills 💸
98,Wake Up,wake,Don't leave your alarm on read 🌅
99,Morning Routine,wake,Real talk: get up now 🌅
100,NoPorn,noporn,Quick one: go outside for a bit 🚫
101,Glass of Water,hydration,"Hey bestie, sip some water 🚰"
102,Vitamin D3,meds,Your sign to check your meds 💊
103,No PMO,nofap,Protect your streak - you got this 🧠
104,Date Night,social,Voice notes count too 💬
105,Repot Plant,plants,Give them water and slay 💦
106,Lunch,meal,POV: you grab some fruit 🥗
107,Gratitude List,journaling,"Write one gratitude, superstar 📝"
108,Eye Break,screen_break,It's giving screen time 🔌
109,Feel Good,mood,Smiling today? 🌈
110,Pomodoro,focus,"Focus first, scroll later ⏳"
111,Interval Run,running,Plot twist: jog for 15 minutes 💨
112,Water Goal,hydration,"Psst, drink up 🚰"
113,Fast Until Noon,fasting,Gentle reminder: stay in the fast 🍵
114,Vet Visit,pets,Give some cuddles and slay 🐾
115,Declutter,chores,"Not to nag, but clean your desk 🧺"
116,Vacuum,chores,"Hello hello, do the dishes 🧹"
117,Iron Tablet,meds,Take your pills now 💊
118,Night Brush,hygiene,Small win: wash your hands 🪥
119,Gardening,plants,Plot twist: turn your pots 🪴
120,Practice Habit,other,Real talk: do it right now ⭐
121,Hair Oil,skincare,POV: you apply moisturizer 🌸
122,Screen Break,screen_break,"Look out the window, bestie 🔌"
123,Water Bottle,hydration,"Take five sips, please? 💧"
124,Cold Shower,hygiene,Okay but fresh breath? 🦷
125,Morning Pages,journaling,Write a brain dump today 💭
126,Walk,walking,Reminder: walk around the block 👟
127,Celibacy,nofap,Stay strong today and slay 👑
128,Fast Until Noon,fasting,"Yo, start your fast now 🕐"
129,Morning Meditation,meditation,Plot twist: try a body scan 🍃
130,Vocab,practice,Your sign to learn five new words 🌍
131,Diary,journaling,Reflect on today - you got this 💭
132,Bedtime,sleep,Future you says: dim the lights 🛌
133,Daily Problem,coding,"Practice one algorithm, just 5 min 🚀"
134,JEE Prep,studying,"Yo, solve ten questions 📝"
135,Emotions,mood,"Check your mood, bestie 🫶"
136,Mobility,stretching,"Flow for ten minutes, legend 🤸"
137,Grooming,hygiene,"Brush for two minutes, bestie 🧼"
138,Goal,other,Don't let it slide 🙌
139,No NSFW,noporn,Turn on your blocker rn 🌱
140,Groceries,chores,Okay but a clean home? 🧹
141,Reading,reading,"Read ten pages, just 5 min 🔖"
142,Gym,workout,Start your workout rn 🥇
143,Sober,quit,"Okay legend, wait out the craving 🌿"
144,Practice Habit,other,"Okay legend, finish it today 🙌"
145,No Phone,screen_break,"Close the reels, bestie 👀"
146,No PMO,nofap,"Redirect your energy, bestie 👑"
147,Learn Python,coding,"Ahem, solve one problem 💻"
148,BP Tablet,meds,"Take your capsule, please? 💊"
149,No Nut,nofap,"Stay disciplined, please? 👑"
150,Log Expenses,finance,"Hello hello, check your SIP 💸"
151,Scalp Care,skincare,"Massage your scalp, no excuses 🧴"
152,Laundry,chores,Wipe the table and slay 🧺
153,Write Thoughts,journaling,Gentle reminder: write one page 💭
154,Therapy Notes,mood,"Log your mood, bestie 🫶"
155,No PMO,nofap,"Hey, try a cold shower 👑"
156,Pranayama,meditation,"Ahem, focus on your breath 🍃"
157,Treadmill Run,running,"Hello hello, lace up and run 💨"
158,Diet,fasting,Close your eating window fr 🕐
159,Budget,finance,Check your budget now 💸
160,Brisk Walk,walking,POV: you go around the park 🌳
161,Journal,journaling,"Psst, write in your journal 📓"
162,Sunscreen,skincare,"Hey, apply your serum 🌸"
163,Pranayama,meditation,"Meditate for 5 minutes, superstar 🍃"
164,Water Break,hydration,Sip some water and slay 💧
165,Rent,finance,"Check your accounts, superstar 💸"
166,Retinol,skincare,Five steps to fabulous ✨
167,LeetCode,coding,Push a commit - you got this 🐛
168,Vet Visit,pets,"Brush your pet, no cap 🐱"
169,Self Help Book,reading,Readers are leaders 📚
170,No Junk,quit,"Yo, wait out the craving 🚭"
171,Iron Tablet,meds,Real talk: check your meds ⏰
172,Jogging,running,Breaking news: hit the track 👟
173,Refill Bottle,hydration,Real talk: hydrate now 💧
174,SIP,finance,"Move money to savings, no excuses 💰"
175,Discipline Streak,nofap,"Yo, leave your room 👑"
176,Breathing,meditation,Small win: focus on your breath 🌿
177,GATE Prep,studying,Reminder: start a pomodoro 🎓
178,Mindfulness,meditation,"Sit and breathe, just 5 min 🌿"
179,Laundry,chores,"Yo, tidy up for 10 minutes 🧺"
180,No PMO,nofap,Quick one: protect your streak 🔒
181,No Alcohol,quit,Quitting is the flex 🌿
182,Wake at 6,wake,"Put your feet down, please? ⏰"
183,Jog,running,"No cap, warm up and jog 🏃"
184,Make Bed,chores,Tidy up for 10 minutes today 🧺
185,No Snooze,wake,"No cap, put your feet down 🌅"
186,YouTube Video,creative,"Write one paragraph, please? 🎬"
187,Reading,reading,Reminder: read for 15 minutes 📖
188,Feed Bird,pets,Reminder: feed your cat 🐱
189,Groom Pet,pets,Brush your pet rn 🐱
190,Violin,practice,Speak out loud - you got this 🌍
191,Cut Nails,hygiene,"Ahem, floss tonight 🦷"
192,Herb Garden,plants,Mist your plants rn 🌱
193,Run 3 KM,running,"Hello hello, warm up and jog 👟"
194,5AM Club,wake,"Psst, start your morning 🌅"
195,GATE Prep,studying,"Study with me, no cap 📚"
196,Sunscreen,skincare,Skin goals start tonight ✨
197,Post-dinner Walk,walking,"Go around the park, please? 🚶"
198,Call Dad,social,"Call someone you love, please? 📞"
199,Evening Walk,walking,"Ahem, go around the park 🌳"
200,Reading,reading,"Pick up your book, superstar 📖"
201,Cut Nails,hygiene,Shower era starts now 🧼
202,Tulsi,plants,Don't leave your plants on read 🪴
203,Manga,reading,Your sign to read five pages 🔖
204,Retention,nofap,"Do 20 pushups instead, legend 🔒"
205,No Spend Day,finance,Quick one: skip one impulse buy 💰
206,Cardio,workout,Motivation fades. Habit stays. 🔥
207,Diary,journaling,"Hey bestie, write three lines 📝"
208,Morning Walk,walking,Vibe check: take the stairs 🚶
209,Challenge,other,"Tick this off, superstar ⭐"
210,Vocab,practice,"Hey, practice for 15 minutes 🎵"
211,Eat Veggies,meal,"Grab some fruit, please? 🍳"
212,Lab Record,studying,"Okay legend, finish your assignment 🎓"
213,Breathing,meditation,"Psst, sit and breathe 🧘"
214,Rise and Shine,wake,Real talk: open the curtains ⏰
215,Typing Practice,practice,Breaking news: speak out loud 🎵
216,Mock Test,studying,"No cap, study for 25 minutes 🎓"
217,Self Help Book,reading,"Read a page, change a mind 📖"
218,Sugar Free,quit,"Hello hello, skip it today 💚"
219,Vitamin D3,meds,"Take your pills, bestie ⏰"
220,Neck Stretch,stretching,POV: you touch your toes 🤸
221,No NSFW,noporn,Close that tab now 🧠
222,20-20-20,screen_break,Breaking news: put your phone away 👀
223,Refill Bottle,hydration,Your kidneys say thank you 💧
224,Workout,workout,"Yo, hit the gym 💪"
225,Plan the Day,focus,Reminder: focus for 25 minutes 🔕
226,French,practice,"Hey bestie, do your lesson 🎸"
227,Plan the Day,focus,Plan your day today 🔕
228,Eat Fruit,meal,Add some protein now 🥗
229,Glow Routine,skincare,"Hello hello, do your skincare 🧴"
230,Reply Messages,social,A phone call misses you 🤝
231,Electrolytes,hydration,"Chug a little, glow a lot 💧"
232,CTM Routine,skincare,"Do your night routine, superstar 🧴"
233,Violin,practice,Ten minutes of practice 🎸
234,Brush Teeth,hygiene,"Hello hello, take a shower 🪥"
235,CTM Routine,skincare,"Do your skincare, just 5 min ✨"
236,Date Night,social,Your sign to call someone you love 💬
237,Quit Porn,noporn,"Psst, splash cold water 🌱"
238,Walk Dog,pets,"No cap, take the dog out 🐱"
239,Check Bank,finance,"Pay your bills, please? 💸"
240,Track Expenses,finance,Not a drill: savings time 📈
241,Pranayama,meditation,Focus on your breath today 🍃
242,N2,nofap,Urges pass. Kings stay. 👑
243,Breathwork,meditation,"Close your eyes and breathe, legend 🍃"
244,Hair Oil,skincare,"Pamper your skin, legend 🧴"
245,How Am I Feeling,mood,Check in with yourself rn 🌈
246,Read Gita,prayer,Plot twist: chant your mantra 🪔
247,Morning Pages,journaling,POV: you jot down your thoughts 📓
248,SPF,skincare,Friendly nudge: apply your serum 🌸
249,Face Wash,skincare,"Do your skincare, no cap 🧴"
250,Assignment,studying,Vibe check: solve a mock test 🎓
251,Breathwork,meditation,Do box breathing fr 🧘
252,Painting,creative,Your canvas misses you 💡
253,To-Do List,focus,Finish one task - you got this 🔕
254,Meet Friends,social,"Hey, call someone you love 📞"
255,No PMO,nofap,Vibe check: protect your streak 🧠
256,Read News,reading,Vibe check: read one chapter 📖
257,Diary,journaling,"Ahem, write your affirmations 📝"
258,Grooming,hygiene,"Okay legend, brush your teeth 🧼"
259,Eating Window,fasting,"Hello hello, drink water, not snacks 🕐"
260,Healthy Snack,meal,"Add some protein, no excuses 🍲"
261,Groceries,chores,Okay but your room? 🧺
262,Glow Routine,skincare,"Wash your face, superstar 🧴"
263,Clean Mind,noporn,Main character move: block that site 🚫
264,N2,nofap,POV: you try a cold shower 👑
265,Guitar Practice,practice,"Learn one new phrase, promise? 🎵"
266,Daily Problem,coding,"Yo, code for 30 minutes 🐛"
267,No Phone,screen_break,Future you says: take a screen break 👀
268,Grooming,hygiene,Vibe check: use mouthwash 🦷
269,Early Riser,wake,"Psst, get up now ⏰"
270,5000 Steps,walking,Fresh air break? 🌳
271,Debug,coding,Friendly nudge: fix one bug 🚀
272,Nicotine Free,quit,"Choose the healthy swap, bestie 🌿"
273,Moisturize,skincare,Your sign to apply moisturizer 🌸
274,Check In,mood,"Rate your day, superstar 🫶"
275,Worship,prayer,Vibe check: light the lamp 🪔
276,Dinner,meal,"Hey, have your meal 🍳"
277,Study,studying,"Study now, chill later 📚"
278,Invest,finance,Don't leave your budget on read 💰
279,To-Do List,focus,Clear your inbox and slay 🔕
280,HIIT,workout,"Not to nag, but start your workout 🥇"
281,Log Expenses,finance,"Log your expenses, please? 📈"
282,Minoxidil,skincare,Plot twist: wash your face 🧴
283,Emotions,mood,"Log how you feel, no excuses 🌈"
284,Hydration,hydration,"Not to nag, but finish that bottle 💧"
285,Vitamin D3,meds,Your dose is calling 💊
286,Offline Hour,screen_break,"Phone down, world up 👀"
287,Sleep Early,sleep,Take a power nap fr 😴
288,Walk,walking,Vibe check: walk around the block 🚶
289,Stroll,walking,Hit your step goal now 👟
290,Morning Yoga,stretching,"Fix your posture, promise? 🤸"
291,Learn Python,coding,Vibe check: code for 30 minutes 💻
292,LeetCode,coding,Small win: practice one algorithm 🐛
293,Meditation,meditation,"Sit in silence, just 5 min 🌿"
294,Emotions,mood,"Ahem, be gentle with yourself 🫶"
295,Scalp Care,skincare,Real talk: wash your face 🌸
296,Floss,hygiene,"Yo, wash your hands 🪥"
297,Strength Training,workout,"Hold a plank, promise? 🥇"
298,Eat Salad,meal,"Grab some fruit, no cap 🍳"
299,Porn Free,noporn,"Delete the trigger, no cap 🚫"
300,Doodle,creative,Your sign to brainstorm one idea 🎨
301,No Spend Day,finance,"Move money to savings, just 5 min 💰"
302,Sunscreen,skincare,"Ahem, moisturize now ✨"
303,Poetry,creative,Your sign to write for ten minutes 🎨
304,Pomodoro,focus,"Focus for 25 minutes, promise? 🔕"
305,Personal Goal,other,"Hey bestie, show up today ✅"
306,5000 Steps,walking,"No cap, take the stairs 🚶"
307,Photography,creative,Write for ten minutes and slay 🎨
308,Morning Pages,journaling,"Write it out, let it go 📓"
309,Porn Free,noporn,"Go outside for a bit, legend 🧠"
310,Repot Plant,plants,Main character move: give them water 💦
311,Read News,reading,"Hey bestie, read one chapter 📚"
312,Nap,sleep,"Leave your phone outside, no cap 😴"
313,Supplements,meds,"Psst, have your supplement 💊"
314,NoPorn,noporn,Plot twist: go outside for a bit 🌱
315,LeetCode,coding,"Code for 30 minutes, just 5 min 🐛"
316,Pomodoro,focus,Work for 25 minutes now 🎯
317,Invest,finance,POV: you check your budget 💸
318,Drink 8 Glasses,hydration,Grab a glass and slay 💧
319,Kindle,reading,"Not to nag, but read five pages 📚"
320,Namaz,prayer,"Hey bestie, give thanks 🕊"
321,5000 Steps,walking,POV: you walk for fifteen minutes 👟
322,10 Min Yoga,stretching,"Yo, flow for ten minutes 🤸"
323,Leg Day,workout,"Lift heavy, stress light 🔥"
324,NoPorn,noporn,Keep your phone in another room rn 🚫
325,Phone Free Dinner,screen_break,"Scroll less, live more 👀"
326,20 Pages,reading,Read ten pages now 🔖
327,Pullups,workout,Leg day is not optional 🥇
328,Pull Day,workout,"Psst, move that body 🔥"
329,Pills,meds,Vibe check: take your dose 💊
330,Do The Thing,other,Keep the promise to you ✅
331,Clear Emails,focus,"Hey, finish one task 🔕"
332,20:4 Fast,fasting,"Stay in the fast, legend 🥑"
333,Evening Run,running,"Lace up, legend 👟"
334,Strength Training,workout,"Hey bestie, warm up and go 🔥"
335,Kitchen Clean,chores,Sweep the floor today 🧺
336,How Am I Feeling,mood,Self care o'clock! 💭
337,Singing,practice,"Finish one lesson, no cap 🌍"
338,Emotions,mood,"Psst, do something kind for you 💭"
339,Call Grandma,social,Mom would love a call 💬
340,No Alcohol,quit,"Say no today, bestie 💚"
341,Chest Day,workout,Gentle reminder: do 20 pushups 💪
342,Park Walk,walking,POV: you stretch your legs 🌳
343,Workout,workout,"Do 20 pushups, legend 🥇"
344,Less Caffeine,quit,Small win: skip the sugar today 🚭
345,Feel Good,mood,"Self care first, scroll later 🌈"
346,Scalp Care,skincare,Future you says: do your skincare ✨
347,Serum,skincare,Gentle reminder: apply moisturizer 🌸
348,Chanting,prayer,POV: you give thanks 🙏
349,Bedtime,sleep,"Not to nag, but start winding down 🛌"
350,Park Walk,walking,Gentle reminder: stretch your legs 🌳
351,Worship,prayer,"Pray, then play 🙏"
352,Exercise,workout,"Psst, start your workout 🥇"
353,Call Grandma,social,Breaking news: plan a catch up 📞
354,Posture Check,stretching,"Be bendy, be happy 🧘"
355,No Soda,quit,"Lungs healing, nice 💚"
356,Unplug,screen_break,"Look far for 20 seconds, please? 👀"
357,Run 5K,running,"Hello hello, jog for 15 minutes 👟"
358,Organize Desk,chores,"Reset era, clean it up 🧽"
359,Office Work,focus,POV: you start a focus block 🔕
360,Iron Clothes,chores,Small win: wipe the table 🧹
361,No Alcohol,quit,Wait ten minutes first fr 🌿
362,Design Practice,creative,"Create first, edit later 🎬"
363,Sleep by 11,sleep,"Ahem, take a power nap 🛌"
364,Water Plants,plants,Vibe check: feed your plants 🪴
365,Less Caffeine,quit,"Breathe through the craving, please? 🚭"
366,Check List,other,Finish it today and slay ✅
367,Top 3 Tasks,focus,Clear your inbox today ⏳
368,Network,social,Main character move: call your mom 📞
369,CTM Routine,skincare,Future you says: finish your routine 🌸
370,Gratitude List,journaling,"Lowkey, fill today's page 📓"
371,Edit Video,creative,The muse is calling 🎬
372,Night Journal,journaling,Gentle reminder: write three lines 💭
373,Kitchen Clean,chores,Gentle reminder: start the laundry 🧽
374,Reply Messages,social,Miss someone? 🤝
375,No Soda,quit,"Protect your quit streak, please? 💚"
376,Rise and Shine,wake,"Yo, wake up now 🌅"
377,Pay Bills,finance,Real talk: skip one impulse buy 📈
378,Call Family,social,Reminder: call your family 💬
379,Park Walk,walking,Stretch your legs - you got this 👟
380,Budget,finance,Vibe check: note today's spending 💸
381,Protein Intake,meal,"Eat slowly today, promise? 🍲"
382,Moisturize,skincare,"Hey, do your night routine 🧴"
383,Read a Chapter,reading,Quick one: read five pages 🔖
384,Personal Goal,other,Breaking news: do it now ⭐
385,Work Block,focus,Breaking news: do your top task ⏳
386,Reset Sunday,chores,Load the washing machine rn 🧹
387,Posture Check,stretching,"Do a sun salutation, promise? 🧘"
388,Inhaler,meds,"Take your pills, just 5 min ⏰"
389,Affirmations,journaling,Gratitude > excuses 💭
390,No Junk,quit,Okay but sobriety? 🚭
391,Sleep Early,sleep,Your sign to say good night 🌙
392,Call Family,social,Your sign to call your mom 🤝
393,Call Mom,social,Real talk: call your family 💬
394,Wake Up,wake,POV: sunrise time 🌅
395,Grooming,hygiene,"No cap, take a shower 🦷"
396,Read Novel,reading,"Finish a chapter, no excuses 📖"
397,Eat Salad,meal,Skip the junk fr 🍳
398,Fast Until Noon,fasting,Eat a protein-rich meal rn 🥑
399,No Junk,quit,"Clean streak, keep it 🌿"
400,Mental Health Check,mood,Your sign to rate your day 🫶
401,Long Run,running,Gentle reminder: jog for 15 minutes 🏃
402,Shower,hygiene,Quick one: use mouthwash 🦷
403,Multivitamin,meds,Forgot something? 💊
404,Sun Salutation,stretching,"Ahem, roll out your mat 🤸"
405,Digital Purity,noporn,"Stay clean today, bestie 🧠"
406,20 Pages,reading,"Lowkey, read one chapter 🔖"
407,Post-dinner Walk,walking,Go for a walk fr 🚶
408,Electrolytes,hydration,"Drink a glass of water, promise? 🚰"
409,Typing Practice,practice,Don't ghost your instrument 🎵
410,LeetCode,coding,Solve one problem! 💻
411,Supplements,meds,"Doctor's orders, bestie 💊"
412,Call Parents,social,"Call your dad, just 5 min 🤝"
413,Call Grandparents,social,"Call someone you love, promise? 🤝"
414,Write Thoughts,journaling,Write in your journal rn 💭
415,No NSFW,noporn,"Hey bestie, stay free today 🚫"
416,Shower,hygiene,Fresh breath era starts now 🪥
417,N2,nofap,POV: you stay busy today 🔒
418,Daily Goal,other,"Hey, tick this off ⭐"
419,10 Min Calm,meditation,Your breath misses you 🌿
420,3 Good Things,journaling,"Jot down your thoughts, legend 📝"
421,Gurbani,prayer,Gratitude o'clock 🪔
422,SAT Prep,studying,"Revision, then chill 📚"
423,Lunch,meal,"Fuel your body, no excuses 🍳"
424,Flowers,plants,Green friends need love 🌱
425,Bible Reading,prayer,"Prayer first, scroll later 🕊"
426,Long Run,running,"Lowkey, warm up and jog 💨"
427,Cut Nails,hygiene,Take a quick bath rn 🧼
428,Long Run,running,"Run one easy km, no excuses 💨"
429,20-20-20,screen_break,Future you says: look out the window 📵
430,Gratitude,journaling,Future you says: write a brain dump 📝
431,Write Blog,creative,"Edit your video, please? 🎬"
432,Jogging,running,Friendly nudge: do your intervals 👟
433,16:8 Fasting,fasting,Break your fast gently and slay 🥑
434,Coconut Water,hydration,"Grab a glass, please? 🚰"
435,To-Do List,focus,Real talk: close extra tabs ⏳
436,18:6 Fast,fasting,"Hours down, gains up 🥑"
437,No Social Media,screen_break,"Yo, lock your phone for a bit 🔌"
438,Morning Pages,journaling,"Yo, write a brain dump 📝"
439,Brush Teeth,hygiene,POV: you brush for two minutes 🪥
440,Temple Visit,prayer,"Lowkey, read a few verses 🕊"
441,Read Gita,prayer,Breaking news: give thanks 🕊
442,Keto,fasting,"Hey bestie, break your fast gently 🥑"
443,Refill Bottle,hydration,"Lowkey, take a big sip 💧"
444,Read 10 Pages,reading,"Finish a chapter, promise? 📚"
445,Walk,walking,Walk time? 👟
446,Mantra,prayer,POV: you read one verse 🙏
447,Savings Goal,finance,Track it before it vanishes 💸
448,UPSC Prep,studying,"Ahem, study one chapter 📝"
449,Steps Goal,walking,Reminder: go for a walk 🚶
450,Check Bank,finance,Save a little today fr 💰
451,Less Reels,screen_break,"Rest your eyes, legend 📵"
452,Pomodoro,focus,Deep work o'clock! 🎯
453,Lecture Review,studying,Small win: review your flashcards 📝
454,Posture Check,stretching,Do a sun salutation now 🤸
455,Run 5K,running,"No cap, run one easy km 👟"
456,Flowers,plants,Breaking news: water your plants 🌱
457,Sprint Training,running,Plot twist: do a quick jog 👟
458,Doodle,creative,"Write for ten minutes, just 5 min 🎬"
459,Screen Break,screen_break,"Okay legend, keep your phone aside 📵"
460,Night Routine,skincare,POV: you moisturize now 🧴
461,To-Do List,focus,Silence your phone rn ⏳
462,Mouthwash,hygiene,Real talk: take a quick bath 🪥
463,Take Out Trash,chores,"Ahem, start the laundry 🧹"
464,Task A,other,Finish it today - you got this ✅
465,Iron Clothes,chores,POV: you wipe the table 🧺
466,No Junk,quit,"Hey bestie, wait out the craving 🚭"
467,Lunch Walk,walking,"Hit your step goal, just 5 min 🚶"
468,Reflect,journaling,"Write one page, please? 📓"
469,10 Min Yoga,stretching,"Psst, do a quick stretch 🧘"
470,Exercise,workout,"Do 20 pushups, no excuses 💪"
471,Running,running,Plot twist: do your intervals 👟
472,Revision,studying,"Study for 25 minutes, bestie 📚"
473,Vet Visit,pets,Vibe check: clean the litter box 🐾
474,Budget,finance,POV: you move money to savings 💸
475,Catch Up,social,Reminder: message a friend 💬
476,5000 Steps,walking,Reminder: take the stairs 🌳
477,Learn Korean,practice,POV: you practice your scales 🎵
478,Wind Down,sleep,Breaking news: plug in and lie down 😴
479,Evening Walk,walking,Future you says: take a short stroll 🌳
480,Pilates,stretching,"Hey, roll your neck 🤸"
481,Call Family,social,"Call your family, promise? 💬"
482,Flowers,plants,"Not to nag, but repot one plant 🌱"
483,Wake Up Early,wake,Splash some water - you got this 🌅
484,Rise and Shine,wake,Your sign to wake up now 🐓
485,BP Tablet,meds,"Take today's dose, no excuses ⏰"
486,Healthy Meal,meal,"Hey, have lunch now 🍳"
487,Emotions,mood,Take a deep breath fr 🫶
488,Power Nap,sleep,"No cap, dim the lights 😴"
489,Early Riser,wake,Friendly nudge: put your feet down ⏰
490,Long Run,running,"No cap, jog for 15 minutes 🏃"
491,Digital Purity,noporn,"Stay free today, no excuses 🌱"
492,Morning Prayer,prayer,"Ahem, say your prayers 🕊"
493,Digital Purity,noporn,Close that tab rn 🚫
494,Call Dad,social,Call someone you love rn 💬
495,No PMO,nofap,Plot twist: go to the gym instead 🔒
496,SIP,finance,"Update your budget, no excuses 📈"
497,Clean Mind,noporn,Real talk: call a friend instead 🌱
498,Reflect,journaling,"Ahem, write one page 📝"
499,Run 5K,running,"Lace up and run, promise? 🏃"
500,Vet Visit,pets,Main character move: feed your pet 🐱
501,Doodle,creative,Romanticize your art time 🎨
502,Herb Garden,plants,"Hey bestie, give them water 💦"
503,Quit Smoking,quit,You're stronger than this 💚
504,Check Bank,finance,Real talk: note today's spending 💸
505,Groceries,chores,Wipe the table - you got this 🧺
506,Morning Yoga,stretching,"Slow flow, big glow 🧘"
507,Lecture Review,studying,"Lowkey, study for 25 minutes 📚"
508,Celibacy,nofap,Quick one: stay strong today 🔒
509,Singing,practice,"Lowkey, speak out loud 🎵"
510,No Doomscrolling,screen_break,"Psst, go offline for a bit 🔌"
511,Repot Plant,plants,"Plants can't text, so we did 🪴"
512,10 Min Yoga,stretching,Mat ready? 🧘
513,Pomodoro,focus,Real talk: finish one task 🎯
514,Inbox Zero,focus,Friendly nudge: finish one task 🔕
515,Organize Desk,chores,Vibe check: sweep the floor 🧹
516,18:6 Fast,fasting,"Skip the late snack, promise? 🕐"
517,Clear Emails,focus,Plan your day - you got this 🎯
518,Chanting,prayer,"Read a few verses, promise? 🕊"
519,Morning Pill,meds,Reminder: take your tablet 💊
520,Vocab,practice,"Practice for 15 minutes, please? 🎸"
521,No Smoking,quit,"Not to nag, but chew gum instead 💚"
522,50 Pushups,workout,Plot twist: train hard today 💪
523,Evening Walk,walking,"Okay legend, hit your step goal 🌳"
524,Clear Emails,focus,"Hey, close extra tabs 🎯"
525,IMD Diet,fasting,"No cap, start your fast now 🥑"
526,To-Do List,focus,"Plan it, then slay it 🎯"
527,NoFap,nofap,"Protect your streak, superstar 🧠"
528,Chess Puzzle,practice,"Hey bestie, learn one new phrase 🎵"
529,Iron Clothes,chores,"Wipe the table, just 5 min 🧺"
530,Stretch,stretching,Stretching era starts now 🤸
531,Less Caffeine,quit,"No cap, say no today 🚭"
532,Pills,meds,Quick one: take your tablet ⏰
533,Feel Good,mood,"Hey, take a kind pause 🫶"
534,Top 3 Tasks,focus,Vibe check: start a focus block 🔕
535,HIIT,workout,"Start your workout, bestie 🔥"
536,No Smoking,quit,Quick one: skip the smoke break 🌿
537,Japanese,practice,Friendly nudge: speak out loud 🎵
538,Date Night,social,Check on your strong friend 📞
539,Chanting,prayer,Start with gratitude 🙏
540,Intermittent Fasting,fasting,"Hello hello, hold your fast 🥑"
541,Less Reels,screen_break,Keep your phone aside today 📵
542,Nap,sleep,You + sleep = iconic 😴
543,Home Workout,workout,"Yo, hold a plank 💪"
544,Celibacy,nofap,"Lowkey, redirect your energy 🧠"
545,Herb Garden,plants,"Not to nag, but check the soil 🪴"
546,Call Mom,social,"Send a voice note, bestie 🤝"
547,Meditate,meditation,Okay but calm? 🌿
548,Sleep Early,sleep,POV: you leave your phone outside 🛌
549,Feed Cat,pets,Quick one: brush your pet 🐶
550,Network,social,"Hello hello, text a friend 💬"
551,Poetry,creative,Your sketchbook is calling 🎨
552,Work Block,focus,Breaking news: work for 25 minutes 🎯
553,Plant Care,plants,"Hey bestie, feed your plants 💦"
554,Revision,studying,Real talk: solve ten questions 📝
555,Speak English,practice,"Not to nag, but finish one lesson 🌍"
556,Couch to 5K,running,Speed is a vibe 👟
557,20 Pages,reading,"Okay legend, open your kindle 📖"
558,Walk Dog,pets,Main character move: give a treat 🐶
559,Codeforces,coding,"Code time? Yes, now. 🚀"
560,Electrolytes,hydration,"Chug some water, please? 🚰"
561,Yoga,stretching,Gentle reminder: fix your posture 🧘
562,Homework,studying,Your sign to start a pomodoro 📝
563,Groceries,chores,"Make your bed, no cap 🧺"
564,Diary,journaling,"Write one page, no excuses 📓"
565,Homework,studying,Review your flashcards today 📝
566,Eat On Time,meal,Future you says: eat slowly today 🥗
567,Speak English,practice,Small win: learn one new phrase 🎵
568,Brush Teeth,hygiene,Small win: brush your teeth 🪥
569,No Distractions,focus,Quick one: clear your inbox 🎯
570,Kindle,reading,Future you says: move your bookmark 🔖
571,Dinner,meal,Vibe check: skip the junk 🍳
572,Declutter,chores,"No cap, clean your desk 🧽"
573,2L Water,hydration,"Hey, drink some water 💧"
574,10 Min Calm,meditation,"Psst, sit in silence 🧘"
575,Feel Good,mood,Vibe check: name your feeling 🌈
576,Keto,fasting,Breaking news: hold your fast 🥑
577,Task A,other,Small win: do it now ✅
578,Drums,practice,"Pick up your instrument, superstar 🎵"
579,10 Min Calm,meditation,"Hey bestie, find your calm 🍃"
580,Piano,practice,"Ahem, finish one lesson 🎵"
581,Craft,creative,POV: creativity time 🎬
582,Strength Training,workout,Earn that protein shake 🔥
583,Gym,workout,Vibe check: move that body 💪
584,Litter Box,pets,"Hey, play with your pet 🐱"
585,Weekly Plan,focus,Breaking news: block your calendar ⏳
586,Water Plants,plants,"Hey, check the soil 🌱"
587,Healthy Meal,meal,"Have your meal, no excuses 🍲"
588,Sugar Free,quit,"Yo, wait ten minutes first 💚"
589,Drink Water,hydration,Vibe check: sip some water 🚰
590,Back Stretch,stretching,"Stretch your back, promise? 🧘"
591,Run 5K,running,"Ahem, do your intervals 👟"
592,5AM Club,wake,"No cap, splash some water ⏰"
593,Shower,hygiene,Breaking news: trim your nails 🧼
594,Mindfulness,meditation,Find your calm and slay 🌿
595,IF,fasting,"Yo, log your fasting hours 🕐"
596,Mood Check,mood,Breaking news: check your mood 🫶
597,Couch to 5K,running,Main character move: warm up and jog 🏃
598,Semester Prep,studying,"Open your notes, no cap 🎓"
599,Call Parents,social,Your sign to send a voice note 💬
600,Mood Log,mood,Check in with yourself today 🫶
601,Lab Record,studying,Friendly nudge: open your notes 📝
602,Track Expenses,finance,Quick one: update your budget 📈
603,No NSFW,noporn,Reminder: block that site 🚫
604,No Nut,nofap,Reminder: leave your room 👑
605,Supplements,meds,Take today's dose today 💊
606,Steps Goal,walking,Stretch your legs now 🌳
607,Habit,other,Real talk: complete your goal ✅
608,Plank,workout,Do a quick workout fr 🥇
609,Abs,workout,Your sign to show up and lift 💪
610,Write Story,creative,Creativity is a muscle 🎨
611,Podcast,creative,"Hey bestie, work on your project 💡"
612,Check List,other,Reminder: show up today 🙌
613,Eat Breakfast,meal,"Okay legend, add some veggies 🍲"
614,Daily Problem,coding,"Practice one algorithm, bestie 🐛"
615,Rest,sleep,"Say good night, legend 😴"
616,Early to Bed,sleep,Vibe check: sleep on time 🌙
617,Therapy Notes,mood,"Psst, write one feeling 🌈"
618,YouTube Video,creative,Edit your video - you got this 💡
619,No Snooze,wake,Small win: rise and shine ⏰
620,Read Gita,prayer,"Read a few verses, please? 🕊"
621,Minoxidil,skincare,"Glow time? Yes, now. 🌸"
622,Goal,other,You're on a roll ✅
623,Top 3 Tasks,focus,"Psst, start a focus block ⏳"
624,No Distractions,focus,Reminder: clear your inbox 🎯
625,Evening Stretch,stretching,Flexible is the new strong 🧘
626,Worship,prayer,Quick one: chant your mantra 🕊
627,Read Novel,reading,The plot thickens... read on 📖
628,Budget,finance,"Hey bestie, review your spending 💰"
629,Inbox Zero,focus,Breaking news: clear your inbox 🔕
630,Shave,hygiene,It's giving shower 🪥
631,Namaz,prayer,"Not to nag, but light a candle 🙏"
632,Journal,journaling,"Okay legend, reflect on today 📝"
633,Typing Practice,practice,Breaking news: learn one new phrase 🎸
634,No Distractions,focus,"Hey bestie, start a focus block 🔕"
635,Sprint Training,running,Main character move: run one easy km 💨
636,Bedtime,sleep,"Take a power nap, bestie 🛌"
637,No Sugar,quit,Vibe check: skip the smoke break 💚
638,Text a Friend,social,Quick one: call your dad 🤝
639,Water Plants,plants,"Psst, mist your plants 💦"
640,Long Run,running,Warm up and jog now 💨
641,N2,nofap,"Leave your room, no excuses 🔒"
642,10 Min Calm,meditation,Overthinking? Breathe instead 🍃
643,Self Control,nofap,Friendly nudge: stay busy today 🔒
644,No Junk,quit,"Wait ten minutes first, just 5 min 🌿"
645,Morning Water,hydration,"Grab a glass, superstar 💧"
646,Couch to 5K,running,Chase the sunrise 🏃
647,Lunch,meal,"Hello hello, eat a proper dinner 🍲"
648,Save Money,finance,"Okay legend, note today's spending 📈"
649,Quit Vaping,quit,Skip the smoke break now 💚
650,Plank,workout,Plot twist: do a quick workout 🥇
651,SIP,finance,"Hey, move money to savings 💸"
652,Pilates,stretching,Future you says: touch your toes 🤸
653,Flowers,plants,Turn your pots and slay 🪴
654,Pranayama,meditation,"Inhale calm, exhale chaos 🍃"
655,Breathwork,meditation,Be present - you got this 🍃
656,Clean Room,chores,"Hey, make your bed 🧹"
657,Budget,finance,"Yo, note today's spending 💰"
658,Mental Health Check,mood,"Yo, log how you feel 🌈"
659,Make Bed,chores,Wipe the table fr 🧹
660,Quit Smoking,quit,"Ahem, skip it today 💚"
661,No Snacking,fasting,Okay but the diet? 🕐
662,Plank,workout,Future you says: start your workout 🔥
663,Save Money,finance,Your sign to check your SIP 💸
664,Leg Day,workout,"Lowkey, do a quick workout 🔥"
665,Mouthwash,hygiene,"Clean girl aesthetic, any gender 🪥"
666,Protein Intake,meal,"Psst, eat on time 🍳"
667,Declutter,chores,Future you says: do the dishes 🧽
668,Inbox Zero,focus,"Hello hello, close extra tabs 🔕"
669,Steps Goal,walking,Real talk: hit your step goal 🚶
670,Work Block,focus,"Close extra tabs, superstar ⏳"
671,Flexibility,stretching,POV: you hold child's pose 🤸
672,Low Carb,fasting,"Eat inside your window, bestie 🍵"
673,Repot Plant,plants,Okay but green babies? 🌱
674,Personal Goal,other,Quick win? 🙌
675,Lift Weights,workout,"Okay legend, move that body 🔥"
676,Hot Girl Walk,walking,Plot twist: take the stairs 👟
677,Do The Thing,other,"Ahem, do it now ✅"
678,Read 10 Pages,reading,Reading > excuses 📚
679,Design Practice,creative,"Okay legend, work on your project 💡"
680,Read Novel,reading,Gentle reminder: read ten pages 📖
681,Walk Dog,pets,Your floof misses you 🐱
682,YouTube Video,creative,"Pick up your brush, promise? 🎨"
683,Daily Problem,coding,Friendly nudge: push a commit 🚀
684,Wind Down,sleep,"Hey bestie, say good night 🛌"
685,LeetCode,coding,Push a commit today 🐛
686,Night Brush,hygiene,"Minty fresh, best breath 🦷"
687,Balcony Garden,plants,Real talk: feed your plants 🌱
688,Multivitamin,meds,"Take your medicine, bestie ⏰"
689,100 Days of Code,coding,Your sign to fix one bug 🚀
690,Vet Visit,pets,The floof has demands 🐾
691,Read Gita,prayer,Quick one: light the lamp 🪔
692,Read a Chapter,reading,Reading is calling 📚
693,Read a Chapter,reading,Your sign to read ten pages 📖
694,Creatine,meds,Real talk: take your tablet ⏰
695,Reflect,journaling,Reminder: jot down your thoughts 💭
696,EMI,finance,Your savings say hi 💰
697,Affirmations,journaling,Main character move: write one page 💭
698,No PMO,nofap,"No cap, try a cold shower 🧠"
699,No Alcohol,quit,"Cravings fade, you stay 🌿"
700,Lift Weights,workout,Quick one: lift something heavy 🥇
701,Feed Dog,pets,Small win: fill the water bowl 🐾
702,GitHub Commit,coding,Breaking news: refactor one file 💻
703,Vacuum,chores,"Psst, put things back 🧺"
704,Guitar Practice,practice,"Finish one lesson, superstar 🌍"
705,Prayer,prayer,"Give thanks, no excuses 🪔"
706,Nap,sleep,Say good night and slay 😴
707,Litter Box,pets,Take the dog out fr 🐱
708,Affirmations,journaling,Gentle reminder: write one gratitude 💭
709,Yoga,stretching,"Lowkey, do a forward fold 🧘"
710,Lunch,meal,Future you says: add some protein 🥗
711,Back Stretch,stretching,Shoulders tight? 🧘
712,Mindfulness,meditation,Zen o'clock 🌿
713,Face Wash,skincare,"Not to nag, but do your skincare 🌸"
714,New Habit,other,Small win: make progress today ✅
715,Feed Cat,pets,"Okay legend, feed your cat 🐶"
716,Shower,hygiene,Trim your nails - you got this 🪥
717,Phone Free Dinner,screen_break,"Screen time first, scroll later 👀"
718,Cook Dinner,meal,Gentle reminder: grab some fruit 🍳
719,8 Hours Sleep,sleep,"Switch off the lights, superstar 🛌"
720,Diary,journaling,Note your wins fr 📓
721,Learn Python,coding,Breaking news: write one function 🚀
722,Wind Down,sleep,Quick one: dim the lights 😴
723,Posture Check,stretching,POV: you loosen your shoulders 🤸
724,Moisturize,skincare,Don't leave your skin on read 🧴
725,Rest,sleep,"Plug in and lie down, legend 🌙"
726,Bible Reading,prayer,"Chant for 5 minutes, legend 🙏"
727,10 Min Calm,meditation,"Focus on your breath, just 5 min 🌿"
728,No Soda,quit,Future you says: pass on the drink 🚭
729,Drink 8 Glasses,hydration,"Fill up your bottle, no excuses 🥤"
730,Breathing,meditation,"Hello hello, try a body scan 🌿"
731,Night Routine,skincare,"Hey bestie, apply moisturizer ✨"
732,New Habit,other,"No cap, complete your goal 🙌"
733,Unplug,screen_break,Real life has better graphics 📵
734,Goal,other,Quick one: complete your goal ⭐
735,Deep Work,focus,Friendly nudge: do your top task ⏳
736,Early to Bed,sleep,"Hey, say good night 😴"
737,How Am I Feeling,mood,Vibe check: check in with yourself 🌈
738,Take Out Trash,chores,Your sign to sweep the floor 🧺
739,Reading,reading,"Psst, read for 15 minutes 📖"
740,Healthy Meal,meal,"Hey bestie, fuel your body 🥗"
741,20-20-20,screen_break,"Keep your phone aside, superstar 🔌"
742,Pet Care,pets,"Hey, walk your dog 🐶"
743,Cook Dinner,meal,Real talk: have your meal 🍳
744,Read Novel,reading,Reminder: move your bookmark 📖
745,No Smoking,quit,"Breathe easy, legend 💚"
746,Treadmill Run,running,Friendly nudge: lace up and run 💨
747,Digital Detox,screen_break,"Hey bestie, take a screen break 📵"
748,Call Family,social,Future you says: call your family 💬
749,Study,studying,"Hey, solve ten questions 📚"
750,Meditate,meditation,"Do box breathing, no excuses 🌿"
751,GitHub Commit,coding,Let him cook (the code) 🐛
752,Night Journal,journaling,The diary misses you 📓
753,Insulin,meds,Medicine is calling ⏰
754,Back Stretch,stretching,Do a sun salutation and slay 🤸
755,Night Journal,journaling,"Hello hello, fill today's page 📝"
756,10 Min Calm,meditation,Close your eyes and breathe now 🧘
757,Declutter,chores,"No cap, tidy up for 10 minutes 🧽"
758,Squats,workout,Breaking news: hold a plank 💪
759,Painting,creative,"Draw something small, just 5 min 🎬"
760,Ukulele,practice,Learn five new words now 🎵
761,Stretch,stretching,Gentle reminder: do some yoga 🤸
762,Debug,coding,"Code for 30 minutes, bestie 🐛"
763,Retention,nofap,Stay strong today fr 🔒
764,Digital Purity,noporn,"Freedom time? Yes, now. 🚫"
765,Dance Practice,practice,"Fingers ready, champ 🌍"
766,Hot Girl Walk,walking,"No cap, hit your step goal 🚶"
767,Office Work,focus,Quick one: block your calendar 🎯
768,No Smoking,quit,Reminder: protect your quit streak 🚭
769,Feed Cat,pets,"Treat time, hooman 🐱"
770,Screen Break,screen_break,Plot twist: look far for 20 seconds 👀
771,NoFap,nofap,"Stay strong today, bestie 👑"
772,Morning Walk,walking,Your playlist needs a walk 👟
773,Craft,creative,Your sketchbook misses you 🎨
774,Morning Yoga,stretching,"Do a forward fold, bestie 🧘"
775,Task A,other,Future you says: finish it today 🙌
776,Night Brush,hygiene,Use mouthwash today 🦷
777,Wind Down,sleep,Breaking news: get into bed 🌙
778,Pranayama,meditation,Your sign to sit in silence 🌿
779,Read Gita,prayer,Give thanks and slay 🕊
780,Morning Prayer,prayer,"Do your pooja, no cap 🙏"
781,Morning Meditation,meditation,Sit and breathe rn 🌿
782,Marathon Prep,running,Your sign to run at easy pace 💨
783,Marathon Prep,running,"Do your intervals, promise? 🏃"
784,Design Practice,creative,Reminder: edit your video 🎨
785,Piano,practice,"Scales today, stages tomorrow 🎸"
786,10k Steps,walking,Go around the park today 🌳
787,Abs,workout,"Hello hello, get your sweat on 💪"
788,Wake at 6,wake,"Lowkey, skip the snooze 🌅"
789,Typing Practice,practice,Small win: practice for 15 minutes 🎵
790,Gardening,plants,"Repot one plant, superstar 🌱"
791,Less Reels,screen_break,"Not to nag, but rest your eyes 📵"
792,Moisturize,skincare,"Hey, oil your hair 🌸"
793,Vocab,practice,"No cap, pick up your instrument 🎸"
794,No Junk Food,meal,"No cap, fuel your body 🍲"
795,Morning Meditation,meditation,"Psst, do box breathing 🍃"
796,CTM Routine,skincare,"Pamper your skin, promise? 🌸"
797,Morning Pages,journaling,Breaking news: write three lines 📓
798,Manga,reading,Read five pages now 📚
799,Self Care,mood,Real talk: write one feeling 🌈
800,Pranayama,meditation,"Hey bestie, do box breathing 🧘"
801,Digital Purity,noporn,"No cap, go outside for a bit 🚫"
802,Run 3 KM,running,"Psst, lace up and run 👟"
803,Lift Weights,workout,Just one set. Start. 💪
804,Quit Porn,noporn,Stay clean today - you got this 🚫
805,Flashcards,studying,Friendly nudge: study for 25 minutes 🎓
806,No Alcohol,quit,Skip it today - you got this 🚭
807,Rent,finance,Your budget needs you now 💰
808,Clean Room,chores,"Do the dishes, superstar 🧽"
809,Self Care,mood,"Check in with yourself, no cap 🫶"
810,Quit Porn,noporn,Your sign to delete the trigger 🧠
811,Mood Check,mood,Take a deep breath rn 🫶
812,Wake at 6,wake,Snoozing again? ⏰
813,Couch to 5K,running,Run today? 🏃
814,No Soda,quit,Your body is rebuilding 🚭
815,100 Days of Code,coding,Small win: open your IDE 🐛
816,Kindle,reading,Future you says: continue your story 📖
817,Glass of Water,hydration,Main character move: take five sips 💧
818,Yoga,stretching,"Okay legend, do a forward fold 🧘"
819,Yoga,stretching,Stretch for 5 minutes and slay 🧘
820,Inbox Zero,focus,Plot twist: do your top task 🔕
821,18:6 Fast,fasting,"Break your fast gently, bestie 🥑"
822,Treadmill Run,running,"Lowkey, lace up and run 🏃"
823,Morning Run,running,"Go for a short run, no excuses 👟"
824,Podcast,creative,Your sketchbook needs you now 💡
825,IMD,fasting,Your sign to sip some green tea 🥑
826,Rise and Shine,wake,"Skip the snooze, please? 🐓"
827,Declutter,chores,Your room misses you 🧽
828,Sleep by 11,sleep,Small win: plug in and lie down 😴
829,Sketch,creative,"Ahem, write for ten minutes 🎬"
830,Daily Goal,other,POV: you show up today 🙌
831,Workout,workout,Vibe check: crush one set 🔥
832,10 Min Calm,meditation,Quick one: do box breathing 🌿
833,Deep Work,focus,POV: you silence your phone 🎯
834,Audiobook,reading,"Okay legend, continue your story 📚"
835,Morning Yoga,stretching,Vibe check: stretch for 5 minutes 🤸
836,Book Club,reading,"Hello hello, read five pages 📚"
837,Eat Breakfast,meal,"Eat your breakfast, please? 🥗"
838,Invest,finance,Expenses logged? 💸
839,Worship,prayer,Breaking news: say your prayers 🕊
840,Make Bed,chores,"Lowkey, sweep the floor 🧹"
841,Rent,finance,Quick one: check your SIP 💰
842,Content Creation,creative,Your sketchbook is waiting 🎬
843,Walk,walking,Small win: take a quick walk 👟
844,Bible Reading,prayer,Real talk: light a candle 🕊
845,Scalp Care,skincare,"Not to nag, but oil your hair ✨"
846,10k Steps,walking,"Hey, take the stairs 🌳"
847,Declutter,chores,"Psst, make your bed 🧽"
848,HIIT,workout,Crush one set and slay 🔥
849,Sketch,creative,"Brainstorm one idea, bestie 💡"
850,Clear Emails,focus,Real talk: block your calendar 🎯
851,Eat Veggies,meal,"Lowkey, eat your breakfast 🍲"
852,Grooming,hygiene,Vibe check: brush your teeth 🧼
853,Affirmations,journaling,"Write three lines, superstar 📓"
854,Evening Run,running,Breaking news: do your intervals 🏃
855,Office Work,focus,"Ahem, do your top task 🎯"
856,No Smoking,quit,Friendly nudge: wait out the craving 💚
857,Tulsi,plants,Small win: give them water 💦
858,Evening Stretch,stretching,Stretch like a cat 🧘
859,Marathon Prep,running,"Yo, chase a new PR 🏃"
860,Meet Friends,social,"Check on your people, please? 💬"
861,IF,fasting,Plot twist: eat inside your window 🥑
862,Daily Goal,other,Vibe check: start for 5 minutes ✅
863,Feed Fish,pets,Reminder: refill the food bowl 🐾
864,Kotlin Practice,coding,Write some code fr 🚀
865,Manga,reading,Small win: read ten pages 🔖
866,Inbox Zero,focus,"Hello hello, silence your phone ⏳"
867,Hair Serum,skincare,"Psst, moisturize now ✨"
868,Clean Mind,noporn,Friendly nudge: close that tab 🧠
869,Sleep Early,sleep,Okay but your pillow? 🌙
870,Task A,other,"Get it done, superstar ⭐"
871,Hydration,hydration,Vibe check: hydrate now 💧
872,Habit,other,"Yo, complete your goal ✅"
873,No PMO,nofap,Try a cold shower and slay 🧠
874,Coding,coding,"Hey, fix one bug 💻"
875,NoPorn,noporn,"Hello hello, block that site 🚫"
876,YouTube Video,creative,"Lowkey, sketch for 10 minutes 🎨"
877,Steps Goal,walking,Your sign to walk around the block 👟
878,Eat Veggies,meal,"Eat a proper dinner, bestie 🥗"
879,Post-dinner Walk,walking,Your sign to take the stairs 🚶
880,Deep Work,focus,Finish one task rn 🎯
881,Celibacy,nofap,"Stay strong today, just 5 min 👑"
882,Back Stretch,stretching,"Lowkey, do a sun salutation 🤸"
883,Exam Prep,studying,"Finish your assignment, just 5 min 📚"
884,Ukulele,practice,"Okay legend, practice for 15 minutes 🌍"
885,Skincare,skincare,POV: skincare time 🌸
886,Sleep by 11,sleep,Start winding down fr 🌙
887,Breathing,meditation,Find your calm now 🌿
888,UPSC Prep,studying,"Revise one topic, no cap 📚"
889,Walk Dog,pets,Future you says: give some cuddles 🐱
890,Running,running,Run one easy km rn 👟
891,Take Medicine,meds,Gentle reminder: take your pills 💊
892,Stroll,walking,"Hey, lace up and walk 🚶"
893,Unplug,screen_break,Quick one: close the reels 👀
894,Shave,hygiene,"Take a cold shower, please? 🦷"
895,Morning Walk,walking,"Hey bestie, go for a walk 👟"
896,Stretch,stretching,"Stretching time? Yes, now. 🧘"
897,No Phone,screen_break,"Rest your eyes, bestie 📵"
898,Vet Visit,pets,"Give a treat, no excuses 🐶"
899,GATE Prep,studying,"Start a pomodoro, superstar 📝"
900,Invest,finance,Skip one impulse buy fr 📈
901,Sleep Early,sleep,Plug in and lie down rn 😴
902,Reset Sunday,chores,Main character move: sweep the floor 🧺
903,Kindle,reading,"Yo, read for 15 minutes 🔖"
904,Therapy Notes,mood,"Okay legend, log your mood 🌈"
905,Early Riser,wake,Gentle reminder: put your feet down 🐓
906,Challenge,other,Vibe check: get it done ⭐
907,Save Money,finance,"Check your SIP, bestie 📈"
908,Electrolytes,hydration,Hydrate now fr 🚰
909,Practice Habit,other,Get that W today ✅
910,Urge Control,nofap,Vibe check: redirect your energy 🔒
911,Temple Visit,prayer,"Say a short prayer, bestie 🪔"
912,Notes,studying,"Ahem, review your flashcards 📝"
913,OMAD,fasting,"Clean plate, clean fast 🍵"
914,Semester Prep,studying,Revision is calling 📚
915,No Sugar,quit,Craving lasts 5 minutes 🌿
916,Pranayama,meditation,Breaking news: be present 🌿
917,Lights Off,sleep,"Psst, close your eyes 🌙"
918,Wake Up Early,wake,Okay but your alarm? ⏰
919,Feel Good,mood,"Log your mood, no excuses 🫶"
920,Weekly Plan,focus,"Clear your inbox, legend 🎯"
921,Focus Session,focus,Deep work > excuses 🔕
922,Couch to 5K,running,POV: you run at easy pace 💨
923,Morning Pages,journaling,"Psst, note your wins 📝"
924,Kitchen Clean,chores,Make your bed today 🧹
925,Write Thoughts,journaling,"Hello hello, note your wins 📝"
926,Dinner,meal,"Eat your breakfast, no cap 🍳"
927,Craft,creative,"Psst, write for ten minutes 🎬"
928,Vitamin D3,meds,Take your tablet rn 💊
929,Jog,running,Do your intervals rn 💨
930,Learn Python,coding,Your keyboard misses you 🚀
931,Scalp Care,skincare,"Ahem, do your skincare 🧴"
932,Night Brush,hygiene,Two minutes for a big smile 🦷
933,How Am I Feeling,mood,Don't leave your mood on read 🫶
934,Pilates,stretching,"Touch your toes, promise? 🧘"
935,Check In,mood,"Yo, name your feeling 💭"
936,Namaz,prayer,Don't ghost your quiet time 🪔
937,Night Routine,skincare,Quick one: massage your scalp 🌸
938,Eat Breakfast,meal,"Have lunch now, bestie 🥗"
939,Vitamins,meds,"Check your meds, no excuses 💊"
940,Gratitude List,journaling,"Write a brain dump, legend 📝"
941,Self Control,nofap,Your sign to do 20 pushups instead 🧠
942,Call Parents,social,"Check on a friend, legend 📞"
943,Take Out Trash,chores,Quick one: put things back 🧹
944,Strength Training,workout,"Skip the excuse, not the gym 🥇"
945,Doodle,creative,Friendly nudge: make something new 🎬
946,Clean Mind,noporn,Friendly nudge: turn on your blocker 🚫
947,Tulsi,plants,"Rooting for you, literally 🌱"
948,No NSFW,noporn,"Hello hello, delete the trigger 🚫"
949,Eating Window,fasting,Your eating window needs you now 🥑
950,Early to Bed,sleep,"Say good night, superstar 🌙"
951,Save Money,finance,Check your accounts now 💸
952,Water,hydration,Your bottle needs you now 🚰
953,5AM Club,wake,Real talk: put your feet down ⏰
954,IF,fasting,Break your fast gently today 🍵
955,Vitamins,meds,"Tiny habit, huge payoff ⏰"
956,GitHub Commit,coding,"Solve a LeetCode problem, please? 🐛"
957,2L Water,hydration,Your brain is 75% water 🚰
958,BP Tablet,meds,Your body is counting on you 💊
959,Morning Routine,wake,"Get up now, bestie ⏰"
960,Text a Friend,social,Don't leave a phone call on read 🤝
961,Phone Free Dinner,screen_break,"Go offline for a bit, please? 👀"
962,Skincare,skincare,"Lowkey, apply moisturizer 🧴"
963,Notes,studying,Revise yesterday's notes rn 🎓
964,Plan the Day,focus,Not a drill: deep work time 🎯
965,10k Steps,walking,"Hey, walk for fifteen minutes 👟"
966,Plan the Day,focus,"Hello hello, plan your day 🎯"
967,Mood Log,mood,Quick one: log how you feel 💭
968,Run 3 KM,running,Not a drill: run time 🏃
969,Groceries,chores,Reminder: sweep the floor 🧺
970,Abs,workout,Warm up and go now 🔥
971,Succulents,plants,Green babies > excuses 💦
972,Workout,workout,Lift like nobody's watching 🥇
973,Debug,coding,Compile your dreams 🚀
974,Pay Bills,finance,"Log your expenses, bestie 💸"
975,Porn Free,noporn,"Ahem, go outside for a bit 🌱"
976,Breakfast,meal,"Lowkey, prep a healthy meal 🍳"
977,Run 3 KM,running,"Go for a run, promise? 👟"
978,To-Do List,focus,"Psst, close extra tabs 🔕"
979,How Am I Feeling,mood,"Psst, rate your day 💭"
980,Nap,sleep,Close your eyes rn 🛌
981,Debug,coding,It's giving LeetCode 🚀
982,Plank,workout,"Hey, hit the gym 💪"
983,Night Journal,journaling,Your sign to fill today's page 📝
984,Date Night,social,"Check on a friend, promise? 📞"
985,Diary,journaling,Quick one: write three lines 📓
986,Interval Run,running,"Chase a new PR, just 5 min 🏃"
987,Coconut Water,hydration,It's giving well-watered 🚰
988,Interval Run,running,Vibe check: go for a short run 👟
989,SIP,finance,"No cap, log your expenses 📈"
990,Therapy Notes,mood,"Check in with yourself, bestie 🌈"
991,20:4 Fast,fasting,Fasting era: unlocked 🍵
992,10 Min Calm,meditation,"Try a body scan, legend 🍃"
993,Brush Teeth,hygiene,Vibe check: take a shower 🪥
994,Strength Training,workout,Workout o'clock! 💪
995,LeetCode,coding,"Refactor one file, please? 🐛"
996,Mental Health Check,mood,Gentle reminder: log how you feel 🌈
997,Hydrate,hydration,"Drink some water, no cap 🥤"
998,10k Steps,walking,"Take a short stroll, please? 🚶"
999,Plant Care,plants,Give them water - you got this 🌱
1000,Repot Plant,plants,POV: you trim dead leaves 🌱
1001,Refill Bottle,hydration,Real talk: drink up 💧
1002,Cardio,workout,POV: you hit the gym 🔥
1003,Self Control,nofap,Real talk: leave your room 👑
1004,Lunch Walk,walking,Walk around the block rn 🌳
1005,Podcast,creative,Real talk: pick up your brush 🎨
1006,Push Day,workout,Ready to sweat? 💪
1007,Brush Teeth,hygiene,Wash your hands and slay 🪥
1008,Sleep Early,sleep,Reminder: dim the lights 🛌
1009,Feed Bird,pets,Take the dog out now 🐶
1010,Mobility,stretching,Roll your neck and slay 🤸
1011,Kindle,reading,"Read for 15 minutes, no cap 🔖"
1012,10 Min Calm,meditation,Small win: sit and breathe 🧘
1013,Digital Purity,noporn,"Hey bestie, close that tab 🌱"
1014,Urge Control,nofap,"Ahem, do 20 pushups instead 👑"
1015,Vocab,practice,Friendly nudge: practice your scales 🌍
1016,Pullups,workout,"Hit the gym, bestie 🥇"
1017,Eat On Time,meal,"Grab some fruit, promise? 🍳"
1018,Interval Run,running,"Hey bestie, do a quick jog 👟"
1019,Low Carb,fasting,Real talk: skip the late snack 🕐
1020,Gardening,plants,"Not to nag, but water the garden 🪴"
1021,Plant Care,plants,Small win: repot one plant 💦
1022,Date Night,social,"Yo, send a voice note 💬"
1023,Hydration,hydration,"Drink a glass of water, bestie 🥤"
1024,Reply Messages,social,Friendship needs watering 🤝
1025,Affirmations,journaling,Small win: write one page 📝
1026,Stretch,stretching,"Not to nag, but stretch your back 🧘"
1027,Running,running,"Run now, nap later 👟"
1028,Goal,other,Tick this off today ⭐
1029,Mobility,stretching,Loosen your shoulders and slay 🤸
1030,Push Day,workout,Flex mode: loading 🔥
1031,Gurbani,prayer,Gentle reminder: give thanks 🙏
1032,Quit Porn,noporn,"Stay clean today, please? 🧠"
1033,Digital Detox,screen_break,Look far for 20 seconds fr 👀
1034,Litter Box,pets,Walk your dog - you got this 🐱
1035,8 Hours Sleep,sleep,Future you says: get into bed 🛌
1036,Check List,other,Complete your goal fr 🙌
1037,No Phone,screen_break,Your screen time is crying 🔌
1038,No Phone,screen_break,"Ahem, blink and look away 👀"
1039,Couch to 5K,running,"Not to nag, but hit the track 👟"
1040,Eat On Time,meal,Eat the rainbow today 🍳
1041,Face Wash,skincare,"Do your skincare, legend 🧴"
1042,Work Block,focus,Quick one: silence your phone ⏳
1043,Sleep by 11,sleep,"Leave your phone outside, bestie 😴"
1044,Porn Free,noporn,You + freedom = iconic 🧠
1045,Web Dev,coding,"Hello hello, fix one bug 🚀"
1046,Catch Up,social,"Plan a catch up, promise? 📞"
1047,Top 3 Tasks,focus,"Block your calendar, please? 🔕"
1048,Eye Break,screen_break,POV: you blink and look away 🔌
1049,Self Help Book,reading,Real talk: open your kindle 🔖
1050,Coding,coding,"Okay legend, solve one problem 🚀"
1051,Speak English,practice,Quick one: keep your Duolingo streak 🎵
1052,CTM Routine,skincare,"Not to nag, but apply moisturizer 🌸"
1053,Shower,hygiene,"Lowkey, brush your teeth 🦷"
1054,To-Do List,focus,"Work for 25 minutes, superstar ⏳"
1055,Write Blog,creative,"Shoot one photo, please? 🎨"
1056,Hydration,hydration,Take a big sip today 🥤
1057,Feed Fish,pets,Feed your pet today 🐶
1058,Mental Health Check,mood,Real talk: do something kind for you 💭
1059,Succulents,plants,Give them sunlight - you got this 💦
1060,Coconut Water,hydration,"Drink a glass of water, please? 💧"
1061,B12,meds,Quick one: take your capsule 💊
1062,Office Work,focus,Productive you is iconic ⏳
1063,No Nut,nofap,Breaking news: stay disciplined 👑
1064,Sugar Free,quit,"Wait ten minutes first, no excuses 🚭"
1065,10 Min Calm,meditation,Take ten deep breaths and slay 🧘
1066,Feed Fish,pets,"Play with your pet, superstar 🐾"
1067,Brisk Walk,walking,Small win: walk for ten minutes 🚶
1068,Walk Dog,pets,"Paws up, food time 🐾"
1069,Painting,creative,It's giving creativity 🎨
1070,Water Plants,plants,Soil dry? 💦
1071,Mindfulness,meditation,"Hey bestie, try a body scan 🧘"
1072,Mouthwash,hygiene,Bright smile loading 🧼
1073,How Am I Feeling,mood,"Yo, rate your day 🫶"
1074,Reply Messages,social,Your friends misses you 📞
1075,No Snacking,fasting,Hold your fast fr 🕐
1076,Pooja,prayer,Blessed and grateful 🙏
1077,Celibacy,nofap,"Psst, redirect your energy 👑"
1078,Quit Porn,noporn,"Okay legend, stay clean today 🧠"
1079,Lunch,meal,"Okay legend, eat a proper dinner 🍳"
1080,Lift Weights,workout,Breaking news: lift something heavy 🔥
1081,Wake at 6,wake,Small win: wake up now ⏰
1082,Refill Bottle,hydration,"Drink some water, please? 🚰"
1083,Pet Care,pets,"Give some cuddles, bestie 🐱"
1084,Rent,finance,Don't ghost your wallet 📈
1085,Self Help Book,reading,"Read for 15 minutes, promise? 🔖"
1086,Hydration,hydration,Vibe check: drink a glass of water 🥤
1087,Plank,workout,"Start your workout, just 5 min 🔥"
1088,Couch to 5K,running,"Psst, chase a new PR 👟"
1089,Lunch Break,meal,Gentle reminder: skip the junk 🥗
1090,Design Practice,creative,Reminder: write a short poem 💡
1091,Ukulele,practice,"No cap, play your scales 🌍"
1092,Gurbani,prayer,Chant your mantra and slay 🕊
1093,Sober,quit,"Skip it today, no excuses 🌿"
1094,Treadmill Run,running,Small win: warm up and jog 💨
1095,Weekly Plan,focus,It's giving focus ⏳
1096,Nap,sleep,Breaking news: dim the lights 😴
1097,Night Brush,hygiene,Reminder: brush for two minutes 🧼
1098,Wake Up Early,wake,"No cap, rise and shine 🐓"
1099,Budget,finance,"Okay legend, check your budget 📈"
1100,Squats,workout,Future you says: train hard today 🥇
1101,Gratitude List,journaling,"Jot down your thoughts, no cap 📓"
1102,Audiobook,reading,Bookworm mode: ON 🔖
1103,Post-dinner Walk,walking,"No cap, stretch your legs 🌳"
1104,Mock Test,studying,"No cap, make your notes 📚"
1105,Painting,creative,POV: you write one paragraph 🎬
1106,CTM Routine,skincare,Vibe check: finish your routine 🧴
1107,No Porn,noporn,"Close that tab, bestie 🌱"
1108,Evening Stretch,stretching,Your back will thank you 🧘
1109,Glass of Water,hydration,"Drink up, no excuses 🥤"
1110,Vocab,practice,"Practice for 15 minutes, superstar 🎵"
1111,Morning Pill,meds,Real talk: take your vitamins 💊
1112,Read 10 Pages,reading,"Yo, open your kindle 🔖"
1113,New Habit,other,Vibe check: complete your goal ✅
1114,Assignment,studying,Reminder: study one chapter 🎓
1115,Vitamins,meds,"Lowkey, take today's dose 💊"
1116,Date Night,social,Plot twist: check on a friend 💬
1117,Coconut Water,hydration,"Lowkey, fill up your bottle 🥤"
1118,Posture Check,stretching,Small win: do a sun salutation 🧘
1119,Self Care,mood,Quick one: take a deep breath 🫶
1120,NoFap,nofap,"Try a cold shower, legend 👑"
1121,Singing,practice,Real talk: play your scales 🎸
1122,Office Work,focus,Finish one task and slay 🎯
1123,Kindle,reading,Gentle reminder: pick up your book 🔖
1124,Evening Run,running,"Hit the track, no cap 🏃"
1125,Grooming,hygiene,Main character move: trim your nails 🦷
1126,Dance Practice,practice,"Do your lesson, no cap 🌍"
1127,20 Pages,reading,Open your book rn 📖
1128,Pomodoro,focus,Finish one task now 🎯
1129,Wake at 6,wake,Small win: open the curtains 🐓
1130,Flashcards,studying,"Review your flashcards, please? 📝"
1131,Sleep by 11,sleep,"Switch off the lights, legend 🛌"
1132,Abs,workout,"Train hard today, no excuses 🥇"
1133,Exam Prep,studying,"Solve ten questions, promise? 🎓"
1134,5000 Steps,walking,"Step outside, legend 👟"
1135,Morning Walk,walking,"Hey, go around the park 🌳"
1136,Save Money,finance,"Psst, review your spending 💸"
1137,Mantra,prayer,Say your prayers - you got this 🪔
1138,Codeforces,coding,"Hey bestie, write some code 💻"
1139,Eat Fruit,meal,Hungry? 🥗
1140,Walk,walking,Fresh air is free 🚶
1141,Savings Goal,finance,"Psst, check your SIP 💰"
1142,Leg Day,workout,Quick one: move that body 🔥
1143,Check List,other,"Tick this off, promise? ⭐"
1144,Porn Free,noporn,Mind detox in progress 🌱
1145,NoPorn,noporn,"Hey, close that tab 🌱"
1146,Call Family,social,Love them loudly 🤝
1147,Retention,nofap,"Stay busy today, no cap 👑"
1148,Pullups,workout,Quick one: warm up and go 🥇
1149,Abs,workout,"Get your sweat on, just 5 min 💪"
1150,Craft,creative,"Lowkey, write for ten minutes 🎬"
1151,Keto,fasting,Quick one: stay in the fast 🍵
1152,Pilates,stretching,Reminder: flow for ten minutes 🤸
1153,Web Dev,coding,Practice one algorithm and slay 🚀
1154,Daily Problem,coding,"Hey bestie, push a commit 💻"
1155,Therapy Notes,mood,"No cap, take a deep breath 🌈"
1156,Feed Dog,pets,Gentle reminder: play with your pet 🐶
1157,Call Family,social,Vibe check: plan a catch up 📞
1158,20 Pages,reading,Your sign to read before bed 📖
1159,CTM Routine,skincare,"Hey bestie, do your skincare 🌸"
1160,Litter Box,pets,"Hey bestie, feed your pet 🐾"
1161,Take Medicine,meds,"Check your meds, bestie 💊"
1162,Supplements,meds,Take your pills rn 💊
1163,Network,social,Vibe check: call your dad 💬
1164,Protein Intake,meal,Your tummy is texting you 🍲
1165,Steps Goal,walking,"Okay legend, walk around the block 👟"
1166,Quit Porn,noporn,"Psst, keep your clean streak alive 🚫"
1167,Dinner,meal,"Eat something healthy, no excuses 🍲"
1168,Dance Practice,practice,Do your lesson fr 🎸
1169,Codeforces,coding,"Psst, fix one bug 🐛"
1170,18:6 Fast,fasting,"Ahem, keep the kitchen closed 🕐"
1171,Flexibility,stretching,Roll out your mat today 🧘
1172,Morning Run,running,Start your run - you got this 🏃
1173,Office Work,focus,Start a focus block today ⏳
1174,Lab Record,studying,"Finish your assignment, please? 📚"
1175,Weekly Plan,focus,"Lowkey, plan your day 🎯"
1176,Run 5K,running,"Lowkey, jog for 15 minutes 👟"
1177,Mood Check,mood,"No cap, write one feeling 🫶"
1178,Call Parents,social,"Check on your people, bestie 📞"
1179,No Junk Food,meal,"Hey bestie, prep a healthy meal 🥗"
1180,Succulents,plants,Water your plants today 💦
1181,No Social Media,screen_break,"Look far for 20 seconds, no cap 📵"
1182,Sprint Training,running,"Run at easy pace, superstar 👟"
1183,Journal,journaling,"Reflect, don't regret 📓"
1184,Pullups,workout,Your couch is not a gym 🥇
1185,Play with Dog,pets,Okay but food bowl? 🐶
1186,Night Journal,journaling,"Write one page, promise? 📓"
1187,Routine,other,Reminder: make progress today ⭐
1188,Serum,skincare,Breaking news: oil your hair 🧴
1189,Poetry,creative,Ideas need a home 🎨
1190,Celibacy,nofap,"Not to nag, but stay disciplined 🔒"
1191,Less Caffeine,quit,POV: you skip it today 🌿
1192,Treadmill Run,running,Breaking news: lace up and run 💨
1193,Lunch Break,meal,Vibe check: eat slowly today 🍲
1194,Phone Free Dinner,screen_break,"Close the reels, just 5 min 🔌"
1195,Retention,nofap,"Psst, go for a walk now 🧠"
1196,Wake Up Early,wake,Reminder: start your morning 🌅
1197,Pull Day,workout,"Train hard today, no cap 🥇"
1198,Morning Water,hydration,Breaking news: drink up 💧
1199,Pooja,prayer,"Hello hello, chant your mantra 🕊"
1200,Interval Run,running,"Okay legend, warm up and jog 💨"
1201,BP Tablet,meds,Plot twist: pop your supplement ⏰
1202,Reply Messages,social,"Family, then chill 🤝"
1203,Mood Log,mood,Be gentle with yourself now 💭
1204,Web Dev,coding,Code is calling 🚀
1205,Water Plants,plants,"Turn your pots, superstar 🌱"
1206,Work Block,focus,Block your calendar and slay ⏳
1207,No Soda,quit,"Lowkey, breathe through the craving 🌿"
1208,Sketch,creative,Edit your video fr 🎨
1209,Morning Routine,wake,"Open the curtains, please? 🌅"
1210,Night Brush,hygiene,"Trim your nails, just 5 min 🧼"
1211,JEE Prep,studying,"Start a pomodoro, bestie 📚"
1212,IMD Diet,fasting,Eat a protein-rich meal fr 🕐
1213,Mental Health Check,mood,Vibe check: take a deep breath 🌈
1214,8 Hours Sleep,sleep,"Take a power nap, no cap 🛌"
1215,No Doomscrolling,screen_break,Your sign to close the reels 👀
1216,Night Routine,skincare,Skincare era starts now 🌸
1217,Run 3 KM,running,"Jog for 15 minutes, please? 👟"
1218,Stretch,stretching,"Flow for ten minutes, please? 🧘"
1219,Walk Dog,pets,"Lowkey, brush your pet 🐱"
1220,Reflect,journaling,"Hello hello, write one gratitude 📝"
1221,Kitchen Clean,chores,"Wipe the table, bestie 🧽"
1222,Clean Mind,noporn,Plot twist: splash cold water 🌱
1223,Eat Fruit,meal,Breaking news: eat your breakfast 🍳
1224,Eat On Time,meal,"Eat your breakfast, superstar 🍳"
1225,Guitar Practice,practice,Vibe check: learn five new words 🎵
1226,Pills,meds,Vibe check: take today's dose ⏰
1227,Savings Goal,finance,Quick one: pay your bills 📈
1228,Walk Dog,pets,"Hey, feed your dog 🐶"
1229,Vitamins,meds,Gentle reminder: check your meds ⏰
1230,5AM Club,wake,"Ahem, put your feet down 🐓"
1231,Discipline Streak,nofap,Okay but Your NoFap streak? 👑
1232,Hair Oil,skincare,"Hey bestie, put on sunscreen ✨"
1233,Save Money,finance,"Ahem, update your budget 💰"
1234,Eat On Time,meal,Eat a proper dinner and slay 🍳
1235,Omega 3,meds,Small win: take it with water ⏰
1236,Flashcards,studying,Future you says: study one chapter 📚
1237,Quit Porn,noporn,"Yo, delete the trigger 🚫"
1238,Pranayama,meditation,Take ten deep breaths today 🍃
1239,EMI,finance,Impulse buy? 💸
1240,Pooja,prayer,Your sign to read one verse 🕊
1241,Sketch,creative,"Make something new, no cap 🎬"
1242,Namaz,prayer,A moment of gratitude 🪔
1243,Track Expenses,finance,Friendly nudge: skip one impulse buy 💸
1244,Calisthenics,workout,Okay but gym? 🥇
1245,Couch to 5K,running,Your sign to jog for 15 minutes 💨
1246,No NSFW,noporn,Small win: block that site 🧠
1247,Manga,reading,"Lowkey, finish a chapter 📖"
1248,Discipline Streak,nofap,You + self control = iconic 🔒
1249,Healthy Snack,meal,Breaking news: fuel your body 🥗
1250,Mouthwash,hygiene,Trim your nails fr 🪥
1251,Build App,coding,Solve one problem and slay 💻
1252,Lecture Review,studying,"Study for 25 minutes, no excuses 📝"
1253,Revision,studying,"Solve ten questions, superstar 📝"
1254,Morning Pill,meds,"Take it with water, just 5 min 💊"
1255,No Nut,nofap,"Redirect your energy, just 5 min 👑"
1256,Retention,nofap,"Go for a walk now, superstar 🔒"
1257,IF,fasting,"Hey, keep the kitchen closed 🕐"
1258,Top 3 Tasks,focus,"Work for 25 minutes, no cap 🎯"
1259,Mood Check,mood,Don't ghost your mood 🫶
1260,Gratitude List,journaling,"Write one gratitude, no cap 📓"
1261,Diet,fasting,"Lowkey, close your eating window 🥑"
1262,Personal Goal,other,Your sign to get it done ✅
1263,Creatine,meds,Small win: take your vitamins 💊
1264,Track Expenses,finance,Saved today? 💸
1265,Mock Test,studying,Gentle reminder: study one chapter 📚
1266,Calisthenics,workout,"Ahem, hit the gym 🔥"
1267,No Snacking,fasting,"Hold your fast, just 5 min 🕐"
1268,Practice Habit,other,Your habit misses you ⭐
1269,Meditate,meditation,Small win: try a body scan 🧘
1270,Worship,prayer,Reminder: light a candle 🙏
1271,NoPorn,noporn,Your clean streak misses you 🧠
1272,Omega 3,meds,POV: medicine time ⏰
1273,Less Caffeine,quit,Fresh air > fresh pack 💚
1274,Reflect,journaling,Quick one: write in your journal 💭
1275,Pills,meds,"Swallow, sip, smile 💊"
1276,NoPorn,noporn,POV: freedom time 🌱
1277,No Nut,nofap,"Try a cold shower, superstar 👑"
1278,Pet Care,pets,Future you says: walk your dog 🐶
1279,Meal Prep,meal,Vibe check: grab some fruit 🍲
1280,Phone Free Dinner,screen_break,"Yo, close the reels 🔌"
1281,Office Work,focus,"Plan your day, legend 🔕"
1282,Bath,hygiene,Brush for two minutes and slay 🧼
1283,New Habit,other,"Do it right now, legend ✅"
1284,Bath,hygiene,Vibe check: take a cold shower 🦷
1285,Quit Porn,noporn,"Delete the trigger, bestie 🧠"
1286,Revision,studying,Open your notes fr 🎓
1287,Read Gita,prayer,Reminder: read one verse 🙏
1288,Thyroid Tablet,meds,"Yo, pop your supplement ⏰"
1289,Call Parents,social,"Plan a catch up, just 5 min 💬"
1290,B12,meds,"Take your medicine, please? ⏰"
1291,Reflect,journaling,"Lowkey, write one page 💭"
1292,Sun Salutation,stretching,"Not to nag, but hold child's pose 🧘"
1293,Vacuum,chores,"Make your bed, promise? 🧽"
1294,Iron Clothes,chores,"Okay legend, start the laundry 🧽"
1295,18:6 Fast,fasting,Vibe check: skip the late snack 🥑
1296,Piano,practice,"Learn one new phrase, no excuses 🌍"
1297,Laundry,chores,"No cap, wipe the table 🧺"
1298,Journal,journaling,Write three lines rn 💭
1299,Check Bank,finance,Plot twist: skip one impulse buy 💸
1300,Eat Veggies,meal,"Hey, eat something healthy 🍲"
1301,Notes,studying,Syllabus won't finish itself 📝
1302,Call Grandma,social,"Good vibes, good tribe 📞"
1303,Plank,workout,Quick one: train hard today 🔥
1304,Bible Reading,prayer,"Prayer, then chill 🕊"
1305,Network,social,"Reply to messages, bestie 💬"
1306,Feel Good,mood,"Do something kind for you, no cap 🌈"
1307,Gratitude,journaling,Reminder: write one page 📓
1308,Routine,other,Don't leave your streak on read ⭐
1309,Brunch,meal,"Prep a healthy meal, superstar 🥗"
1310,Habit,other,Gentle reminder: finish it today 🙌
1311,Play with Dog,pets,Real talk: give some cuddles 🐶
1312,Park Walk,walking,"Psst, walk for ten minutes 👟"
1313,No Late Nights,sleep,"Leave your phone outside, promise? 🛌"
1314,Vet Visit,pets,Main character move: feed your dog 🐾
1315,Self Help Book,reading,Read ten pages - you got this 📖
1316,20-20-20,screen_break,"Psst, close the reels 🔌"
1317,No PMO,nofap,"Sigma grindset, minus the cringe 🧠"
1318,Walk Dog,pets,Your sign to clean the litter box 🐱
1319,New Habit,other,"Get it done, please? ✅"
1320,Organize Desk,chores,Breaking news: start the laundry 🧹
1321,Notes,studying,"Lowkey, finish your assignment 📝"
1322,Succulents,plants,"Check the soil, legend 🌱"
1323,Hydrate,hydration,Sip sip hooray 🚰
1324,Read News,reading,Your sign to read one chapter 🔖
1325,No Sugar,quit,"Wait out the craving, just 5 min 🌿"
1326,Phone Free Dinner,screen_break,Blink and look away fr 👀
1327,No Alcohol,quit,Vibe check: choose the healthy swap 💚
1328,Diary,journaling,"Hey bestie, write one page 📝"
1329,Plank,workout,POV: gym time 🥇
1330,Reflect,journaling,"Psst, write your affirmations 📓"
1331,Vocab,practice,"Psst, learn five new words 🎵"
1332,Water Plants,plants,Future you says: repot one plant 🌱
1333,Exam Prep,studying,Start a pomodoro fr 📚
1334,Morning Pages,journaling,Write a brain dump fr 📝
1335,Meditate,meditation,Find your calm - you got this 🍃
1336,Feel Good,mood,Small win: check in with yourself 🫶
1337,Worship,prayer,Reminder: chant for 5 minutes 🪔
1338,Content Creation,creative,Shoot one photo - you got this 💡
1339,50 Pushups,workout,"Ahem, hold a plank 🥇"
1340,No Late Nights,sleep,"Hey bestie, go to bed 🌙"
1341,Refill Bottle,hydration,Drink up rn 💧
1342,Doodle,creative,"Draw something small, please? 🎬"
1343,Design Practice,creative,Breaking news: work on your project 🎬
1344,Call Grandma,social,"No cap, send a voice note 📞"
1345,Hot Girl Walk,walking,"Lace up and walk, no cap 🚶"
1346,Exam Prep,studying,Notes ready? 📝
1347,Make Bed,chores,"Psst, load the washing machine 🧺"
1348,Write Blog,creative,Write for ten minutes rn 🎬
1349,SIP,finance,Small win: log your expenses 💸
1350,10 Min Calm,meditation,Breaking news: find your calm 🌿
1351,DSA,coding,"Okay legend, push a commit 🚀"
1352,Bible Reading,prayer,Your soul says hi 🕊
1353,Quit Vaping,quit,Reminder: wait out the craving 🚭
1354,No Snooze,wake,Open the curtains today 🌅
1355,My Task,other,Done yet? 🙌
1356,No Social Media,screen_break,"Psst, look far for 20 seconds 👀"
1357,Night Brush,hygiene,Floss is boss 🦷
1358,Write Story,creative,Your sign to write one paragraph 🎬
1359,Call Dad,social,Reminder: plan a catch up 🤝
1360,No NSFW,noporn,Delete the trigger fr 🌱
1361,Date Night,social,Catch up over coffee 📞
1362,Personal Goal,other,"Not to nag, but finish it today ✅"
1363,Intermittent Fasting,fasting,The diet needs you now 🕐
1364,Insulin,meds,"Take your tablet, just 5 min ⏰"
1365,Keto,fasting,Breaking news: skip the late snack 🕐
1366,Feed Fish,pets,"Hey bestie, play with your pet 🐶"
1367,Poetry,creative,"Lowkey, brainstorm one idea 🎨"
1368,20 Pages,reading,Quick one: finish a chapter 📚
1369,Gardening,plants,"Grow, baby, grow 💦"
1370,Thyroid Tablet,meds,Friendly nudge: take your pills ⏰
1371,Deep Work,focus,"Focus time? Yes, now. ⏳"
1372,Top 3 Tasks,focus,"Do your top task, promise? ⏳"
1373,Night Journal,journaling,Write one page now 📝
1374,Wake Up Early,wake,"Get up now, no cap ⏰"
1375,Quit Vaping,quit,"Okay legend, say no today 💚"
1376,No Sugar,quit,"Hey bestie, skip the smoke break 🚭"
1377,Morning Routine,wake,You + morning = iconic 🌅
1378,Reflect,journaling,POV: you note your wins 📓
1379,Less TikTok,screen_break,"Close the reels, superstar 📵"
1380,Vacuum,chores,"Hey, start the laundry 🧽"
1381,Iron Clothes,chores,Future you says: make your bed 🧽
1382,Urge Control,nofap,"Lowkey, stay strong today 👑"
1383,Omega 3,meds,"Have your supplement, just 5 min 💊"
1384,Posture Check,stretching,"Do a quick stretch, bestie 🤸"
1385,Lab Record,studying,"Study time, then chill 🎓"
1386,Mouthwash,hygiene,"Trim your nails, bestie 🪥"
1387,To-Do List,focus,Small win: focus for 25 minutes ⏳
1388,Stretch,stretching,"Touch your toes, please? 🤸"
1389,Digital Detox,screen_break,Look far for 20 seconds now 🔌
1390,Read Novel,reading,Read one chapter now 📚
1391,Log Expenses,finance,Check your budget rn 💰
1392,Lights Off,sleep,"Yo, start winding down 😴"
1393,Piano,practice,POV: you keep your Duolingo streak 🎸
1394,Herb Garden,plants,"Water the garden, bestie 🪴"
1395,Water Plants,plants,"Turn your pots, bestie 🌱"
1396,Brisk Walk,walking,Gentle reminder: take a quick walk 🚶
1397,Read Novel,reading,"One chapter, then dreams 📖"
1398,Brush Teeth,hygiene,Friendly nudge: take a cold shower 🦷
1399,Morning Pages,journaling,POV: you fill today's page 💭
1400,Vocab,practice,"Hey, finish one lesson 🎵"
1401,Learn Spanish,practice,"Hello hello, practice for 15 minutes 🌍"
1402,Pullups,workout,"Yo, warm up and go 🥇"
1403,Save Money,finance,"Hello hello, review your spending 📈"
1404,French,practice,Your instrument is waiting 🎸
1405,Calorie Deficit,fasting,"Psst, stay in the fast 🍵"
1406,Steps Goal,walking,Vibe check: hit your step goal 👟
1407,18:6 Fast,fasting,Okay but fasting? 🍵
1408,Design Practice,creative,Make something today 💡
1409,Weekly Plan,focus,Main character move: plan your day ⏳
1410,Take Medicine,meds,Take your medicine rn ⏰
1411,Thyroid Tablet,meds,Reminder: take your vitamins 💊
1412,Scalp Care,skincare,Quick one: wash your face 🌸
1413,Quit Smoking,quit,"Wait ten minutes first, promise? 🚭"
1414,Feed Bird,pets,Kitty wants dinner 🐾
1415,Personal Goal,other,"Okay legend, finish your task 🙌"
1416,Lunch,meal,Mindful bites only 🥗
1417,Sunscreen,skincare,Real talk: apply moisturizer 🧴
1418,EMI,finance,"Note today's spending, no cap 💰"
1419,Content Creation,creative,Vibe check: write one paragraph 💡
1420,EMI,finance,"Lowkey, log your expenses 📈"
1421,Learn Spanish,practice,"No cap, practice for 15 minutes 🎸"
1422,Home Workout,workout,"Crush one set, legend 💪"
1423,8 Hours Sleep,sleep,"Hey, dim the lights 🌙"
1424,Digital Detox,screen_break,"Put your phone away, superstar 👀"
1425,No Doomscrolling,screen_break,"Look far for 20 seconds, legend 🔌"
1426,Morning Meditation,meditation,Breathe in the good 🧘
1427,Network,social,Reminder: check on your people 📞
1428,Piano,practice,Quick one: pick up your instrument 🎸
1429,Mental Health Check,mood,Small win: take a deep breath 💭
1430,Dance Practice,practice,Finish one lesson fr 🎸
1431,Sketch,creative,"One idea, one page 🎬"
1432,Pet Care,pets,Your sign to give a treat 🐱
1433,Nicotine Free,quit,Don't ghost your quit streak 🚭
1434,Declutter,chores,"Laundry, then chill 🧽"
1435,Draw,creative,"Hello hello, write a short poem 🎨"
1436,Vet Visit,pets,Breaking news: brush your pet 🐶
1437,Gratitude List,journaling,Plot twist: list three good things 📓
1438,Chest Day,workout,It's giving workout 💪
1439,Jog,running,Main character move: lace up and run 👟
1440,Pooja,prayer,"Give thanks, promise? 🕊"
1441,NoPorn,noporn,"Stay free today, superstar 🌱"
1442,Manga,reading,"No cap, move your bookmark 🔖"
1443,Morning Pages,journaling,"Write a brain dump, no excuses 📝"
1444,Balcony Garden,plants,Give them sunlight and slay 💦
1445,Chest Day,workout,"Warm up and go, no excuses 🔥"
1446,Pull Day,workout,"Yo, get your sweat on 🥇"
1447,Hot Girl Walk,walking,Walk around the block fr 🚶
1448,Read Before Bed,reading,"Open your book, just 5 min 📚"
1449,Clean Mind,noporn,Vibe check: call a friend instead 🌱
1450,Less TikTok,screen_break,"Blink and look away, no cap 👀"
1451,Worship,prayer,"Lowkey, light a candle 🙏"
1452,Plank,workout,Small win: start your workout 💪
1453,Meditation,meditation,Meditation > excuses 🍃
1454,100 Days of Code,coding,"Solve a LeetCode problem, promise? 🚀"
1455,Call Dad,social,Reminder: text a friend 🤝
1456,Painting,creative,Reminder: pick up your brush 🎬
1457,Yoga,stretching,Flow for ten minutes now 🧘
1458,Temple Visit,prayer,Sit in prayer now 🙏
1459,Run 3 KM,running,Friendly nudge: go for a run 🏃
1460,GATE Prep,studying,Not a drill: revision time 🎓
1461,Craft,creative,"Psst, make something new 💡"
1462,Workout,workout,"Hello hello, hit the gym 💪"
1463,Photography,creative,Breaking news: brainstorm one idea 🎬
1464,Pooja,prayer,Peace begins within 🙏
1465,Push Day,workout,Friendly nudge: do a quick workout 🔥
1466,Vet Visit,pets,Small win: refill the food bowl 🐶
1467,Vet Visit,pets,"Brush your pet, please? 🐶"
1468,Revision,studying,"Yo, study one chapter 📚"
1469,Take Medicine,meds,"Lowkey, take your dose ⏰"
1470,Morning Meditation,meditation,"Lowkey, close your eyes and breathe 🌿"
1471,Check In,mood,"Lowkey, do something kind for you 🌈"
1472,Workout,workout,Hold a plank rn 🥇
1473,Sketch,creative,Brainstorm one idea and slay 🎨
1474,Breakfast,meal,Real talk: have lunch now 🥗
1475,Guitar Practice,practice,Vibe check: finish one lesson 🎵
1476,Flexibility,stretching,Quick one: stretch for 5 minutes 🤸
1477,Focus Session,focus,POV: deep work time 🎯
1478,Eat Breakfast,meal,Grab some fruit and slay 🥗
1479,Feed Dog,pets,"Hello hello, walk your dog 🐱"
1480,Call Grandma,social,"Call your dad, no cap 🤝"
1481,5000 Steps,walking,"Walk for ten minutes, bestie 🌳"
1482,Meet Friends,social,Your friends is calling 🤝
1483,Drums,practice,"Practice your scales, no cap 🎵"
1484,Pomodoro,focus,Focus is your superpower 🔕
1485,Daily Goal,other,Friendly nudge: do it right now 🙌
1486,Debug,coding,Coffee + code = magic 💻
1487,Pooja,prayer,Read one verse now 🕊
1488,Call Grandma,social,"Hello hello, send a voice note 💬"
1489,Check In,mood,POV: self care time 💭
1490,Eat Breakfast,meal,Add some protein rn 🍲
1491,Temple Visit,prayer,"Chant your mantra, superstar 🙏"
1492,Evening Stretch,stretching,"Ahem, fix your posture 🤸"
1493,Wake at 6,wake,Wake up now and slay ⏰
1494,Screen Break,screen_break,"Screen time time? Yes, now. 🔌"
1495,Write Blog,creative,Gentle reminder: make something new 🎨
1496,Drink 8 Glasses,hydration,Your body is a plant. Water it 🥤
1497,Retention,nofap,Vibe check: do 20 pushups instead 🧠
1498,Neck Stretch,stretching,"Do a sun salutation, superstar 🧘"
1499,5AM Club,wake,Plot twist: splash some water 🐓
1500,Dance Practice,practice,"Lowkey, learn one new phrase 🌍"
1501,Walk Dog,pets,Main character move: feed your cat 🐱
1502,100 Days of Code,coding,Quick one: fix one bug 💻
1503,Clean Room,chores,Real talk: fold your clothes 🧽
1504,Gurbani,prayer,"Ahem, do your pooja 🕊"
1505,B12,meds,Reminder: have your supplement 💊
1506,DSA,coding,POV: you solve a LeetCode problem 🐛
1507,Pilates,stretching,Stretch your back now 🤸
1508,Poetry,creative,"Sketch for 10 minutes, no cap 💡"
1509,Night Brush,hygiene,Main character move: use mouthwash 🧼
1510,Audiobook,reading,Reading tonight? 🔖
1511,Pet Care,pets,"Fill the water bowl, just 5 min 🐾"
1512,Gratitude,journaling,Write in your journal and slay 💭
1513,Meet Friends,social,Future you says: send a voice note 🤝
1514,Walk Dog,pets,Play with your pet fr 🐱
1515,Healthy Meal,meal,Quick one: eat slowly today 🥗
1516,No Soda,quit,"Hello hello, choose the healthy swap 💚"
1517,Meditation,meditation,Plot twist: meditate for 5 minutes 🌿
1518,No Soda,quit,"Hey, skip the smoke break 🚭"
1519,Jogging,running,"Go for a run, just 5 min 💨"
1520,Self Help Book,reading,"Psst, continue your story 📚"
1521,No Spend Day,finance,Plot twist: save a little today 💸
1522,Pranayama,meditation,"Take ten deep breaths, please? 🌿"
1523,Running,running,Your sign to hit the track 🏃
1524,Lights Off,sleep,Future you says: take a power nap 🌙
1525,Ukulele,practice,"Learn five new words, promise? 🌍"
1526,3 Good Things,journaling,Reminder: fill today's page 💭
1527,Hair Oil,skincare,"Not to nag, but pamper your skin ✨"
1528,Early Riser,wake,"The world is waiting, get up 🌅"
1529,No PMO,nofap,Go to the gym instead fr 👑
1530,Catch Up,social,"Reply to messages, no excuses 📞"
1531,Exam Prep,studying,"Study for 25 minutes, please? 🎓"
1532,Feed Bird,pets,Give some cuddles fr 🐶
1533,Lunch Break,meal,Have your meal fr 🍲
1534,Draw,creative,"Ahem, draw something small 💡"
1535,Chess Puzzle,practice,"Hey bestie, play your scales 🎵"
1536,Build App,coding,Reminder: write one function 🐛
1537,Edit Video,creative,"No cap, pick up your brush 💡"
1538,Wake Up Early,wake,"Yo, start your morning 🐓"
1539,Feel Good,mood,"Be gentle with yourself, bestie 💭"
1540,Read Before Bed,reading,Your sign to finish a chapter 📖
1541,Walk 30 Min,walking,"No cap, step outside 🚶"
1542,Coconut Water,hydration,"Ahem, chug some water 🥤"
1543,DSA,coding,Plot twist: finish one feature 🐛
1544,Homework,studying,"Lowkey, open your notes 📚"
1545,Exercise,workout,"Warm up and go, just 5 min 🔥"
1546,Sleep Early,sleep,Bedtime > excuses 🌙
1547,Morning Prayer,prayer,"Hello hello, say a short prayer 🕊"
1548,Self Care,mood,Real talk: name your feeling 💭
1549,Goal,other,"No cap, you can do this 🙌"
1550,Content Creation,creative,Plot twist: work on your project 🎨
1551,Unplug,screen_break,"Hey bestie, put your phone away 🔌"
1552,Morning Routine,wake,"Hey, get out of bed 🌅"
1553,Take Medicine,meds,"No cap, check your meds ⏰"
1554,Water Goal,hydration,One glass. Right now. 🥤
1555,No Alcohol,quit,Reminder: say no today 💚
1556,Run 3 KM,running,Every run counts 🏃
1557,Flowers,plants,Quick one: check the soil 💦
1558,Reply Messages,social,"Call your mom, just 5 min 🤝"
1559,Morning Routine,wake,"Yo, turn off the alarm 🌅"
1560,100 Days of Code,coding,"Yo, push a commit 💻"
1561,Feed Cat,pets,"Refill the food bowl, no excuses 🐶"
1562,Early to Bed,sleep,Breaking news: close your eyes 🛌
1563,Box Breathing,meditation,Find your calm rn 🧘
1564,Push Day,workout,Be stronger than your excuses 🥇
1565,Wind Down,sleep,Small win: say good night 🌙
1566,Top 3 Tasks,focus,Your sign to clear your inbox 🎯
1567,Neck Stretch,stretching,Reminder: touch your toes 🧘
1568,Gratitude,journaling,Real talk: reflect on today 📝
1569,Diet Plan,fasting,Vibe check: eat a protein-rich meal 🕐
1570,Log Expenses,finance,"Small savings, big dreams 💸"
1571,Jog,running,Quick one: go for a run 👟
1572,Discipline Streak,nofap,Plot twist: leave your room 🔒
1573,Brunch,meal,Small win: add some protein 🥗
1574,IMD,fasting,Hold your fast and slay 🥑
1575,Date Night,social,Family era starts now 🤝
1576,Healthy Snack,meal,Friendly nudge: have lunch now 🥗
1577,No Late Nights,sleep,"Hey, switch off the lights 🛌"
1578,Top 3 Tasks,focus,Clear your inbox - you got this 🔕
1579,Groceries,chores,POV: you clean the kitchen 🧽
1580,Pet Care,pets,Quick one: feed your pet 🐱
1581,Sketch,creative,"Pick up your brush, bestie 💡"
1582,Emotions,mood,"Name your feeling, legend 🫶"
1583,Eat Salad,meal,Your sign to fuel your body 🍲
1584,Reflect,journaling,Write your affirmations today 💭
1585,Hair Serum,skincare,Breaking news: wash your face ✨
1586,Work Block,focus,"Plan your day, superstar 🎯"
1587,Nicotine Free,quit,"Say no today, legend 💚"
1588,Morning Pages,journaling,"Psst, fill today's page 💭"
1589,Pilates,stretching,"Hey bestie, roll out your mat 🧘"
1590,Feed Bird,pets,Walk your dog now 🐱
1591,Mock Test,studying,"Psst, solve a mock test 🎓"
1592,Glass of Water,hydration,Thirsty much? 🚰
1593,Diet,fasting,"Break your fast gently, just 5 min 🕐"
1594,Flowers,plants,"No cap, water your plants 💦"
1595,Lights Off,sleep,Don't leave your pillow on read 🌙
1596,Hydration,hydration,Hydrate or diedrate 💧
1597,Pomodoro,focus,"Clear your inbox, no cap 🎯"
1598,Kotlin Practice,coding,"Hey, solve one problem 💻"
1599,Violin,practice,"Learn five new words, no cap 🎸"
1600,Singing,practice,"No cap, practice your scales 🎸"
1601,Urge Control,nofap,"Self control time? Yes, now. 🧠"
1602,Pet Care,pets,Gentle reminder: give some cuddles 🐱
1603,Typing Practice,practice,POV: you learn one new phrase 🌍
1604,Rise and Shine,wake,Reminder: get up now 🌅
1605,Self Care,mood,"Hey, be gentle with yourself 🌈"
1606,Early to Bed,sleep,"Hey, get into bed 🌙"
1607,Run 3 KM,running,"Hey bestie, run one easy km 💨"
1608,Codeforces,coding,Breaking news: push a commit 🐛
1609,Study,studying,"Study smart, not scared 🎓"
1610,Side Project,coding,You + code = iconic 🐛
1611,Early to Bed,sleep,"Leave your phone outside, superstar 😴"
1612,Mood Check,mood,Gentle reminder: log your mood 🌈
1613,No Distractions,focus,"No cap, close extra tabs 🔕"
1614,Write Story,creative,Gentle reminder: write a short poem 💡
1615,Check List,other,"Tick this off, bestie 🙌"
1616,Sleep Early,sleep,Vibe check: take a power nap 🛌
1617,No Sugar,quit,Wait ten minutes first today 💚
1618,Kindle,reading,Friendly nudge: move your bookmark 📚
1619,Clean Room,chores,Start the laundry today 🧽
1620,Yoga,stretching,Touch your toes rn 🤸
1621,Nap,sleep,"Start winding down, just 5 min 😴"
1622,Journal,journaling,Jot down your thoughts and slay 📝
1623,Evening Stretch,stretching,Fix your posture - you got this 🧘
1624,Laundry,chores,"Hello hello, put things back 🧺"
1625,Take Out Trash,chores,You + laundry = iconic 🧺
1626,Log Expenses,finance,"Psst, note today's spending 💸"
1627,100 Days of Code,coding,Friendly nudge: code for 30 minutes 🐛
1628,Budget,finance,Move money to savings fr 💸
1629,Declutter,chores,"No cap, start the laundry 🧹"
1630,Lab Record,studying,Vibe check: revise one topic 🎓
1631,Mock Test,studying,Study session? 🎓
1632,No Snooze,wake,"Ahem, splash some water ⏰"
1633,Urge Control,nofap,Keep the crown on 👑
1634,Top 3 Tasks,focus,"Ahem, write your to-do list 🎯"
1635,Yoga,stretching,Breaking news: touch your toes 🧘
1636,Weekly Plan,focus,"Lowkey, do your top task 🔕"
1637,Task A,other,Complete your goal and slay ✅
1638,Kindle,reading,"Finish a chapter, superstar 📖"
1639,Night Routine,skincare,"Yo, massage your scalp 🌸"
1640,Couch to 5K,running,Plot twist: start your run 🏃
1641,Calorie Deficit,fasting,"Ahem, drink water, not snacks 🍵"
1642,Keto,fasting,"Start your fast now, no excuses 🍵"
1643,Sun Salutation,stretching,Your mat needs you now 🤸
1644,DSA,coding,Solve one problem now 🐛
1645,Hydration,hydration,"Lowkey, take five sips 🥤"
1646,Stroll,walking,Friendly nudge: stretch your legs 👟
1647,Debug,coding,Quick one: write one function 🚀
1648,Chess Puzzle,practice,"Little daily, big fluency 🌍"
1649,Bath,hygiene,"No cap, brush your teeth 🪥"
1650,Repot Plant,plants,"Ahem, give them water 💦"
1651,No Doomscrolling,screen_break,"Yo, blink and look away 👀"
1652,Call Mom,social,POV: you message a friend 📞
1653,Emotions,mood,"Log your mood, please? 💭"
1654,Wind Down,sleep,"Yo, switch off the lights 🌙"
1655,Exam Prep,studying,"Make your notes, please? 🎓"
1656,Rise and Shine,wake,Friendly nudge: rise and shine ⏰
1657,SPF,skincare,Pamper your skin fr 🌸
1658,Feed Dog,pets,Friendly nudge: feed your pet 🐶
1659,Morning Run,running,POV: you chase a new PR 🏃
1660,Learn Python,coding,Breaking news: fix one bug 🐛
1661,SPF,skincare,Gentle reminder: do your skincare ✨
1662,Log Expenses,finance,"Psst, skip one impulse buy 💸"
1663,Hair Serum,skincare,"Ahem, finish your routine 🧴"
1664,Pranayama,meditation,Your breath is calling 🌿
1665,IF,fasting,Stick to your diet rn 🍵
1666,Feel Good,mood,"Ahem, take a deep breath 🫶"
1667,Feel Good,mood,"Hey bestie, name your feeling 💭"
1668,Rise and Shine,wake,"Rise and shine, no cap ⏰"
1669,Stroll,walking,"Hey bestie, take a short stroll 👟"
1670,NoPorn,noporn,"Call a friend instead, promise? 🧠"
1671,Reflect,journaling,"Note your wins, legend 📝"
1672,Photography,creative,Your sign to write a short poem 💡
1673,5AM Club,wake,POV: you start your morning 🌅
1674,NoPorn,noporn,Real talk: go outside for a bit 🚫
1675,Pet Care,pets,Certified pet parent moment 🐶
1676,Coconut Water,hydration,"Hydration time? Yes, now. 🚰"
1677,Daily Problem,coding,Write some code today 💻
1678,Laundry,chores,Plot twist: fold your clothes 🧹
1679,No Snacking,fasting,Quick one: close your eating window 🕐
1680,No Doomscrolling,screen_break,Gentle reminder: look out the window 🔌
1681,Call Family,social,Plot twist: call someone you love 💬
1682,Morning Walk,walking,"Ahem, go for a walk 👟"
1683,Read Novel,reading,Don't ghost your book 📖
1684,Sun Salutation,stretching,Do a quick stretch now 🧘
1685,Speak English,practice,"Hello hello, pick up your instrument 🎸"
1686,Brunch,meal,POV: you eat a proper dinner 🍲
1687,How Am I Feeling,mood,"Hello hello, be gentle with yourself 🫶"
1688,Temple Visit,prayer,Do your pooja now 🪔
1689,Invest,finance,"Bills paid, stress fade 💸"
1690,Water,hydration,Fill up your bottle rn 🥤
1691,Emotions,mood,Self care > excuses 🫶
1692,Declutter,chores,A clean desk is a calm desk 🧺
1693,Meditate,meditation,Calm era starts now 🍃
1694,Quit Smoking,quit,Clean living o'clock! 🌿
1695,Wake Up,wake,"Leave your bed, no excuses 🐓"
1696,Lunch Walk,walking,Gentle reminder: go around the park 🚶
1697,Protein Intake,meal,Small win: fuel your body 🍲
1698,Coding,coding,Fix one bug today 🚀
1699,Read a Chapter,reading,Reading o'clock! 🔖
1700,Guitar Practice,practice,Finish one lesson now 🎵
1701,Groom Pet,pets,Refill the food bowl fr 🐱
1702,No Phone,screen_break,Unplug to recharge 📵
1703,No Sugar,quit,Pass on the drink fr 🚭
1704,Network,social,"Yo, check on a friend 💬"
1705,Lab Record,studying,Revise one topic today 📚
1706,Lunch,meal,"Yo, prep a healthy meal 🍲"
1707,Make Bed,chores,Sparkle mode: ON 🧽
1708,Early Riser,wake,That girl wakes up now ⏰
1709,Track Expenses,finance,Plot twist: move money to savings 💰
1710,Do The Thing,other,Main character move: show up today ⭐
1711,Feed Bird,pets,"Lowkey, refill the food bowl 🐾"
1712,Serum,skincare,"Put on sunscreen, bestie ✨"
1713,Feed Bird,pets,Vibe check: refill the food bowl 🐾
1714,GitHub Commit,coding,"Lowkey, push a commit 🐛"
1715,Litter Box,pets,"Feed your cat, just 5 min 🐶"
1716,SAT Prep,studying,Solve ten questions now 📚
1717,Celibacy,nofap,Breaking news: redirect your energy 👑
1718,Retinol,skincare,Small win: put on sunscreen ✨
1719,Back Stretch,stretching,"Do a quick stretch, no excuses 🧘"
1720,Electrolytes,hydration,"Lowkey, have some water 🥤"
1721,Morning Prayer,prayer,"Hello hello, say your prayers 🙏"
1722,Routine,other,"Check it off, champ 🙌"
1723,Pullups,workout,"Ahem, do 20 pushups 💪"
1724,Morning Water,hydration,"Fill up your bottle, superstar 🥤"
1725,Morning Pill,meds,"Check your meds, legend ⏰"
1726,Early to Bed,sleep,Gentle reminder: dim the lights 😴
1727,Porn Free,noporn,Gentle reminder: stay clean today 🌱
1728,Supplements,meds,"Yo, take it with water 💊"
1729,16:8 Fasting,fasting,"Close your eating window, legend 🕐"
1730,10 Min Calm,meditation,"Psst, breathe slowly for a minute 🍃"
1731,Vacuum,chores,"Not to nag, but clean the kitchen 🧺"
1732,Rest,sleep,Quick one: start winding down 🌙
1733,Debug,coding,Solve one problem today 🚀
1734,Coconut Water,hydration,"Hello hello, grab a glass 🥤"
1735,Bible Reading,prayer,Real talk: do your pooja 🙏
1736,Succulents,plants,Small win: check the soil 💦
1737,Less Reels,screen_break,The algorithm can wait 👀
1738,Sober,quit,"Clean lungs, happy you 🚭"
1739,Calorie Deficit,fasting,Stick to your diet and slay 🕐
1740,My Task,other,"Hey bestie, do it now ✅"
1741,Face Wash,skincare,"Massage your scalp, bestie 🌸"
1742,Cardio,workout,"Hold a plank, bestie 💪"
1743,Reading,reading,Plot twist: read for 15 minutes 📖
1744,Eye Break,screen_break,Reminder: rest your eyes 🔌
1745,Feel Good,mood,Plot twist: check in with yourself 🫶
1746,Mental Health Check,mood,"Write one feeling, superstar 🌈"
1747,Cook Dinner,meal,Fuel your body now 🍲
1748,20-20-20,screen_break,"Take a screen break, just 5 min 👀"
1749,Feed Cat,pets,"Hello hello, give a treat 🐶"
1750,Trek,walking,"Psst, take a short stroll 🚶"
1751,HIIT,workout,Do 20 pushups - you got this 💪
1752,100 Days of Code,coding,Green squares look good 🚀
1753,Night Routine,skincare,Your skin deserves this 🧴
1754,Clean Room,chores,Quick one: start the laundry 🧺
1755,Book Club,reading,Read for 15 minutes rn 🔖
1756,Call Dad,social,Send a voice note and slay 💬
1757,Mock Test,studying,Quick one: solve a mock test 🎓
1758,Cardio,workout,"Warm up, show up 🔥"
1759,Less TikTok,screen_break,"Okay legend, take a screen break 👀"
1760,Invest,finance,"Hey bestie, check your accounts 💸"
1761,Do The Thing,other,Today's goal is calling ⭐
1762,Write Thoughts,journaling,Your journal is waiting 💭
1763,Reminder,other,"Hello hello, make progress today ✅"
1764,No Social Media,screen_break,Vibe check: switch off notifications 🔌
1765,Stroll,walking,Friendly nudge: hit your step goal 🌳
1766,Hydration,hydration,"Grab a glass, no excuses 🥤"
1767,Running,running,"Go for a run, no excuses 👟"
1768,N2,nofap,"Lock the phone, step out fr 👑"
1769,Evening Walk,walking,"Take the stairs, legend 🚶"
1770,H2O,hydration,Have some water fr 🚰
1771,Design Practice,creative,Shoot one photo now 🎬
1772,Urge Control,nofap,"Go outside, reset your mind 👑"
1773,Morning Water,hydration,Drink up today 🚰
1774,SIP,finance,"Note today's spending, legend 💸"
1775,Rent,finance,Check your budget and slay 💰
1776,Read News,reading,POV: you read for 15 minutes 🔖
1777,No Spend Day,finance,"Yo, pay your bills 💰"
1778,Meditate,meditation,"Lowkey, find your calm 🧘"
1779,YouTube Video,creative,"Yo, shoot one photo 💡"
1780,Moisturize,skincare,POV: glow time 🧴
1781,Kitchen Clean,chores,"Ahem, wipe the table 🧺"
1782,JEE Prep,studying,Small win: make your notes 📚
1783,Pilates,stretching,Breaking news: stretch for 5 minutes 🧘
1784,Quit Porn,noporn,Turn on your blocker today 🚫
1785,Evening Walk,walking,"Step outside, just 5 min 🌳"
1786,Gurbani,prayer,Vibe check: chant for 5 minutes 🙏
1787,Box Breathing,meditation,"Hey bestie, take ten deep breaths 🌿"
1788,Chess Puzzle,practice,Speak out loud and slay 🎵
1789,8 Hours Sleep,sleep,Your sign to go to bed 😴
1790,Feed Fish,pets,Best friend needs you 🐶
1791,Grooming,hygiene,Quick one: floss tonight 🪥
1792,Warm Water,hydration,"Lowkey, finish that bottle 🥤"
1793,Savings Goal,finance,Breaking news: skip one impulse buy 💰
1794,Feel Good,mood,"Name the feeling, tame it 🌈"
1795,Lab Record,studying,"Hey bestie, study for 25 minutes 📚"
1796,Eat Fruit,meal,Fuel your body and slay 🥗
1797,Take Medicine,meds,"Not to nag, but take your dose ⏰"
1798,Clean Mind,noporn,"Turn on your blocker, superstar 🌱"
1799,Discipline Streak,nofap,"Ahem, try a cold shower 🧠"
1800,Feed Bird,pets,Gentle reminder: feed your pet 🐶
1801,H2O,hydration,"Stay wavy, drink water 🥤"
1802,5AM Club,wake,Morning is calling 🐓
1803,Wake Up Early,wake,Your alarm misses you ⏰
1804,Bath,hygiene,Your toothbrush is waiting 🧼
1805,Reflect,journaling,"Write your affirmations, promise? 💭"
1806,Mantra,prayer,Breaking news: chant for 5 minutes 🕊
1807,Coconut Water,hydration,"No cap, take a big sip 💧"
1808,10k Steps,walking,Breaking news: go around the park 🌳
1809,Nap,sleep,Plot twist: dim the lights 🌙
1810,Feed Bird,pets,Plot twist: give some cuddles 🐶
1811,Face Wash,skincare,"Do your night routine, legend 🌸"
1812,Laundry,chores,"Clean your desk, superstar 🧽"
1813,5AM Club,wake,Real talk: rise and shine ⏰
1814,Morning Workout,workout,"Psst, hold a plank 💪"
1815,Reminder,other,Quick one: get it done ⭐
1816,IF,fasting,"Lowkey, eat inside your window 🥑"
1817,Feel Good,mood,"Hey bestie, take a kind pause 💭"
1818,No NSFW,noporn,Plot twist: close that tab 🚫
1819,Stretch,stretching,Friendly nudge: do some yoga 🧘
1820,Power Nap,sleep,Dim the lights - you got this 😴
1821,Self Help Book,reading,Main character move: read ten pages 🔖
1822,Assignment,studying,"Make your notes, no excuses 📚"
1823,No Nut,nofap,Redirect your energy and slay 👑
1824,Night Brush,hygiene,"Lowkey, use mouthwash 🪥"
1825,Lights Off,sleep,"Go to bed, promise? 😴"
1826,Call Dad,social,"No cap, call someone you love 📞"
1827,Read Novel,reading,"Okay legend, read five pages 📖"
1828,Water Goal,hydration,Main character move: drink up 🥤
1829,Hair Serum,skincare,"Apply your serum, superstar ✨"
1830,IMD,fasting,Black coffee is allowed 🍵
1831,Hot Girl Walk,walking,"Ahem, step outside 🚶"
1832,Check In,mood,You're doing better than you think 💭
1833,Pay Bills,finance,"Hello hello, skip one impulse buy 📈"
1834,Cook Dinner,meal,Your sign to eat on time 🍳
1835,B12,meds,"Take your pills, superstar 💊"
1836,50 Pushups,workout,"Psst, do a quick workout 💪"
1837,Read a Chapter,reading,Don't leave your book on read 🔖
1838,Morning Run,running,Start your run today 👟
1839,Journal,journaling,"Write one page, legend 📝"
1840,Iron Clothes,chores,"Load the washing machine, superstar 🧽"
1841,Clear Emails,focus,"Yo, plan your day 🔕"
1842,Rest,sleep,Sleep o'clock! 🛌
1843,No Nut,nofap,"Hey, stay busy today 🧠"
1844,Pooja,prayer,Real talk: sit in prayer 🙏
1845,Habit,other,"Hey, do it right now ✅"
1846,Pilates,stretching,Breaking news: roll out your mat 🧘
1847,Skincare,skincare,Moisturize now and slay 🌸
1848,Urge Control,nofap,Quick one: try a cold shower 🧠
1849,Poetry,creative,"Okay legend, draw something small 💡"
1850,No Nut,nofap,"Lock the phone, step out today 👑"
1851,Grooming,hygiene,Small win: take a shower 🦷
1852,10 Min Yoga,stretching,"Psst, touch your toes 🤸"
1853,Retention,nofap,Plot twist: protect your streak 🧠
1854,Pull Day,workout,"Lowkey, crush one set 🥇"
1855,Water,hydration,Water era starts now 🥤
1856,Therapy Notes,mood,Plot twist: log how you feel 💭
1857,Diet,fasting,Your gut is on vacation 🍵
1858,H2O,hydration,Plot twist: fill up your bottle 🚰
1859,Mobility,stretching,"Roll your neck, no excuses 🤸"
1860,Doodle,creative,"Hello hello, pick up your brush 🎨"
1861,Doodle,creative,Work on your project now 🎨
1862,Book Club,reading,"Lowkey, open your kindle 🔖"
1863,Read News,reading,Read one chapter and slay 📖
1864,Pull Day,workout,Okay but workout? 🥇
1865,Gratitude List,journaling,Journal tonight? 📓
1866,Morning Pages,journaling,Friendly nudge: write one page 📓
1867,Tulsi,plants,Water the garden fr 🪴
1868,No Alcohol,quit,Chew gum instead and slay 🚭
1869,Eating Window,fasting,"Hey, drink water, not snacks 🕐"
1870,Pranayama,meditation,"Take ten deep breaths, superstar 🌿"
1871,B12,meds,Take your tablet - you got this ⏰
1872,Therapy Notes,mood,"Rate your day, legend 💭"
1873,Coding,coding,"Bugs fear you, legend 🚀"
1874,Build App,coding,Real talk: write one function 🚀
1875,Study,studying,Plot twist: start a pomodoro 📚
1876,Steps Goal,walking,"Hello hello, walk for ten minutes 🌳"
1877,Budget,finance,"Save first, spend later 📈"
1878,Litter Box,pets,"Feed your pet, superstar 🐱"
1879,Meditate,meditation,"Do box breathing, promise? 🌿"
1880,Low Carb,fasting,Eat inside your window rn 🥑
1881,Gym,workout,"Ahem, lift something heavy 💪"
1882,Box Breathing,meditation,"Lowkey, do box breathing 🍃"
1883,Power Nap,sleep,"Dim the lights, please? 😴"
1884,Audiobook,reading,Book time? 📖
1885,Porn Free,noporn,"Call a friend instead, bestie 🚫"
1886,Iron Clothes,chores,"Put things back, please? 🧹"
1887,Quit Vaping,quit,Plot twist: skip it today 🌿
1888,Work Block,focus,Your deadline says hi ⏳
1889,Lights Off,sleep,Not a drill: bedtime time 🌙
1890,Balcony Garden,plants,"Water your plants, please? 🪴"
1891,Weekly Plan,focus,Main character move: finish one task 🔕
1892,No Snacking,fasting,Friendly nudge: stay in the fast 🕐
1893,No Spend Day,finance,"No-spend day, you got this 💰"
1894,Flowers,plants,Don't leave the garden on read 🌱
1895,UPSC Prep,studying,"Ahem, revise one topic 📚"
1896,Doodle,creative,"Lowkey, write a short poem 🎨"
1897,Grooming,hygiene,POV: you take a shower 🦷
1898,Call Parents,social,Real talk: text a friend 💬
1899,Lab Record,studying,Your sign to solve ten questions 📝
1900,Codeforces,coding,Future you says: push a commit 🚀
1901,Glass of Water,hydration,Drink up fr 🥤
1902,Marathon Prep,running,Small win: hit the track 👟
1903,Gurbani,prayer,Main character move: light a candle 🕊
1904,Screen Break,screen_break,"Put your phone away, promise? 🔌"
1905,Water Bottle,hydration,Have some water - you got this 💧
1906,Unplug,screen_break,"No cap, put your phone away 👀"
1907,Invest,finance,"Lowkey, note today's spending 📈"
1908,Content Creation,creative,Small win: draw something small 🎨
1909,Manga,reading,Breaking news: open your kindle 📖
1910,10 Min Yoga,stretching,Fix your posture now 🧘
1911,Hot Girl Walk,walking,"Take a quick walk, promise? 👟"
1912,Evening Run,running,"Lace up and run, just 5 min 💨"
1913,Flexibility,stretching,"Roll your neck, just 5 min 🧘"
1914,Feel Good,mood,Your sign to name your feeling 💭
1915,No Soda,quit,"Wait out the craving, legend 🌿"
1916,Pet Care,pets,Litter clean? 🐾
1917,Coconut Water,hydration,"Sip now, thank us later 🚰"
1918,Healthy Meal,meal,"Have lunch now, superstar 🍲"
1919,Gratitude,journaling,"Yo, reflect on today 💭"
1920,Office Work,focus,Quick one: do your top task 🎯
1921,Jog,running,Run one easy km and slay 🏃
1922,Keto,fasting,Reminder: eat a protein-rich meal 🍵
1923,Meditate,meditation,Vibe check: find your calm 🍃
1924,Temple Visit,prayer,"Calm heart, kind mind 🙏"
1925,Vitamins,meds,"Yo, take your vitamins ⏰"
1926,Codeforces,coding,Gentle reminder: finish one feature 🐛
1927,Nicotine Free,quit,"Yo, skip the smoke break 💚"
1928,Worship,prayer,Light the lamp today 🪔
1929,Take Medicine,meds,Take your dose fr ⏰
1930,Meet Friends,social,Call your family fr 💬
1931,Reminder,other,"Ahem, tick this off 🙌"
1932,Challenge,other,Reminder: finish your task ⭐
1933,Diet,fasting,Vibe check: start your fast now 🕐
1934,Feel Good,mood,Log your mood and slay 🌈
1935,3 Good Things,journaling,Reminder: write your affirmations 💭
1936,Content Creation,creative,"Lowkey, edit your video 🎨"
1937,Retention,nofap,"Hello hello, redirect your energy 🧠"
1938,Herb Garden,plants,Reminder: repot one plant 💦
1939,Floss,hygiene,Vibe check: brush for two minutes 🦷
1940,Rest,sleep,Not a drill: sleep time 🛌
1941,2L Water,hydration,"Grab a glass, bestie 💧"
1942,SPF,skincare,"Okay legend, massage your scalp 🌸"
1943,SIP,finance,Gentle reminder: pay your bills 💸
1944,Read Novel,reading,"Continue your story, no excuses 📚"
1945,Debug,coding,Your IDE misses you 🐛
1946,Self Care,mood,"Be gentle with yourself, just 5 min 💭"
1947,Affirmations,journaling,Your diary is listening 📝
1948,Morning Prayer,prayer,Read one verse - you got this 🪔
1949,Quit Porn,noporn,"No cap, stay clean today 🚫"
1950,Task A,other,Reminder: complete your goal ✅
1951,Cold Shower,hygiene,"Ahem, wash your hands 🪥"
1952,To-Do List,focus,Reminder: block your calendar 🎯
1953,Unplug,screen_break,Real talk: look far for 20 seconds 📵
1954,Brisk Walk,walking,Take a quick walk today 🚶
1955,Notes,studying,POV: you revise one topic 🎓
1956,Wind Down,sleep,"Bedtime first, scroll later 😴"
1957,Cut Nails,hygiene,"Brush for two minutes, superstar 🦷"
1958,100 Days of Code,coding,Write one function now 🚀
1959,N2,nofap,Quick one: leave your room 🔒
1960,No Sugar,quit,"Wait ten minutes first, superstar 🚭"
1961,NoPorn,noporn,"Lowkey, keep your clean streak alive 🚫"
1962,Morning Pages,journaling,Friendly nudge: note your wins 💭
1963,Mouthwash,hygiene,Reminder: freshen up 🪥
1964,Write Story,creative,Okay but your sketchbook? 💡
1965,Mindfulness,meditation,"Find your calm, please? 🌿"
1966,100 Days of Code,coding,"Solve a LeetCode problem, bestie 🐛"
1967,No Junk,quit,"Lowkey, skip the sugar today 🌿"
1968,Content Creation,creative,"Not to nag, but draw something small 💡"
1969,Organize Desk,chores,Plot twist: start the laundry 🧹
1970,Groceries,chores,"Clean the kitchen, bestie 🧺"
1971,Namaz,prayer,Light a candle today 🪔
1972,Feed Bird,pets,Plot twist: walk your dog 🐾
1973,Healthy Meal,meal,"Eat on time, please? 🍲"
1974,Self Help Book,reading,"Not to nag, but read ten pages 🔖"
1975,Personal Goal,other,"Tick this off, no cap 🙌"
1976,Breathing,meditation,Breaking news: sit in silence 🍃
1977,Gratitude,journaling,"Hey, fill today's page 💭"
1978,SIP,finance,"Yo, check your accounts 📈"
1979,GitHub Commit,coding,Breaking news: finish one feature 🚀
1980,Date Night,social,Text a friend today 📞
1981,Bible Reading,prayer,Real talk: read one verse 🙏
1982,Draw,creative,POV: you edit your video 💡
1983,Eat On Time,meal,Main character move: have lunch now 🍲
1984,Call Grandparents,social,Check on a friend fr 🤝
1985,Book Club,reading,Quick one: read before bed 📚
1986,Brisk Walk,walking,Fresh air era starts now 🌳
1987,Sun Salutation,stretching,Small win: loosen your shoulders 🤸
1988,Hair Serum,skincare,"Pamper your skin, please? ✨"
1989,Sleep by 11,sleep,"Sleep first, scroll later 😴"
1990,Codeforces,coding,Fix one bug rn 💻
1991,Marathon Prep,running,Keep moving forward 💨
1992,Self Help Book,reading,"Hey, read ten pages 📚"
1993,NoFap,nofap,"Stay disciplined, no cap 🔒"
1994,Urge Control,nofap,"Hey bestie, leave your room 🧠"
1995,Learn Korean,practice,Play your scales now 🎸
1996,Brunch,meal,Reminder: prep a healthy meal 🍲
1997,Digital Purity,noporn,"Delete the trigger, promise? 🌱"
1998,Lecture Review,studying,Vibe check: make your notes 📚
1999,Lunch,meal,Add some veggies - you got this 🍳
2000,Walk,walking,"Walk for fifteen minutes, just 5 min 🚶"
2001,Bath,hygiene,Breaking news: brush for two minutes 🪥
2002,Gratitude List,journaling,Your sign to jot down your thoughts 📓
2003,Do The Thing,other,"Psst, do it right now ✅"
2004,Diet,fasting,"One more hour, you got this 🥑"
2005,Grooming,hygiene,Small win: trim your nails 🦷
2006,Healthy Snack,meal,Gentle reminder: have your meal 🥗
2007,No Sugar,quit,Skip the smoke break and slay 🚭
2008,Water Goal,hydration,POV: you drink a glass of water 🚰
2009,Read 10 Pages,reading,The next chapter is waiting 📖
2010,Mantra,prayer,"Chant for 5 minutes, please? 🙏"
2011,Emotions,mood,"Okay legend, rate your day 💭"
2012,Gratitude,journaling,"Hey bestie, write a brain dump 📝"
2013,Call Dad,social,"Message a friend, no excuses 🤝"
2014,8 Hours Sleep,sleep,"Ahem, close your eyes 😴"
2015,SAT Prep,studying,"Okay legend, start a pomodoro 📝"
2016,Focus Session,focus,"Not to nag, but silence your phone ⏳"
2017,No Phone,screen_break,"Go offline for a bit, superstar 📵"
2018,Stretch,stretching,"Loosen up, buttercup 🤸"
2019,Study,studying,Study time is calling 🎓
2020,Bible Reading,prayer,POV: you chant for 5 minutes 🙏
2021,Vet Visit,pets,Small win: take the dog out 🐶
2022,BP Tablet,meds,"Lowkey, take it with water ⏰"
2023,50 Pushups,workout,"Yo, move that body 🥇"
2024,Brush Teeth,hygiene,"Trim your nails, superstar 🦷"
2025,No Snooze,wake,Blanket can't hold you forever 🐓
2026,Discipline Streak,nofap,It's giving self control 🔒
2027,Self Help Book,reading,"Read for 15 minutes, bestie 📚"
2028,Healthy Meal,meal,"Ahem, eat your breakfast 🍳"
2029,Gratitude,journaling,"Lowkey, write in your journal 💭"
2030,Digital Purity,noporn,"No cap, call a friend instead 🌱"
2031,Plank,workout,"Hey, lift something heavy 🥇"
2032,Read Before Bed,reading,"Ahem, read five pages 📖"
2033,Therapy Notes,mood,Check your mood today 🌈
2034,N2,nofap,"No cap, protect your streak 👑"
2035,Less Caffeine,quit,Choose the healthy swap and slay 🌿
2036,Brunch,meal,"Have lunch now, legend 🥗"
2037,Feed Bird,pets,Clean the litter box fr 🐾
2038,Meditate,meditation,"Take ten deep breaths, legend 🍃"
2039,Interval Run,running,Jog for 15 minutes fr 👟
2040,SIP,finance,"Hello hello, update your budget 💰"
2041,Check List,other,"Hello hello, do it right now 🙌"
2042,No Junk Food,meal,Eat your breakfast rn 🍲
2043,Daily Problem,coding,Push a commit now 🚀
2044,Morning Run,running,You + run = iconic 🏃
2045,H2O,hydration,The hydration station is open 🚰
2046,Take Out Trash,chores,POV: you fold your clothes 🧽
2047,10 Min Yoga,stretching,"Downward dog, upward mood 🤸"
2048,Deep Work,focus,"No cap, clear your inbox 🔕"
2049,Personal Goal,other,"Complete your goal, just 5 min 🙌"
2050,Pull Day,workout,"Hey bestie, start your workout 🥇"
2051,HIIT,workout,Friendly nudge: do 20 pushups 💪
2052,Pranayama,meditation,Close your eyes and breathe today 🌿
2053,Walk,walking,Future you says: go around the park 🌳
2054,Invest,finance,Check your budget fr 💸
2055,No NSFW,noporn,Your brain deserves better 🧠
2056,Diary,journaling,Your sign to write three lines 📝
2057,Dishes,chores,"Okay legend, fold your clothes 🧽"
2058,Supplements,meds,"Take your tablet, no cap ⏰"
2059,Meditate,meditation,Sit and breathe now 🌿
2060,Wake Up Early,wake,Open the curtains - you got this ⏰
2061,Multivitamin,meds,"Have your supplement, please? 💊"
2062,Celibacy,nofap,Your NoFap streak needs you now 🔒
2063,BP Tablet,meds,"Take your medicine, promise? ⏰"
2064,Cook Dinner,meal,"Your plate, your power 🍲"
2065,Eat Veggies,meal,Prep a healthy meal fr 🍳
2066,Flashcards,studying,Real talk: make your notes 🎓
2067,Pull Day,workout,Main character training montage 💪
2068,No Alcohol,quit,"Ahem, choose the healthy swap 🚭"
2069,Audiobook,reading,Breaking news: read five pages 📚
2070,Low Carb,fasting,"Sip some green tea, bestie 🕐"
2071,Water Plants,plants,Repot one plant now 💦
2072,Shower,hygiene,"Yo, take a cold shower 🪥"
2073,Electrolytes,hydration,Friendly nudge: sip some water 🚰
2074,Wake Up,wake,"Psst, get out of bed 🐓"
2075,Worship,prayer,Real talk: chant your mantra 🙏
2076,Exam Prep,studying,"Books open, phone closed 🎓"
2077,Edit Video,creative,"Shoot, edit, post 🎨"
2078,Groceries,chores,Main character move: wipe the table 🧹
2079,Nap,sleep,Plot twist: switch off the lights 🛌
2080,How Am I Feeling,mood,Rate your day - you got this 🫶
2081,Water Goal,hydration,Small win: have some water 💧
2082,Walk 30 Min,walking,"Okay legend, take a quick walk 👟"
2083,No Nut,nofap,"Go to the gym instead, please? 🔒"
2084,Inhaler,meds,"Small pill, big care ⏰"
2085,Glow Routine,skincare,"Yo, apply your serum 🌸"
2086,18:6 Fast,fasting,"Your window is closed, sorry 🕐"
2087,Task A,other,Finish your task - you got this ✅
2088,Night Routine,skincare,"Finish your routine, legend 🧴"
2089,Meditate,meditation,"Be present, no excuses 🌿"
2090,How Am I Feeling,mood,Your feelings deserve a minute 💭
2091,YouTube Video,creative,"Write one paragraph, promise? 🎨"
2092,Groceries,chores,"Yo, wipe the table 🧽"
2093,Herb Garden,plants,"Trim dead leaves, no cap 🌱"
2094,Night Brush,hygiene,Your sign to take a shower 🦷
2095,Notes,studying,"Okay legend, solve a mock test 📚"
2096,Creatine,meds,"Hey, have your supplement ⏰"
2097,Leg Day,workout,Hit the gym - you got this 🥇
2098,Guitar Practice,practice,Small win: play your scales 🎵
2099,20:4 Fast,fasting,"Lowkey, stick to your diet 🍵"
2100,Eye Break,screen_break,"Keep your phone aside, no cap 🔌"
2101,Poetry,creative,Gentle reminder: pick up your brush 🎨
2102,Diet Plan,fasting,Stick to your diet today 🥑
2103,Less Caffeine,quit,"Chew gum instead, legend 💚"
2104,Walk 30 Min,walking,Quick one: go around the park 🌳
2105,Kotlin Practice,coding,"Open your IDE, no cap 🚀"
2106,Write Blog,creative,Creativity is calling 🎨
2107,Digital Purity,noporn,"Block that site, bestie 🌱"
2108,Sunscreen,skincare,Future you says: wash your face ✨
2109,Steps Goal,walking,Quick stroll? 🚶
2110,Morning Prayer,prayer,"Give thanks, just 5 min 🪔"
2111,Laundry,chores,"Yo, take out the trash 🧹"
2112,Bedtime,sleep,Go to bed fr 😴
2113,Quit Smoking,quit,Plot twist: pass on the drink 💚
2114,Reflect,journaling,"Lowkey, write one gratitude 📝"
2115,B12,meds,Check your meds - you got this 💊
2116,No Smoking,quit,Breaking news: pass on the drink 💚
2117,Park Walk,walking,Okay but walk? 👟
2118,Self Help Book,reading,Future you says: open your kindle 📖
2119,Sleep by 11,sleep,Sleep on time fr 😴
2120,Journal,journaling,"Reflect on today, just 5 min 📓"
2121,Plant Care,plants,"Check the soil, bestie 🌱"
2122,Morning Pages,journaling,POV: you reflect on today 📝
2123,IMD Diet,fasting,Sip some green tea now 🕐
2124,Practice Habit,other,"Hello hello, finish it today ✅"
2125,Water Bottle,hydration,"Okay legend, drink some water 🥤"
2126,DSA,coding,"Open your IDE, superstar 💻"
2127,Assignment,studying,Dream rank loading 🎓
2128,Mantra,prayer,Breaking news: take a moment to pray 🪔
2129,Breathing,meditation,Do box breathing today 🌿
2130,Retention,nofap,Your sign to stay strong today 🔒
2131,Dinner,meal,Quick one: fuel your body 🍳
2132,Network,social,Your sign to plan a catch up 🤝
2133,Walk Dog,pets,Play with your pet now 🐶
2134,Screen Break,screen_break,"Hey bestie, rest your eyes 🔌"
2135,Calisthenics,workout,The barbell is waiting 🔥
2136,Budget,finance,Small win: review your spending 💸
2137,No Sugar,quit,Small win: skip the smoke break 💚
2138,Pranayama,meditation,"Find your calm, superstar 🍃"
2139,Breakfast,meal,Eat a proper dinner rn 🍳
2140,Audiobook,reading,"Read one chapter, superstar 🔖"
2141,Eye Break,screen_break,"Lowkey, switch off notifications 👀"
2142,Feed Fish,pets,Okay but your furry friend? 🐱
2143,Call Family,social,Your sign to call your dad 💬
2144,Lab Record,studying,"Not to nag, but revise one topic 📚"
2145,Diet,fasting,"Start your fast now, please? 🥑"
2146,OMAD,fasting,"Hey bestie, drink water, not snacks 🍵"
2147,Pranayama,meditation,Breathe slowly for a minute and slay 🌿
2148,Piano,practice,"Speak out loud, superstar 🌍"
2149,Walk 30 Min,walking,Step outside rn 🚶
2150,Jogging,running,"Go for a short run, promise? 👟"
2151,Run 5K,running,Jog for 15 minutes rn 💨
2152,Box Breathing,meditation,"Sit and breathe, bestie 🌿"
2153,No PMO,nofap,Your sign to try a cold shower 🔒
2154,Habit,other,"Hey, show up today 🙌"
2155,Urge Control,nofap,"No cap, go to the gym instead 🔒"
2156,Wake Up,wake,Vibe check: open the curtains ⏰
2157,BP Tablet,meds,"Take your dose, bestie ⏰"
2158,Lunch Break,meal,"Skip the junk, superstar 🍲"
2159,Log Expenses,finance,Small win: save a little today 💰
2160,Workout,workout,Show up and lift now 🥇
2161,Nicotine Free,quit,"Hello hello, skip the smoke break 🚭"
2162,Iron Tablet,meds,Check your meds now 💊
2163,Shave,hygiene,Okay but shower? 🧼
2164,Post-dinner Walk,walking,Main character move: take the stairs 👟
2165,Water Goal,hydration,Hydration is self-love 🥤
2166,Tulsi,plants,"Give them water, promise? 🪴"
2167,Kindle,reading,Your TBR pile is judging 📖
2168,Savings Goal,finance,"Skip one impulse buy, superstar 💸"
2169,Pranayama,meditation,Your inner peace is calling 🍃
2170,Temple Visit,prayer,"Psst, chant for 5 minutes 🕊"
2171,Hair Serum,skincare,"Psst, do your night routine 🧴"
2172,Read News,reading,Your book is waiting 🔖
2173,Shower,hygiene,Plot twist: wash your hands 🧼
2174,Hydrate,hydration,Friendly nudge: fill up your bottle 💧
2175,Challenge,other,Gentle reminder: keep your streak 🙌
2176,Feed Bird,pets,"Play with your pet, bestie 🐶"
2177,Brush Teeth,hygiene,"Hello hello, freshen up 🪥"
2178,Calorie Deficit,fasting,"Small win: drink water, not snacks 🥑"
2179,Morning Routine,wake,"Get out of bed, legend ⏰"
2180,Balcony Garden,plants,Future you says: feed your plants 🌱
2181,Notes,studying,"Hello hello, study one chapter 📚"
2182,Temple Visit,prayer,"Light the lamp, just 5 min 🕊"
2183,Task A,other,"Not to nag, but do it now ✅"
2184,Pranayama,meditation,Plot twist: take ten deep breaths 🍃
2185,Diary,journaling,"Write a brain dump, please? 💭"
2186,Diary,journaling,Friendly nudge: write three lines 💭
2187,Sprint Training,running,Vibe check: hit the track 👟
2188,Write Thoughts,journaling,"Write in your journal, legend 📝"
2189,Read 10 Pages,reading,Future you says: read one chapter 📚
2190,Eat Breakfast,meal,Add some veggies and slay 🍳
2191,Scalp Care,skincare,"Apply your serum, no cap ✨"
2192,Practice Habit,other,Breaking news: tick this off ⭐
2193,Water Plants,plants,"Okay legend, give them water 💦"
2194,Jogging,running,"Short run, big mood 👟"
2195,Feed Dog,pets,Feed your pet - you got this 🐶
2196,Sugar Free,quit,"Pass on the drink, legend 💚"
2197,Couch to 5K,running,Future you says: lace up and run 💨
2198,Less Caffeine,quit,Quick one: skip it today 💚
2199,Singing,practice,"Speak out loud, bestie 🌍"
2200,Violin,practice,New word today? 🌍
2201,Night Routine,skincare,Small win: apply moisturizer ✨
2202,20-20-20,screen_break,Vibe check: take a screen break 👀
2203,Morning Prayer,prayer,Read a few verses now 🙏
2204,Brisk Walk,walking,"Hey bestie, step outside 👟"
2205,Less TikTok,screen_break,Put your phone away fr 👀
2206,Wake Up,wake,Breaking news: turn off the alarm ⏰
2207,No PMO,nofap,"Redirect your energy, legend 🔒"
2208,Morning Water,hydration,"Ahem, grab a glass 💧"
2209,Run 5K,running,Start your run now 💨
2210,No Snacking,fasting,"Ahem, close your eating window 🍵"
2211,GATE Prep,studying,"Make your notes, promise? 📚"
2212,Less Reels,screen_break,Quick one: blink and look away 👀
2213,Grooming,hygiene,Friendly nudge: use mouthwash 🪥
2214,Speak English,practice,"Finish one lesson, just 5 min 🎸"
2215,Treadmill Run,running,Run your own race 💨
2216,Gym,workout,Gentle reminder: train hard today 🔥
2217,Digital Detox,screen_break,Quick one: switch off notifications 📵
2218,Iron Clothes,chores,A clean home is calling 🧽
2219,Morning Yoga,stretching,Quick one: touch your toes 🧘
2220,Meditate,meditation,Be present today 🌿
2221,Codeforces,coding,"Finish one feature, bestie 🚀"
2222,Breathing,meditation,"Try a body scan, no cap 🌿"
2223,Couch to 5K,running,"Jog for 15 minutes, no excuses 👟"
2224,GATE Prep,studying,Make your notes fr 📚
2225,Take Medicine,meds,"Hello hello, take today's dose 💊"
2226,Affirmations,journaling,Vibe check: note your wins 📓
2227,Diary,journaling,Fill today's page - you got this 📝
2228,Invest,finance,Bills due? Pay now 📈
2229,50 Pushups,workout,"Ahem, do a quick workout 💪"
2230,Goal,other,"Hey bestie, get it done ✅"
2231,Face Wash,skincare,Cleanse your face rn ✨
2232,Back Stretch,stretching,Plot twist: do some yoga 🤸
2233,Gratitude,journaling,Your journal misses your tea 📓
2234,Temple Visit,prayer,Small win: say a short prayer 🕊
2235,Track Expenses,finance,Check your accounts rn 💸
2236,Celibacy,nofap,"Redirect your energy, superstar 🧠"
2237,Revision,studying,Start a pomodoro - you got this 📝
2238,Therapy Notes,mood,Check in with yourself and slay 🌈
2239,Shower,hygiene,"Okay legend, brush for two minutes 🦷"
2240,Laundry,chores,"Lowkey, clean the kitchen 🧽"
2241,NoFap,nofap,Stay disciplined and slay 🔒
2242,Eat Breakfast,meal,"Bon appetit, bestie 🍲"
2243,Early Riser,wake,Future you says: open the curtains 🐓
2244,Weekly Plan,focus,Small win: do your top task 🎯
2245,Stroll,walking,It's giving walk 👟
2246,Shower,hygiene,"Yo, brush your teeth 🪥"
2247,Refill Bottle,hydration,Take five sips rn 💧
2248,Personal Goal,other,"Ahem, finish your task 🙌"
2249,Moisturize,skincare,"Moisturize now, no excuses ✨"
2250,No Nut,nofap,"Go for a walk now, legend 🔒"
2251,Personal Goal,other,Quick one: do it now 🙌
2252,Clean Mind,noporn,Delete the trigger rn 🌱
2253,Meet Friends,social,"Hey bestie, plan a catch up 📞"
2254,Meditation,meditation,Do box breathing and slay 🌿
2255,Creatine,meds,"Okay legend, take your pills 💊"
2256,Bible Reading,prayer,Friendly nudge: say your prayers 🕊
2257,Office Work,focus,"Deep work, then chill 🎯"
2258,Network,social,"Lowkey, check on your people 📞"
2259,Plant Care,plants,"Feed your plants, just 5 min 🪴"
2260,5AM Club,wake,Small win: start your morning 🌅
2261,Track Expenses,finance,"Psst, update your budget 💰"
2262,Unplug,screen_break,Look far for 20 seconds and slay 🔌
2263,Marathon Prep,running,Run for the endorphins 🏃
2264,Sprint Training,running,"Run at easy pace, legend 💨"
2265,Breakfast,meal,Home food hits different 🥗
2266,Glass of Water,hydration,"No cap, water is free 💧"
2267,NoPorn,noporn,"Hey, call a friend instead 🧠"
2268,Learn Korean,practice,"Pick up your instrument, bestie 🎸"
2269,Squats,workout,"Hit the gym, promise? 💪"
2270,Hair Serum,skincare,Cleanse your face - you got this 🌸
2271,Minoxidil,skincare,Gentle reminder: pamper your skin ✨
2272,Succulents,plants,Plot twist: check the soil 🪴
2273,Repot Plant,plants,"Check your plants, superstar 🪴"
2274,Wake Up Early,wake,The early you is iconic 🐓
2275,Write Thoughts,journaling,Reminder: write in your journal 📓
2276,Keto,fasting,Real talk: eat a protein-rich meal 🥑
2277,SIP,finance,"Log your expenses, no cap 💸"
2278,Breathing,meditation,"Lowkey, sit in silence 🌿"
2279,Diet,fasting,"Psst, keep the kitchen closed 🍵"
2280,Do The Thing,other,Future you says: do it right now ✅
2281,Take Medicine,meds,Small win: take your medicine 💊
2282,Morning Pages,journaling,Write one gratitude today 💭
2283,Kitchen Clean,chores,"Tidy up for 10 minutes, no cap 🧽"
2284,No Social Media,screen_break,Future you says: close the reels 👀
2285,Cook Dinner,meal,Reminder: have your meal 🥗
2286,Protein Intake,meal,POV: you add some veggies 🍳
2287,Laundry,chores,Don't ghost a clean home 🧺
2288,Mindfulness,meditation,"Focus on your breath, legend 🍃"
2289,Scalp Care,skincare,"Soft skin, soft life 🧴"
2290,Thyroid Tablet,meds,Take your capsule rn ⏰
2291,Quit Porn,noporn,Your clean streak needs you now 🚫
2292,Herb Garden,plants,"Feed your plants, promise? 💦"
2293,Sprint Training,running,Quick one: lace up and run 🏃
2294,Skincare,skincare,"Yo, moisturize now ✨"
2295,Less Caffeine,quit,"Psst, skip the smoke break 🌿"
2296,Less TikTok,screen_break,"Hey, put your phone away 👀"
2297,SPF,skincare,"Wash your face, bestie 🧴"
2298,Drink 8 Glasses,hydration,"Hello hello, refill your bottle 🚰"
2299,Groom Pet,pets,Snack time for the floof 🐾
2300,No Nut,nofap,"Stay strong today, superstar 🧠"
2301,Park Walk,walking,"Fresh air, then chill 👟"
2302,Call Family,social,Friendly nudge: reply to messages 🤝
2303,Keto,fasting,"Sip some green tea, no excuses 🍵"
2304,Calorie Deficit,fasting,Reminder: keep the kitchen closed 🕐
2305,No Alcohol,quit,"Ahem, pass on the drink 🚭"
2306,Homework,studying,"Ahem, study for 25 minutes 📚"
2307,Dishes,chores,"Hey bestie, load the washing machine 🧹"
2308,Morning Routine,wake,Quick one: skip the snooze 🌅
2309,Wake Up,wake,Future you says: turn off the alarm 🌅
2310,Cold Shower,hygiene,Real talk: use mouthwash 🦷
2311,Jogging,running,Warm up and jog fr 👟
2312,Wake Up,wake,"Early start, easy day ⏰"
2313,No Late Nights,sleep,"No cap, get some sleep 🛌"
2314,Keto,fasting,"Keep it light, keep it right 🥑"
2315,Phone Free Dinner,screen_break,You + screen time = iconic 📵
2316,Invest,finance,"Check your accounts, just 5 min 💰"
2317,Water Break,hydration,"Hey bestie, hydrate now 🥤"
2318,Meal Prep,meal,Eat your breakfast fr 🍳
2319,Catch Up,social,"Plan a catch up, please? 💬"
2320,Self Care,mood,"Name your feeling, promise? 🌈"
2321,Read 10 Pages,reading,Read five pages today 📚
2322,Exercise,workout,Hit the gym and slay 🥇
2323,Feed Bird,pets,Small win: play with your pet 🐱
2324,Gym,workout,"Get your sweat on, no excuses 💪"
2325,Retention,nofap,"Do 20 pushups instead, no excuses 🧠"
2326,Flexibility,stretching,"Hold child's pose, no excuses 🤸"
2327,Abs,workout,"Okay legend, crush one set 🔥"
2328,CTM Routine,skincare,"No cap, wash your face ✨"
2329,No Spend Day,finance,"Okay legend, save a little today 💸"
2330,Violin,practice,"Keep your Duolingo streak, superstar 🎸"
2331,No Phone,screen_break,"Psst, take a screen break 📵"
2332,Clean Mind,noporn,"Hey bestie, call a friend instead 🌱"
2333,Digital Purity,noporn,"Okay legend, go outside for a bit 🌱"
2334,Healthy Snack,meal,"Eat something healthy, legend 🍲"
2335,GitHub Commit,coding,POV: you refactor one file 🚀
2336,No PMO,nofap,Try a cold shower now 👑
2337,Phone Free Dinner,screen_break,Blink and look away rn 📵
2338,Breathing,meditation,Plot twist: focus on your breath 🌿
2339,Mobility,stretching,"Lowkey, hold child's pose 🧘"
2340,EMI,finance,Budget is a boss move 💰
2341,20-20-20,screen_break,Future you says: put your phone away 👀
2342,Celibacy,nofap,"Okay legend, leave your room 🧠"
2343,Japanese,practice,"Practice for 15 minutes, bestie 🎸"
2344,Water Break,hydration,"Fill up your bottle, just 5 min 💧"
2345,Less Caffeine,quit,"Hey bestie, skip the sugar today 💚"
2346,GATE Prep,studying,Small win: revise one topic 📝
2347,Laundry,chores,"Load the washing machine, legend 🧽"
2348,Morning Meditation,meditation,"Focus on your breath, superstar 🍃"
2349,Feel Good,mood,"Ahem, check your mood 💭"
2350,Night Brush,hygiene,Brush your teeth rn 🪥
2351,Multivitamin,meds,Friendly nudge: take your capsule 💊
2352,Duolingo,practice,Your instrument misses you 🎸
2353,Phone Free Dinner,screen_break,"Hello hello, blink and look away 🔌"
2354,Violin,practice,Pick up your instrument and slay 🎸
2355,Morning Meditation,meditation,"Hey, sit and breathe 🍃"
2356,No Late Nights,sleep,"Not to nag, but say good night 🛌"
2357,No Junk,quit,"Hello hello, pass on the drink 🌿"
2358,No Junk Food,meal,"Eat something healthy, bestie 🍲"
2359,Digital Purity,noporn,"Close that tab, just 5 min 🧠"
2360,Pranayama,meditation,"Okay legend, be present 🍃"
2361,Flashcards,studying,"No cap, open your notes 🎓"
2362,Audiobook,reading,Gentle reminder: read for 15 minutes 🔖
2363,Pomodoro,focus,Focus time? 🎯
2364,Write Thoughts,journaling,"Your story, your words 📓"
2365,No Porn,noporn,POV: you call a friend instead 🚫
2366,Morning Pages,journaling,"Reflect on today, no excuses 💭"
2367,Deep Work,focus,Friendly nudge: close extra tabs 🎯
2368,Abs,workout,Hit the gym fr 🔥
2369,Eat Salad,meal,Pause. Plate. Repeat. 🍳
2370,Declutter,chores,"Take out the trash, no excuses 🧽"
2371,Draw,creative,Write the first line 🎨
2372,Reset Sunday,chores,Plot twist: wipe the table 🧺
2373,Write Blog,creative,"Not to nag, but shoot one photo 🎨"
2374,Flowers,plants,Your plants is waiting 🪴
2375,No Social Media,screen_break,"20 seconds, look far away 📵"
2376,Water Break,hydration,"Hello hello, finish that bottle 🥤"
2377,Breakfast,meal,"Hey bestie, skip the junk 🥗"
2378,Nicotine Free,quit,"Say no today, no cap 🚭"
2379,Laundry,chores,Load the washing machine now 🧹
2380,Flexibility,stretching,Vibe check: touch your toes 🤸
2381,Kotlin Practice,coding,Breaking news: code for 30 minutes 💻
2382,Vacuum,chores,Laundry done? 🧺
2383,Wind Down,sleep,"Hello hello, switch off the lights 😴"
2384,Write Thoughts,journaling,"Write three lines, just 5 min 💭"
2385,Violin,practice,Plot twist: play your scales 🌍
2386,Skincare,skincare,"Put on sunscreen, promise? 🧴"
2387,Check List,other,"Lowkey, finish it today ✅"
2388,Painting,creative,Edit your video and slay 💡
2389,Park Walk,walking,Small win: go around the park 🌳
2390,5000 Steps,walking,Steps done? 🌳
2391,Sober,quit,Your sign to skip the sugar today 🌿
2392,Weekly Plan,focus,"Do your top task, legend 🎯"
2393,Pilates,stretching,Vibe check: do a sun salutation 🧘
2394,Cut Nails,hygiene,"Hey bestie, use mouthwash 🦷"
2395,Flashcards,studying,Quick one: open your notes 📝
2396,Chanting,prayer,"Give thanks, superstar 🪔"
2397,Jogging,running,"Okay legend, run at easy pace 🏃"
2398,5AM Club,wake,Gentle reminder: get out of bed 🌅
2399,How Am I Feeling,mood,Small win: do something kind for you 💭
2400,Protein Intake,meal,"Yo, eat slowly today 🍲"
2401,Wake Up,wake,Vibe check: get up now 🌅
2402,Office Work,focus,"Close extra tabs, promise? 🔕"
2403,HIIT,workout,"Okay legend, train hard today 🔥"
2404,Lab Record,studying,"Make your notes, no cap 📚"
2405,Wake Up Early,wake,Wake up now - you got this 🐓
2406,Duolingo,practice,"Hello hello, speak out loud 🎵"
2407,Wake at 6,wake,"Morning first, scroll later 🌅"
2408,Call Family,social,"Okay legend, check on your people 💬"
2409,Pay Bills,finance,"Ahem, check your SIP 💸"
2410,Kindle,reading,Words over reels 📚
2411,Shower,hygiene,Gentle reminder: take a cold shower 🪥
2412,Litter Box,pets,"Feed your dog, no excuses 🐱"
2413,Neck Stretch,stretching,Do some yoga now 🤸
2414,Sun Salutation,stretching,Gentle reminder: do a forward fold 🤸
2415,Daily Goal,other,"Not to nag, but finish your task 🙌"
2416,Hair Serum,skincare,"No cap, put on sunscreen 🧴"
2417,Save Money,finance,"No cap, update your budget 📈"
2418,Pay Bills,finance,Vibe check: log your expenses 💸
2419,IMD,fasting,"Stay in the fast, promise? 🥑"
2420,Walk Dog,pets,Feed your cat now 🐾
2421,Practice Habit,other,"Start for 5 minutes, just 5 min 🙌"
2422,Water Bottle,hydration,Take a big sip now 💧
2423,Clear Emails,focus,Future you says: silence your phone 🎯
2424,Date Night,social,Reply to messages and slay 💬
2425,Check In,mood,"No cap, log how you feel 💭"
2426,Morning Pages,journaling,"Write a brain dump, just 5 min 💭"
2427,Serum,skincare,"Psst, wash your face 🌸"
2428,Retinol,skincare,Quick one: pamper your skin 🧴
2429,Reply Messages,social,Small win: text a friend 📞
2430,Iron Tablet,meds,"Yo, check your meds ⏰"
2431,No PMO,nofap,"Hey, redirect your energy 👑"
2432,Wake Up Early,wake,"Splash some water, no cap 🐓"
2433,Pet Care,pets,"Walk your dog, legend 🐶"
2434,Wake at 6,wake,"Psst, turn off the alarm ⏰"
2435,Prayer,prayer,POV: you read a few verses 🪔
2436,Iron Clothes,chores,Real talk: put things back 🧽
2437,No Smoking,quit,"Wait out the craving, promise? 💚"
2438,Write Blog,creative,Art is therapy 💡
2439,Morning Routine,wake,Turn off the alarm now 🐓
2440,Scalp Care,skincare,Apply moisturizer - you got this 🧴
2441,Podcast,creative,Your sign to draw something small 🎨
2442,Morning Yoga,stretching,Fix your posture fr 🤸
2443,DSA,coding,Reminder: code for 30 minutes 🚀
2444,Ukulele,practice,Rockstar arc loading 🎵
2445,Lecture Review,studying,"Lowkey, start a pomodoro 📚"
2446,Content Creation,creative,Vibe check: work on your project 🎨
2447,Mood Check,mood,Check in with you 🌈
2448,IF,fasting,"Eat inside your window, please? 🥑"
2449,Morning Prayer,prayer,"Give thanks, legend 🕊"
2450,Gratitude List,journaling,Write a brain dump rn 💭
2451,EMI,finance,Log today's spends 📈
2452,No Porn,noporn,"Stay clean today, no excuses 🌱"
2453,Serum,skincare,Glass skin goals ✨
2454,Rise and Shine,wake,Your sign to get out of bed 🌅
2455,Night Routine,skincare,Friendly nudge: massage your scalp ✨
2456,Walk,walking,"Breathe, walk, repeat 🌳"
2457,GATE Prep,studying,"Study one chapter, bestie 🎓"
2458,Draw,creative,"Write a short poem, just 5 min 🎬"
2459,GitHub Commit,coding,Open your IDE rn 🐛
2460,GATE Prep,studying,"Grind today, grin tomorrow 📝"
2461,Edit Video,creative,"Ahem, edit your video 🎬"
2462,Call Family,social,Your sign to message a friend 📞
2463,Lunch Walk,walking,"Walk it off, champ 👟"
2464,Home Workout,workout,Quick one: hit the gym 🔥
2465,Routine,other,Consistency is your superpower ✅
2466,Reset Sunday,chores,Tidy up for 10 minutes now 🧺
2467,Notes,studying,POV: you revise yesterday's notes 📚
2468,No Phone,screen_break,"Ahem, put your phone away 👀"
2469,Coding,coding,Push a commit fr 🚀
2470,Top 3 Tasks,focus,"Finish one task, legend 🎯"
2471,Read News,reading,Pick up your book rn 📚
2472,Long Run,running,Runner's high is calling 🏃
2473,Practice Habit,other,Plot twist: tick this off ✅
2474,Challenge,other,Plot twist: complete your goal 🙌
2475,Healthy Snack,meal,"Prep a healthy meal, bestie 🍳"
2476,Dinner,meal,"This meal is bussin, probably 🍳"
2477,Debug,coding,"No cap, refactor one file 💻"
2478,Morning Meditation,meditation,Breathe like you mean it 🍃
2479,Check Bank,finance,Friendly nudge: check your accounts 📈
2480,Jog,running,Reminder: run at easy pace 🏃
2481,Skincare,skincare,Put on sunscreen rn ✨
2482,Office Work,focus,"Start a focus block, no excuses 🔕"
2483,No Doomscrolling,screen_break,Your phone misses you 📵
2484,IMD,fasting,POV: you start your fast now 🕐
2485,Run 3 KM,running,"Do your intervals, no cap 💨"
2486,Lunch Break,meal,"Feed yourself, it's self care 🍲"
2487,Mindfulness,meditation,"Hello hello, sit and breathe 🍃"
2488,Feed Dog,pets,"Feed your dog, superstar 🐱"
2489,Morning Yoga,stretching,"Yo, hold child's pose 🤸"
2490,Read a Chapter,reading,Read one chapter today 🔖
2491,Lunch Walk,walking,"Hit your step goal, promise? 🌳"
2492,Budget,finance,"Move money to savings, please? 💰"
2493,Morning Prayer,prayer,Don't leave your quiet time on read 🪔
2494,Check List,other,"Not to nag, but make progress today ⭐"
2495,No Porn,noporn,"Go outside for a bit, no cap 🌱"
2496,Budget,finance,"Okay legend, check your accounts 💸"
2497,No Late Nights,sleep,"Hello hello, say good night 😴"
2498,Morning Run,running,Reminder: run one easy km 💨
2499,Inbox Zero,focus,"Hey bestie, focus for 25 minutes ⏳"
2500,Long Run,running,Chase a new PR rn 🏃
2501,No Porn,noporn,"Call a friend instead, superstar 🧠"
2502,Lights Off,sleep,"Hey, close your eyes 🛌"
2503,Gratitude List,journaling,Breaking news: reflect on today 💭
2504,Date Night,social,Small win: call your mom 💬
2505,Lights Off,sleep,Sweet dreams loading 🌙
2506,Gardening,plants,"Trim dead leaves, please? 🌱"
2507,Walk 30 Min,walking,"Fresh air time? Yes, now. 🚶"
2508,Fast Until Noon,fasting,"Hey bestie, skip the late snack 🕐"
2509,Draw,creative,Your sign to make something new 🎨
2510,Manga,reading,Small win: read one chapter 📚
2511,Lecture Review,studying,Gentle reminder: solve a mock test 📚
2512,Steps Goal,walking,"Take a quick walk, no cap 🌳"
2513,Plank,workout,Your glow up is loading 🥇
2514,Power Nap,sleep,"Phone down, eyes closed 🌙"
2515,Photography,creative,Edit your video rn 🎨
2516,Feed Dog,pets,Purrfect time to feed 🐾
2517,Park Walk,walking,Take a short stroll fr 🚶
2518,Protein Intake,meal,"Have your meal, legend 🥗"
2519,Sleep Early,sleep,Your sign to get into bed 😴
2520,Feel Good,mood,"Hey, name your feeling 🌈"
2521,DSA,coding,POV: code time 🐛
2522,Take Medicine,meds,POV: you check your meds ⏰
2523,Laundry,chores,Vibe check: do the dishes 🧽
2524,Top 3 Tasks,focus,"Lowkey, close extra tabs ⏳"
2525,Evening Run,running,Reminder: do your intervals 👟
2526,No Snooze,wake,Get out of bed and slay ⏰
2527,Lights Off,sleep,Breaking news: get some sleep 😴
2528,N2,nofap,Redirect your energy rn 🔒
2529,Lights Off,sleep,Rest like you mean it 🌙
2530,Inhaler,meds,Take it with water and slay 💊
2531,Feed Fish,pets,Future you says: feed your cat 🐱
2532,Iron Tablet,meds,Vitamins done? ⏰
2533,Post-dinner Walk,walking,Your sign to stretch your legs 🚶
2534,Mindfulness,meditation,Do box breathing rn 🌿
2535,Morning Routine,wake,Your sign to splash some water 🌅
2536,Personal Goal,other,"Finish it today, legend 🙌"
2537,10 Min Yoga,stretching,"Hold child's pose, superstar 🤸"
2538,Early Riser,wake,Leave your bed fr ⏰
2539,Vet Visit,pets,"Fill the water bowl, bestie 🐾"
2540,Pranayama,meditation,"Yo, sit in silence 🍃"
2541,Meditation,meditation,"Try a body scan, no excuses 🌿"
2542,Speak English,practice,Quick one: learn five new words 🎵
2543,Japanese,practice,Vibe check: learn one new phrase 🌍
2544,Pranayama,meditation,Quick one: be present 🌿
2545,Refill Bottle,hydration,"Drink some water, legend 🚰"
2546,Call Mom,social,"Catch up, don't hang up 🤝"
2547,Hair Oil,skincare,"Not to nag, but massage your scalp 🌸"
2548,Homework,studying,"Revise one topic, superstar 📚"
2549,Night Journal,journaling,"No cap, list three good things 💭"
2550,Singing,practice,The owl is watching 🌍
2551,Home Workout,workout,Friendly nudge: lift something heavy 💪
2552,16:8 Fasting,fasting,"No cap, eat a protein-rich meal 🥑"
2553,Chanting,prayer,"Hey, light a candle 🪔"
2554,Kindle,reading,Finish a chapter - you got this 📖
2555,Flowers,plants,"Mist your plants, no cap 🌱"
2556,Water Bottle,hydration,Quick one: chug some water 💧
2557,Eye Break,screen_break,"Psst, keep your phone aside 🔌"
2558,Meditate,meditation,"Okay legend, sit and breathe 🌿"
2559,Violin,practice,"Hello hello, finish one lesson 🎵"
2560,Reading,reading,"Continue your story, just 5 min 📚"
2561,Retinol,skincare,Not a drill: skincare time 🌸
2562,Declutter,chores,Make your bed - you got this 🧺
2563,Notes,studying,Main character move: make your notes 📚
2564,Night Routine,skincare,"Psst, apply moisturizer 🧴"
2565,Hydration,hydration,Plot twist: drink some water 💧
2566,Running,running,Plot twist: run one easy km 💨
2567,Pranayama,meditation,Future you says: find your calm 🧘
2568,Chess Puzzle,practice,Practice your scales and slay 🎵
2569,Abs,workout,"Sweat is just glitter, bestie 🥇"
2570,Call Mom,social,"Ahem, call your family 📞"
2571,Take Medicine,meds,"No cap, take your tablet 💊"
2572,Breathing,meditation,POV: you try a body scan 🌿
2573,Quit Smoking,quit,"Yo, protect your quit streak 💚"
2574,Early Riser,wake,Gentle reminder: wake up now 🌅
2575,Practice Habit,other,"Tick this off, no excuses ⭐"
2576,Walk,walking,"Take a quick walk, just 5 min 🚶"
2577,Fast Until Noon,fasting,"No cap, stay in the fast 🥑"
2578,Neck Stretch,stretching,Stretch for 5 minutes now 🤸
2579,Flexibility,stretching,Don't ghost your mat 🤸
2580,10 Min Yoga,stretching,Loosen your shoulders now 🧘
2581,Balcony Garden,plants,"Feed your plants, bestie 🪴"
2582,New Habit,other,Small win: tick this off ⭐
2583,Reminder,other,Breaking news: finish your task ✅
2584,Read Before Bed,reading,Reminder: open your kindle 🔖
2585,Violin,practice,"Practice your scales, just 5 min 🎸"
2586,Quit Smoking,quit,"Protect your quit streak, bestie 🚭"
2587,SIP,finance,"Savings, then chill 📈"
2588,NoFap,nofap,"Do 20 pushups instead, superstar 👑"
2589,Clean Room,chores,A clean home is waiting 🧹
2590,Clean Room,chores,"Yo, start the laundry 🧺"
2591,Rest,sleep,"Yo, dim the lights 🛌"
2592,Focus Session,focus,Vibe check: finish one task 🔕
2593,Sugar Free,quit,"Skip the smoke break, promise? 🚭"
2594,OMAD,fasting,"Eat a protein-rich meal, promise? 🍵"
2595,Morning Water,hydration,Small win: drink some water 💧
2596,To-Do List,focus,"Close extra tabs, please? ⏳"
2597,Urge Control,nofap,Future you says: leave your room 🧠
2598,Screen Break,screen_break,"Hey bestie, switch off notifications 📵"
2599,Therapy Notes,mood,"Do something kind for you, legend 💭"
2600,Poetry,creative,"Brainstorm one idea, promise? 🎬"
2601,Quit Porn,noporn,Okay but your clean streak? 🚫
2602,Sugar Free,quit,"Hey bestie, pass on the drink 💚"
2603,Laundry,chores,"Put things back, just 5 min 🧹"
2604,Meditation,meditation,"Close your eyes, open your mind 🌿"
2605,Feed Fish,pets,POV: you brush your pet 🐾
2606,No Sugar,quit,Okay but your quit streak? 🌿
2607,10 Min Yoga,stretching,Gentle reminder: touch your toes 🧘
2608,Work Block,focus,"Plan your day, please? 🔕"
2609,Breathwork,meditation,Sit and breathe today 🧘
2610,Kotlin Practice,coding,"Fix one bug, promise? 🐛"
2611,Self Care,mood,"Take a kind pause, please? 💭"
2612,Clean Mind,noporn,Reminder: close that tab 🌱
2613,Audiobook,reading,"Move your bookmark, promise? 📚"
2614,Affirmations,journaling,"Write one page, bestie 📓"
2615,Push Day,workout,"Lowkey, show up and lift 💪"
2616,Sun Salutation,stretching,Stretching o'clock! 🤸
2617,Walk 30 Min,walking,Reminder: go around the park 🚶
2618,Draw,creative,Real talk: edit your video 💡
2619,Power Nap,sleep,Close your eyes now 🛌
2620,Digital Purity,noporn,POV: you close that tab 🧠
2621,Flowers,plants,"Lowkey, water your plants 🪴"
2622,Wake Up Early,wake,"Turn off the alarm, please? 🐓"
2623,LeetCode,coding,Okay but your repo? 🐛
2624,Bible Reading,prayer,Friendly nudge: do your pooja 🪔
2625,Call Grandma,social,Check on your people rn 📞
2626,20 Pages,reading,Pick up your book today 🔖
2627,Pet Care,pets,"Refill the food bowl, bestie 🐾"
2628,Insulin,meds,Don't leave your dose on read 💊
2629,Book Club,reading,Vibe check: read five pages 🔖
2630,Diary,journaling,Write your affirmations now 📝
2631,Shave,hygiene,Okay but your toothbrush? 🦷
2632,CTM Routine,skincare,"Ahem, apply moisturizer 🌸"
2633,Brunch,meal,Don't leave your plate on read 🍲
2634,Morning Meditation,meditation,Vibe check: take ten deep breaths 🍃
2635,Feed Dog,pets,"Hey, fill the water bowl 🐶"
2636,Inhaler,meds,Take your capsule - you got this ⏰
2637,Pay Bills,finance,Note today's spending - you got this 📈
2638,Breathwork,meditation,"Hey bestie, sit and breathe 🍃"
2639,Meditate,meditation,"Hello hello, meditate for 5 minutes 🌿"
2640,Mobility,stretching,Breaking news: do a quick stretch 🤸
2641,Vocab,practice,"Learn five new words, bestie 🌍"
2642,Call Mom,social,Breaking news: call someone you love 🤝
2643,Plan the Day,focus,CEO of getting things done 🔕
2644,Mobility,stretching,"Stretch your back, legend 🧘"
2645,Draw,creative,"Make something new, please? 💡"
2646,Self Care,mood,POV: you log how you feel 🌈
2647,Treadmill Run,running,Gentle reminder: start your run 🏃
2648,Pooja,prayer,Chant your mantra rn 🕊
2649,8 Hours Sleep,sleep,"Dim the lights, just 5 min 🌙"
2650,Bath,hygiene,"Floss tonight, bestie 🦷"
2651,Audiobook,reading,"Hello hello, move your bookmark 📚"
2652,Early to Bed,sleep,Your pillow needs you now 🌙
2653,Post-dinner Walk,walking,Friendly nudge: take the stairs 👟
2654,Healthy Meal,meal,Quick one: prep a healthy meal 🍲
2655,Lab Record,studying,"Yo, revise one topic 📚"
2656,Lights Off,sleep,Your sign to sleep on time 🛌
2657,Intermittent Fasting,fasting,Skip the late snack now 🥑
2658,3 Good Things,journaling,"No cap, write in your journal 📝"
2659,Personal Goal,other,Make progress today and slay ⭐
2660,Therapy Notes,mood,Check your mood fr 🫶
2661,Wind Down,sleep,POV: you dim the lights 🌙
2662,Clean Mind,noporn,Turn on your blocker and slay 🚫
2663,Keto,fasting,"Hello hello, sip some green tea 🥑"
2664,Less TikTok,screen_break,Real talk: close the reels 👀
2665,GitHub Commit,coding,"LeetCode first, scroll later 💻"
2666,Shave,hygiene,"Trim your nails, promise? 🪥"
2667,Eat Breakfast,meal,Hangry is not a personality 🥗
2668,No Porn,noporn,"No cap, turn on your blocker 🌱"
2669,Prayer,prayer,"Chant for 5 minutes, superstar 🙏"
2670,Violin,practice,Vibe check: pick up your instrument 🎸
2671,Brush Teeth,hygiene,Take a quick bath today 🦷
2672,B12,meds,"Health first, always ⏰"
2673,Post-dinner Walk,walking,Vibe check: walk for ten minutes 🌳
2674,Minoxidil,skincare,Skincare > excuses 🌸
2675,Omega 3,meds,"Lowkey, check your meds ⏰"
2676,Call Grandparents,social,Future you says: message a friend 💬
2677,Bath,hygiene,"Psst, freshen up 🧼"
2678,Lunch Break,meal,Grab some fruit rn 🍳
2679,IF,fasting,"Keep the kitchen closed, bestie 🥑"
2680,Worship,prayer,Reminder: sit in prayer 🕊
2681,Pet Care,pets,"Zoomies incoming, take him out 🐱"
2682,EMI,finance,Friendly nudge: update your budget 📈
2683,3 Good Things,journaling,"Hey, write one page 📓"
2684,Invest,finance,Cart full? Think twice 📈
2685,BP Tablet,meds,"Hey bestie, take your dose 💊"
2686,Water,hydration,"Grab a glass, no cap 🥤"
2687,Feed Cat,pets,"Lowkey, give a treat 🐾"
2688,Moisturize,skincare,"Finish your routine, please? ✨"
2689,JEE Prep,studying,Real talk: review your flashcards 📚
2690,Side Project,coding,LeetCode o'clock! 💻
2691,Abs,workout,"Okay legend, lift something heavy 🥇"
2692,DSA,coding,LeetCode is calling 🐛
2693,Serum,skincare,"Glow first, scroll later 🌸"
2694,Bible Reading,prayer,Faith era starts now 🕊
2695,Bedtime,sleep,Plot twist: take a power nap 🌙
2696,Diet,fasting,Plot twist: eat a protein-rich meal 🥑
2697,Walk,walking,Sunlight + steps = happy 🌳
2698,Log Expenses,finance,Friendly nudge: check your SIP 💸
2699,Floss,hygiene,Everything shower? Slay 🦷
2700,Clear Emails,focus,"Write your to-do list, just 5 min ⏳"
2701,Hydrate,hydration,Quick one: hydrate now 💧
2702,Eat Breakfast,meal,Gentle reminder: fuel your body 🍲
2703,Sugar Free,quit,"Not to nag, but skip it today 🌿"
2704,Treadmill Run,running,"Yo, run at easy pace 👟"
2705,Marathon Prep,running,"Warm up and jog, no excuses 💨"
2706,Learn Python,coding,POV: you fix one bug 🐛
2707,Omega 3,meds,"Hey bestie, take your medicine 💊"
2708,Plant Care,plants,Future you says: give them water 💦
2709,SIP,finance,Breaking news: check your budget 💸
2710,Morning Prayer,prayer,"Hello hello, give thanks 🕊"
2711,Healthy Snack,meal,Lunch is calling 🥗
2712,Evening Run,running,"Chase a new PR, no cap 🏃"
2713,Duolingo,practice,"Pick up your instrument, no excuses 🎵"
2714,Organize Desk,chores,Quick one: load the washing machine 🧹
2715,Singing,practice,Do your lesson now 🎸
2716,Typing Practice,practice,Do your lesson today 🎵
2717,Posture Check,stretching,Yoga time? 🧘
2718,Feel Good,mood,"Be gentle with yourself, superstar 🫶"
2719,Urge Control,nofap,"Ahem, go to the gym instead 🔒"
2720,Wake Up Early,wake,Get out of bed rn ⏰
2721,Run 3 KM,running,Future you says: warm up and jog 👟
2722,Rest,sleep,Go to bed and slay 🌙
2723,Challenge,other,"Lowkey, do it right now ✅"
2724,Digital Purity,noporn,"Lowkey, block that site 🧠"
2725,Unplug,screen_break,Rest your eyes today 📵
2726,Herb Garden,plants,"Green babies time? Yes, now. 🌱"
2727,No Snooze,wake,"Get up now, superstar 🌅"
2728,Lecture Review,studying,"Exam season, beast season 🎓"
2729,100 Days of Code,coding,"Not to nag, but write some code 💻"
2730,Interval Run,running,"Ahem, run one easy km 💨"
2731,Wind Down,sleep,Reminder: plug in and lie down 🛌
2732,Scalp Care,skincare,"Do your night routine, no cap ✨"
2733,Meet Friends,social,Reply to messages today 📞
2734,No Nut,nofap,Small win: go for a walk now 👑
2735,Mouthwash,hygiene,Real talk: brush for two minutes 🧼
2736,Wind Down,sleep,Your sign to start winding down 🌙
2737,Breathwork,meditation,"Calm, then chill 🍃"
2738,Lights Off,sleep,Small win: dim the lights 🌙
2739,Practice Habit,other,"Do it now, bestie 🙌"
2740,Painting,creative,Real talk: write for ten minutes 🎬
2741,Lunch Walk,walking,Small win: stretch your legs 👟
2742,Hair Oil,skincare,SPF on? ✨
2743,Call Grandparents,social,POV: you check on your people 📞
2744,Check List,other,"Finish your task, promise? 🙌"
2745,100 Days of Code,coding,Write some code - you got this 💻
2746,Digital Purity,noporn,"Close that tab, no excuses 🚫"
2747,To-Do List,focus,Silence your phone - you got this ⏳
2748,Nap,sleep,"Psst, plug in and lie down 🛌"
2749,Eat On Time,meal,Friendly nudge: skip the junk 🍲
2750,Long Run,running,"Chase a new PR, please? 💨"
2751,Balcony Garden,plants,Give them water now 💦
2752,Quit Smoking,quit,"Chew gum instead, bestie 🚭"
2753,Take Out Trash,chores,Breaking news: take out the trash 🧽
2754,Hike,walking,Gentle reminder: go for a walk 🚶
2755,EMI,finance,Check your budget today 💸
2756,Walk,walking,"Go for a walk, legend 👟"
2757,No Junk Food,meal,"Add some protein, bestie 🥗"
2758,5000 Steps,walking,"Psst, walk for fifteen minutes 👟"
2759,Hair Oil,skincare,"Moisturize now, superstar ✨"
2760,Power Nap,sleep,Main character move: dim the lights 🌙
2761,Feed Dog,pets,"Psst, take the dog out 🐱"
2762,Vitamin D3,meds,"Take your capsule, no cap 💊"
2763,Scalp Care,skincare,"Moisturize now, just 5 min ✨"
2764,Quit Vaping,quit,"Clean living first, scroll later 🌿"
2765,Running,running,Gentle reminder: run one easy km 👟
2766,Assignment,studying,Breaking news: solve a mock test 🎓
2767,Run 5K,running,"Psst, hit the track 💨"
2768,Practice Habit,other,Main character move: finish it today ⭐
2769,Supplements,meds,Vibe check: take your medicine 💊
2770,Morning Prayer,prayer,"Psst, read one verse 🪔"
2771,Audiobook,reading,Plot twist: continue your story 📚
2772,Night Brush,hygiene,Friendly nudge: take a quick bath 🧼
2773,Journal,journaling,Real talk: write one gratitude 📝
2774,Tulsi,plants,Your monstera is judging 🪴
2775,Feed Fish,pets,"Okay legend, clean the litter box 🐶"
2776,Jogging,running,Future you says: go for a run 👟
2777,Herb Garden,plants,"Psst, give them water 🪴"
2778,Morning Water,hydration,Plot twist: hydrate now 🥤
2779,20-20-20,screen_break,"Ahem, close the reels 👀"
2780,Feed Cat,pets,"Clean the litter box, superstar 🐶"
2781,Cold Shower,hygiene,Reminder: trim your nails 🪥
2782,Log Expenses,finance,Breaking news: note today's spending 💰
2783,Wake at 6,wake,Five more minutes? Nope 🌅
2784,Duolingo,practice,"Ahem, play your scales 🌍"
2785,Goal,other,Discipline > motivation 🙌
2786,Gardening,plants,Gentle reminder: repot one plant 💦
2787,Audiobook,reading,Move your bookmark now 📖
2788,Succulents,plants,Reminder: check the soil 💦
2789,Bible Reading,prayer,"Soul time, not screen time 🪔"
2790,Inbox Zero,focus,"Not to nag, but close extra tabs ⏳"
2791,Shave,hygiene,"Take a quick bath, bestie 🪥"
2792,Build App,coding,"Hello world, hello habit 🐛"
2793,JEE Prep,studying,Friendly nudge: make your notes 📝
2794,No Junk,quit,Friendly nudge: say no today 🚭
2795,B12,meds,"Take your vitamins, no excuses ⏰"
2796,Craft,creative,"Write a short poem, please? 💡"
2797,Deep Work,focus,"Hey bestie, close extra tabs 🎯"
2798,Pills,meds,"Check your meds, no cap ⏰"
2799,Pet Care,pets,Friendly nudge: clean the litter box 🐱
2800,Catch Up,social,Small win: send a voice note 🤝
2801,Eat Breakfast,meal,"Add some protein, just 5 min 🥗"
2802,Call Mom,social,"Yo, check on your people 📞"
2803,Mental Health Check,mood,Real talk: check your mood 🌈
2804,Assignment,studying,Vibe check: study for 25 minutes 📚
2805,Retinol,skincare,"No cap, finish your routine ✨"
2806,H2O,hydration,"Fill up your bottle, legend 🚰"
2807,H2O,hydration,"Hey bestie, take a big sip 🥤"
2808,How Am I Feeling,mood,Check your mood now 💭
2809,Run 3 KM,running,Vibe check: start your run 💨
2810,Bedtime,sleep,"Sleep, then chill 😴"
2811,Flashcards,studying,"Solve ten questions, please? 🎓"
2812,Unplug,screen_break,"Blink and look away, promise? 🔌"
2813,Take Medicine,meds,"Hello hello, take your capsule 💊"
2814,Learn Korean,practice,"Okay legend, pick up your instrument 🌍"
2815,Morning Run,running,Friendly nudge: start your run 👟
2816,Offline Hour,screen_break,"Put your phone away, no cap 📵"
2817,Pay Bills,finance,"Invest in you, literally 📈"
2818,Flowers,plants,Check the soil today 💦
2819,Pull Day,workout,Quick one: get your sweat on 🥇
2820,3L Water,hydration,Reminder: have some water 🥤
2821,Reset Sunday,chores,"Laundry time? Yes, now. 🧹"
2822,No Sugar,quit,Quick one: say no today 🚭
2823,Date Night,social,"Ahem, plan a catch up 💬"
2824,Meditate,meditation,Close your eyes and breathe and slay 🧘
2825,GitHub Commit,coding,"Lowkey, open your IDE 💻"
2826,Balcony Garden,plants,POV: you give them water 💦
2827,Quit Porn,noporn,Breaking news: block that site 🚫
2828,Box Breathing,meditation,POV: you be present 🍃
2829,UPSC Prep,studying,Okay but revision? 📚
2830,Digital Detox,screen_break,"Look far for 20 seconds, bestie 🔌"
2831,Coconut Water,hydration,"Finish that bottle, no excuses 🚰"
2832,N2,nofap,"Okay legend, stay disciplined 👑"
2833,Eye Break,screen_break,"Lowkey, put your phone away 🔌"
2834,No Soda,quit,It's giving sobriety 🚭
2835,Practice Habit,other,Future you says: make progress today ✅
2836,My Task,other,"Get it done, legend ⭐"
2837,Screen Break,screen_break,"Hey bestie, keep your phone aside 👀"
2838,Mood Log,mood,"Hey, rate your day 💭"
2839,Brunch,meal,"Hello hello, have lunch now 🥗"
2840,Mental Health Check,mood,"Write one feeling, no cap 🌈"
2841,Morning Pages,journaling,Write one page rn 📝
2842,Less Caffeine,quit,Wait out the craving fr 🚭
2843,Therapy Notes,mood,"Name your feeling, just 5 min 💭"
2844,LeetCode,coding,"Practice one algorithm, legend 🚀"
2845,NoPorn,noporn,Keep your clean streak alive now 🌱
2846,Semester Prep,studying,POV: you study for 25 minutes 🎓
2847,Photography,creative,Your canvas is calling 🎬
2848,Wake Up Early,wake,"Not to nag, but rise and shine 🐓"
2849,Feed Dog,pets,"Walk your dog, just 5 min 🐶"
2850,Piano,practice,"Practice for 15 minutes, no cap 🎸"
2851,Diet,fasting,"No snacking, no cap 🍵"
2852,Vitamins,meds,"Take it with water, no cap ⏰"
2853,Wake at 6,wake,Open the curtains and slay ⏰
2854,Doodle,creative,Small win: write for ten minutes 🎨
2855,Long Run,running,"Yo, jog for 15 minutes 👟"
2856,Iron Clothes,chores,Take out the trash fr 🧺
2857,Pilates,stretching,Breaking news: fix your posture 🧘
2858,Dishes,chores,Future you says: fold your clothes 🧽
2859,Insulin,meds,"Pop your supplement, superstar 💊"
2860,Diary,journaling,Write three lines today 📓
2861,Design Practice,creative,Work on your project today 🎬
2862,Flashcards,studying,"Hey bestie, open your notes 📚"
2863,Web Dev,coding,Vibe check: finish one feature 🐛
2864,Brush Teeth,hygiene,Brush your teeth now 🦷
2865,Hike,walking,"Move your feet, clear your head 🚶"
2866,Litter Box,pets,"Feed your dog, legend 🐶"
2867,Stretch,stretching,Gentle reminder: hold child's pose 🤸
2868,Plank,workout,"Lowkey, do 20 pushups 🔥"
2869,Chess Puzzle,practice,"Yo, play your scales 🎵"
2870,Practice Habit,other,"Tick this off, please? 🙌"
2871,Trek,walking,Step outside - you got this 🌳
2872,Walk 30 Min,walking,"Hello hello, walk around the block 🚶"
2873,Inhaler,meds,Pop your supplement rn ⏰
2874,Skincare,skincare,Future you says: moisturize now ✨
2875,Sun Salutation,stretching,Okay but stretching? 🤸
2876,Reading,reading,"Open your kindle, superstar 🔖"
2877,IMD,fasting,Real talk: stay in the fast 🍵
2878,Do The Thing,other,You said you would. Go! ⭐
2879,Manga,reading,Read for 15 minutes now 📚
2880,Marathon Prep,running,"Go for a run, superstar 👟"
2881,Hydration,hydration,"Drink some water, just 5 min 🚰"
2882,Treadmill Run,running,"Okay legend, start your run 💨"
2883,Inhaler,meds,"No cap, take your vitamins ⏰"
2884,Guitar Practice,practice,Main character move: do your lesson 🎵
2885,Call Mom,social,"Family time? Yes, now. 📞"
2886,Morning Workout,workout,Vibe check: do a quick workout 💪
2887,NoPorn,noporn,POV: you turn on your blocker 🧠
2888,Supplements,meds,Small win: pop your supplement 💊
2889,Face Wash,skincare,POV: you oil your hair 🌸
2890,Organize Desk,chores,"Not to nag, but do the dishes 🧺"
2891,Power Nap,sleep,Get into bed - you got this 😴
2892,Read Before Bed,reading,"Ahem, open your kindle 📚"
2893,Diary,journaling,Main character move: note your wins 💭
2894,Eat Salad,meal,Have your meal and slay 🍳
2895,No NSFW,noporn,Quick one: close that tab 🧠
2896,Night Brush,hygiene,Not a drill: fresh breath time 🧼
2897,18:6 Fast,fasting,Vibe check: eat inside your window 🕐
2898,Violin,practice,"Psst, practice your scales 🎸"
2899,Water Goal,hydration,Plot twist: take a big sip 🥤
2900,Check List,other,"Hello hello, get it done 🙌"
2901,Porn Free,noporn,Don't ghost a clear mind 🧠
2902,Mantra,prayer,"Hey, read one verse 🙏"
2903,Wind Down,sleep,"Sleep on time, please? 🌙"
2904,JEE Prep,studying,POV: you solve ten questions 📝
2905,Healthy Snack,meal,"Prep a healthy meal, please? 🥗"
2906,Book Club,reading,Smart is the new hot 📚
2907,DSA,coding,"Fix one bug, bestie 🚀"
2908,Call Grandma,social,Reminder: call someone you love 📞
2909,Breakfast,meal,Have your meal now 🍲
2910,How Am I Feeling,mood,Future you says: check your mood 🫶
2911,Cut Nails,hygiene,Your sign to take a quick bath 🧼
2912,Calisthenics,workout,"Start your workout, please? 🔥"
2913,Stroll,walking,Future you says: hit your step goal 🌳
2914,Digital Detox,screen_break,"Yo, look far for 20 seconds 📵"
2915,Therapy Notes,mood,"No cap, check in with yourself 🌈"
2916,Run 3 KM,running,"Hey bestie, do your intervals 💨"
2917,Prayer,prayer,Read a few verses and slay 🙏
2918,Calorie Deficit,fasting,"Stay in the fast, no cap 🕐"
2919,Daily Problem,coding,"Write one function, bestie 🚀"
2920,Declutter,chores,"Hey bestie, fold your clothes 🧹"
2921,Routine,other,Do it for future you ⭐
2922,BP Tablet,meds,"Lowkey, pop your supplement 💊"
2923,Interval Run,running,"Okay legend, do a quick jog 👟"
2924,Shave,hygiene,"Brush for two minutes, no cap 🪥"
2925,Fasting,fasting,Fasting era starts now 🥑
2926,My Task,other,"Small habit, big you ✅"
2927,Chest Day,workout,"Do a quick workout, no excuses 🥇"
2928,Morning Workout,workout,Gentle reminder: move that body 🥇
2929,Wake at 6,wake,Friendly nudge: turn off the alarm 🌅
2930,Vet Visit,pets,Fill the water bowl today 🐾
2931,N2,nofap,"Redirect your energy, please? 👑"
2932,Night Brush,hygiene,POV: you freshen up 🪥
2933,Inbox Zero,focus,"Lowkey, start a focus block ⏳"
2934,Office Work,focus,"Silence your phone, superstar 🔕"
2935,Kitchen Clean,chores,"Okay legend, take out the trash 🧺"
2936,Revision,studying,"Start a pomodoro, no cap 📚"
2937,Rise and Shine,wake,"Get out of bed, just 5 min ⏰"
2938,My Task,other,POV: you get it done ✅
2939,Marathon Prep,running,Plot twist: warm up and jog 👟
2940,Office Work,focus,"Block your calendar, superstar 🎯"
2941,No Social Media,screen_break,"Take a screen break, bestie 📵"
2942,Save Money,finance,Real talk: move money to savings 📈
2943,Pomodoro,focus,Breaking news: plan your day ⏳
2944,Refill Bottle,hydration,Small win: hydrate now 🥤
2945,Hydration,hydration,Finish that bottle - you got this 🥤
2946,Skincare,skincare,"Ahem, do your night routine 🧴"
2947,Hot Girl Walk,walking,"Take a short stroll, no excuses 🚶"
2948,Journal,journaling,Write your affirmations and slay 💭
2949,No Alcohol,quit,Gentle reminder: say no today 🌿
2950,Screen Break,screen_break,Don't ghost your eyes 📵
2951,Content Creation,creative,"Hey bestie, shoot one photo 🎨"
2952,Singing,practice,"Ahem, pick up your instrument 🎸"
2953,No Late Nights,sleep,Plot twist: start winding down 🌙
2954,No Doomscrolling,screen_break,"Close the reels, legend 👀"
2955,Hydration,hydration,"No cap, hydrate now 💧"
2956,Water Break,hydration,"Chug some water, promise? 💧"
2957,Eat Salad,meal,Small win: have your meal 🥗
2958,20:4 Fast,fasting,"Break your fast gently, no excuses 🍵"
2959,Goal,other,"Make progress today, superstar 🙌"
2960,Hair Serum,skincare,Reminder: pamper your skin ✨
2961,Plant Care,plants,"Not to nag, but feed your plants 💦"
2962,Floss,hygiene,Freshen up now 🧼
2963,Network,social,"Reply to messages, legend 📞"
2964,Squats,workout,"Crush one set, no cap 🥇"
2965,Healthy Meal,meal,Your sign to grab some fruit 🍳
2966,Back Stretch,stretching,Flow for ten minutes fr 🤸
2967,Catch Up,social,It's giving family 🤝
2968,BP Tablet,meds,Quick one: take your vitamins ⏰
2969,Neck Stretch,stretching,Vibe check: roll your neck 🧘
2970,B12,meds,Take today's dose and slay 💊
2971,Minoxidil,skincare,Friendly nudge: do your skincare 🧴
2972,Self Control,nofap,"Hey bestie, try a cold shower 🔒"
2973,Meet Friends,social,Reply to messages rn 💬
2974,Office Work,focus,POV: you work for 25 minutes ⏳
2975,Less Caffeine,quit,Freedom tastes better 💚
2976,Budget,finance,Breaking news: move money to savings 📈
2977,Morning Pill,meds,Take your vitamins and slay ⏰
2978,Vitamins,meds,Don't ghost your vitamins 💊
2979,Call Family,social,Family o'clock! 📞
2980,Feel Good,mood,"Not to nag, but rate your day 🫶"
2981,Kotlin Practice,coding,Not a drill: code time 🐛
2982,Manga,reading,"No cap, read ten pages 🔖"
2983,Neck Stretch,stretching,Friendly nudge: roll your neck 🧘
2984,GATE Prep,studying,"Okay legend, open your notes 🎓"
2985,Feed Dog,pets,Small win: clean the litter box 🐶
2986,Wake Up,wake,Rise and shine - you got this 🌅
2987,100 Days of Code,coding,"Write one function, superstar 💻"
2988,No Sugar,quit,Gentle reminder: pass on the drink 💚
2989,Cold Shower,hygiene,Brushed yet? 🦷
2990,Dishes,chores,"Laundry first, scroll later 🧽"
2991,20 Pages,reading,"Not to nag, but move your bookmark 📖"
2992,Worship,prayer,Give thanks fr 🪔
2993,Call Dad,social,"Psst, check on a friend 💬"
2994,Write Blog,creative,"Write for ten minutes, legend 💡"
2995,Sunscreen,skincare,"Ahem, wash your face 🌸"
2996,DSA,coding,"Lowkey, practice one algorithm 🚀"
2997,Write Blog,creative,Sketch time? 💡
2998,Wake Up Early,wake,"Start your morning, no cap 🌅"
2999,Top 3 Tasks,focus,"Do your top task, just 5 min ⏳"
3000,Hike,walking,"Hello hello, take a quick walk 👟"
3001,Practice Habit,other,Future you says: start for 5 minutes 🙌
3002,Discipline Streak,nofap,"Quick one: lock the phone, step out 👑"
3003,Network,social,"Hello hello, call your dad 🤝"
3004,Dance Practice,practice,Vibe check: practice for 15 minutes 🌍
3005,Morning Prayer,prayer,"Read a few verses, no excuses 🕊"
3006,Flexibility,stretching,"Do a forward fold, promise? 🧘"
3007,Mouthwash,hygiene,"Brush for two minutes, no excuses 🪥"
3008,New Habit,other,Tick this off and slay ⭐
3009,GATE Prep,studying,"Ahem, solve ten questions 📝"
3010,Ukulele,practice,Practice o'clock! 🎵
3011,Wake Up,wake,"Morning, sleepyhead 🌅"
3012,Yoga,stretching,Real talk: do some yoga 🤸
3013,Night Routine,skincare,Plot twist: finish your routine 🧴
3014,Feel Good,mood,"Mood check, no judgement 🫶"
3015,Pills,meds,Breaking news: check your meds ⏰
3016,10 Min Calm,meditation,Breaking news: try a body scan 🌿
3017,Quit Porn,noporn,"Hey, turn on your blocker 🚫"
3018,No PMO,nofap,Breaking news: protect your streak 🧠
3019,Debug,coding,"Refactor one file, promise? 🚀"
3020,N2,nofap,Do 20 pushups instead and slay 🧠
3021,Bedtime,sleep,"No cap, close your eyes 😴"
3022,Iron Clothes,chores,Put things back now 🧽
3023,Podcast,creative,Real talk: write a short poem 💡
3024,Sober,quit,"Pass on the drink, no excuses 💚"
3025,No Snooze,wake,"Wake up now, no excuses 🌅"
3026,Mantra,prayer,Future you says: give thanks 🕊
3027,Less Reels,screen_break,Switch off notifications rn 👀
3028,Diet,fasting,"No cap, drink water, not snacks 🥑"
3029,Floss,hygiene,Plot twist: floss tonight 🪥
3030,Breathwork,meditation,"Hello hello, take ten deep breaths 🧘"
3031,NoPorn,noporn,"Stay clean today, superstar 🧠"
3032,3L Water,hydration,"Sip some water, please? 🥤"
3033,Chanting,prayer,"Read a few verses, bestie 🕊"
3034,Herb Garden,plants,You + green babies = iconic 🌱
3035,Exam Prep,studying,Reminder: make your notes 📚
3036,Feed Cat,pets,Small win: give some cuddles 🐶
3037,Morning Meditation,meditation,"Meditation, then chill 🍃"
3038,Clean Mind,noporn,Splash cold water and slay 🌱
3039,Poetry,creative,"Ahem, shoot one photo 💡"
3040,Discipline Streak,nofap,Still strong? 🧠
3041,LeetCode,coding,Real talk: fix one bug 💻
3042,Reset Sunday,chores,Clean the kitchen now 🧹
3043,Flashcards,studying,"Study time, future topper 📝"
3044,Kitchen Clean,chores,Ten minutes of tidying 🧹
3045,B12,meds,Breaking news: take your pills ⏰
3046,Low Carb,fasting,"Okay legend, eat a protein-rich meal 🥑"
3047,Refill Bottle,hydration,Main characters drink water 🚰
3048,Check In,mood,Take a kind pause and slay 🫶
3049,Digital Purity,noporn,"Okay legend, delete the trigger 🧠"
3050,Learn Python,coding,"Solve a LeetCode problem, just 5 min 🚀"
3051,Check List,other,"Hey, finish it today 🙌"
3052,LeetCode,coding,Refactor one file fr 💻
3053,Declutter,chores,"Start the laundry, superstar 🧺"
3054,Assignment,studying,Review your flashcards and slay 📚
3055,Power Nap,sleep,Vibe check: go to bed 🛌
3056,Cook Dinner,meal,Vibe check: have your meal 🍳
3057,Retention,nofap,Breaking news: go to the gym instead 🔒
3058,Semester Prep,studying,Study for 25 minutes fr 📝
3059,Reply Messages,social,Message a friend rn 🤝
3060,20-20-20,screen_break,Quick one: take a screen break 📵
3061,Brush Teeth,hygiene,"Use mouthwash, no excuses 🪥"
3062,Worship,prayer,"Psst, sit in prayer 🙏"
3063,No Phone,screen_break,Your eyes say ouch 📵
3064,Reflect,journaling,Write one gratitude rn 📝
3065,Reminder,other,"Make progress today, please? 🙌"
3066,Eating Window,fasting,"No cap, keep the kitchen closed 🍵"
3067,Declutter,chores,Friendly nudge: put things back 🧹
3068,Quit Porn,noporn,Friendly nudge: stay free today 🌱
3069,Interval Run,running,Gentle reminder: go for a short run 👟
3070,Wake Up Early,wake,Real talk: turn off the alarm ⏰
3071,Play with Dog,pets,"No cap, feed your cat 🐾"
3072,Kitchen Clean,chores,Small win: load the washing machine 🧹
3073,Text a Friend,social,"Psst, call your mom 📞"
3074,Learn Korean,practice,"Learning era, stay in it 🎸"
3075,3L Water,hydration,"No cap, drink some water 💧"
3076,Retention,nofap,"Try a cold shower, please? 🧠"
3077,Healthy Meal,meal,"Psst, fuel your body 🍲"
3078,Affirmations,journaling,"Hello hello, list three good things 📓"
3079,Back Stretch,stretching,Roll out your mat and slay 🧘
3080,Check Bank,finance,"Hey bestie, move money to savings 💰"
3081,Quit Vaping,quit,Chew gum instead - you got this 🌿
3082,Inhaler,meds,Reminder: pop your supplement ⏰
3083,Craft,creative,POV: you draw something small 🎬
3084,Cook Dinner,meal,Protein is your bestie 🍳
3085,No Distractions,focus,Reminder: write your to-do list 🎯
3086,Long Run,running,Chase a new PR today 💨
3087,Calisthenics,workout,Don't ghost the barbell 💪
3088,Homework,studying,"Ahem, revise yesterday's notes 📝"
3089,Run 3 KM,running,"Okay legend, jog for 15 minutes 👟"
3090,Podcast,creative,Draw something small fr 🎬
3091,Hot Girl Walk,walking,"Hey bestie, go around the park 🚶"
3092,Feed Dog,pets,Vibe check: give some cuddles 🐶
3093,Steps Goal,walking,"Walk for ten minutes, no cap 👟"
3094,Eye Break,screen_break,Close the reels - you got this 👀
3095,Shower,hygiene,Fresh mode: ON 🧼
3096,Breakfast,meal,"Breakfast is calling, pick up 🍳"
3097,Plant Care,plants,Vibe check: check the soil 💦
3098,Exam Prep,studying,"Solve ten questions, legend 🎓"
3099,Breathwork,meditation,"Breathe slowly for a minute, no cap 🍃"
3100,No Doomscrolling,screen_break,Real talk: go offline for a bit 👀
3101,Learn Korean,practice,Play your scales fr 🎵
3102,18:6 Fast,fasting,"Water now, food later 🍵"
3103,Herb Garden,plants,Plot twist: mist your plants 💦
3104,Diet,fasting,The diet is calling 🍵
3105,Protein Intake,meal,"Skip the junk, no cap 🍳"
3106,Water Goal,hydration,Chug some water - you got this 🥤
3107,Lights Off,sleep,"Go to bed, just 5 min 🛌"
3108,Night Brush,hygiene,Vibe check: wash your hands 🪥
3109,Guitar Practice,practice,Practice your scales fr 🎸
3110,No Junk,quit,"Ahem, breathe through the craving 💚"
3111,Worship,prayer,"Hey bestie, take a moment to pray 🪔"
3112,Mood Check,mood,"Log how you feel, please? 💭"
3113,Exam Prep,studying,Reminder: solve ten questions 🎓
3114,Gym,workout,Your sign to warm up and go 🥇
3115,Breakfast,meal,Friendly nudge: eat on time 🍲
3116,Web Dev,coding,"Psst, finish one feature 🐛"
3117,Run 3 KM,running,"Ahem, jog for 15 minutes 💨"
3118,5AM Club,wake,"Hey, wake up now 🐓"
3119,Pooja,prayer,"Sit in prayer, bestie 🪔"
3120,Bible Reading,prayer,"Pray more, worry less 🙏"
3121,Quit Vaping,quit,Say no today - you got this 💚
3122,Urge Control,nofap,Vibe check: stay busy today 👑
3123,Quit Smoking,quit,"Yo, choose the healthy swap 💚"
3124,Doodle,creative,You + creativity = iconic 💡
3125,No Snooze,wake,Plot twist: get up now ⏰
3126,Keto,fasting,"Ahem, log your fasting hours 🥑"
3127,Cut Nails,hygiene,Freshen up today 🦷
3128,Groceries,chores,Quick one: clean your desk 🧹
3129,Feed Dog,pets,Friendly nudge: feed your cat 🐶
3130,Check Bank,finance,Vibe check: check your SIP 📈
3131,NoFap,nofap,"Ahem, protect your streak 🧠"
3132,Pay Bills,finance,"Yo, check your SIP 📈"
3133,Pomodoro,focus,"Okay legend, clear your inbox ⏳"
3134,Reflect,journaling,"Fill today's page, bestie 📝"
3135,Shower,hygiene,"Brush your teeth, bestie 🧼"
3136,Kotlin Practice,coding,"Hey bestie, open your IDE 🐛"
3137,Guitar Practice,practice,"Hey bestie, practice for 15 minutes 🌍"
3138,Low Carb,fasting,"No cap, log your fasting hours 🥑"
3139,5000 Steps,walking,Friendly nudge: go for a walk 👟
3140,Morning Water,hydration,Quick one: sip some water 🥤
3141,Edit Video,creative,"Write for ten minutes, promise? 🎨"
3142,Intermittent Fasting,fasting,Hunger is a wave. Surf it 🍵
3143,Steps Goal,walking,"Lace up and walk, please? 👟"
3144,Mental Health Check,mood,"Psst, take a kind pause 💭"
3145,Floss,hygiene,"Hello hello, brush for two minutes 🦷"
3146,Fast Until Noon,fasting,"Ahem, sip some green tea 🍵"
3147,Lunch Walk,walking,"Small steps, big you 🚶"
3148,Wake Up Early,wake,POV: you open the curtains ⏰
3149,Treadmill Run,running,"Do your intervals, no excuses 👟"
3150,Lab Record,studying,POV: you make your notes 🎓
3151,Call Parents,social,"Family first, always 🤝"
3152,Quit Porn,noporn,Small win: turn on your blocker 🧠
3153,Rest,sleep,Go to bed rn 🌙
3154,No Snacking,fasting,Gentle reminder: skip the late snack 🥑
3155,Daily Goal,other,"Hello hello, do it now ✅"
3156,Early Riser,wake,Your day called. Answer it 🌅
3157,Debug,coding,Code o'clock! 🐛
3158,Digital Detox,screen_break,"Psst, put your phone away 🔌"
3159,18:6 Fast,fasting,Your future self is cheering 🍵
3160,Night Journal,journaling,Plot twist: reflect on today 📓
3161,20-20-20,screen_break,Vibe check: go offline for a bit 🔌
3162,Wake Up,wake,Reminder: get out of bed 🐓
3163,Wind Down,sleep,Switch off the lights today 🛌
3164,Dance Practice,practice,"Lowkey, do your lesson 🌍"
3165,Do The Thing,other,Your streak is waiting ✅
3166,NoPorn,noporn,POV: you splash cold water 🌱
3167,Eating Window,fasting,"Log your fasting hours, just 5 min 🕐"
3168,Sun Salutation,stretching,"Yo, do a forward fold 🤸"
3169,Walk 30 Min,walking,Plot twist: walk around the block 🚶
3170,Vet Visit,pets,"Feed your cat, no excuses 🐱"
3171,Vocab,practice,Quick one: play your scales 🎵
3172,Eye Break,screen_break,Gentle reminder: rest your eyes 👀
3173,20-20-20,screen_break,"Hello hello, look out the window 📵"
3174,Night Journal,journaling,Fill today's page today 📓
3175,Morning Water,hydration,Breaking news: grab a glass 🚰
3176,Pooja,prayer,"Psst, say your prayers 🕊"
3177,Wake Up Early,wake,"Yo, get up now ⏰"
3178,Daily Problem,coding,Real talk: push a commit 🐛
3179,Low Carb,fasting,Your sign to skip the late snack 🥑
3180,5000 Steps,walking,"Go around the park, bestie 🌳"
3181,Repot Plant,plants,"Mist your plants, just 5 min 🌱"
3182,Mobility,stretching,Plot twist: hold child's pose 🧘
3183,Read News,reading,"Okay legend, read one chapter 📖"
3184,Homework,studying,"Solve a mock test, just 5 min 📚"
3185,Singing,practice,Gentle reminder: play your scales 🎸
3186,Rest,sleep,Don't ghost your pillow 😴
3187,Morning Run,running,Slow run beats no run 🏃
3188,Walk 30 Min,walking,"Ahem, take a short stroll 🌳"
3189,Calorie Deficit,fasting,"Psst, close your eating window 🍵"
3190,Kitchen Clean,chores,"Do the dishes, promise? 🧹"
3191,Sober,quit,Breathe through the craving today 🌿
3192,Mental Health Check,mood,"Hey bestie, check your mood 🌈"
3193,Rise and Shine,wake,"Lowkey, start your morning ⏰"
3194,Mental Health Check,mood,Real talk: check in with yourself 🫶
3195,Box Breathing,meditation,Close your eyes and breathe fr 🍃
3196,Morning Meditation,meditation,"Find your center, champ 🌿"
3197,Sleep Early,sleep,"Hello hello, dim the lights 🛌"
3198,Cold Shower,hygiene,"Wash your hands, superstar 🦷"
3199,Self Help Book,reading,"Read for 15 minutes, legend 📚"
3200,Offline Hour,screen_break,"No cap, blink and look away 🔌"
3201,Morning Workout,workout,"No cap, do a quick workout 🔥"
3202,Eye Break,screen_break,"Lock your phone for a bit, superstar 🔌"
3203,Breathwork,meditation,"Calm down, level up 🌿"
3204,Namaz,prayer,POV: you say your prayers 🕊
3205,Duolingo,practice,Breaking news: play your scales 🌍
3206,Back Stretch,stretching,Your sign to fix your posture 🧘
3207,Wind Down,sleep,"Psst, leave your phone outside 🛌"
3208,No NSFW,noporn,"Call a friend instead, just 5 min 🚫"
3209,Quit Vaping,quit,Small win: wait ten minutes first 🌿
3210,Quit Smoking,quit,"Skip the sugar today, legend 💚"
3211,Plan the Day,focus,"Work for 25 minutes, promise? 🔕"
3212,Low Carb,fasting,Quick one: skip the late snack 🕐
3213,Morning Water,hydration,Breaking news: have some water 🚰
3214,Feed Fish,pets,"Playtime, pawsome friend 🐾"
3215,No Soda,quit,Your quit streak needs you now 💚
3216,Learn Spanish,practice,Hola! Practice time 🌍
3217,Organize Desk,chores,Reminder: take out the trash 🧺
3218,No Smoking,quit,Reminder: skip the smoke break 💚
3219,Night Journal,journaling,"Write in your journal, no cap 📝"
3220,No Sugar,quit,Small win: pass on the drink 🌿
3221,Laundry,chores,"Do the dishes, legend 🧺"
3222,Night Routine,skincare,"Pamper your skin, bestie 🧴"
3223,JEE Prep,studying,Future you says: revise one topic 📝
3224,New Habit,other,"Finish your task, just 5 min ⭐"
3225,NoPorn,noporn,"Ahem, stay clean today 🌱"
3226,Stroll,walking,"Take a short stroll, bestie 🌳"
3227,Lunch,meal,"Lowkey, eat a proper dinner 🍳"
3228,OMAD,fasting,Vibe check: log your fasting hours 🍵
3229,Track Expenses,finance,Small win: pay your bills 💸
3230,Stretch,stretching,"Stretch for 5 minutes, legend 🤸"
3231,Calorie Deficit,fasting,Skip the late snack and slay 🍵
3232,Book Club,reading,Move your bookmark and slay 📖
3233,Call Dad,social,Vibe check: call your mom 💬
3234,No Distractions,focus,Finish one task fr ⏳
3235,No NSFW,noporn,"Lowkey, stay clean today 🌱"
3236,Porn Free,noporn,Go outside for a bit rn 🌱
3237,Duolingo,practice,"Ahem, learn one new phrase 🎵"
3238,Focus Session,focus,Friendly nudge: block your calendar 🔕
3239,20-20-20,screen_break,Your eyes need a vacation 👀
3240,Digital Detox,screen_break,"Hello hello, take a screen break 📵"
3241,Painting,creative,Your sign to edit your video 💡
3242,Typing Practice,practice,Learn one new phrase rn 🎸
3243,Box Breathing,meditation,Reminder: take ten deep breaths 🍃
3244,JEE Prep,studying,"Start a pomodoro, no excuses 📝"
3245,Celibacy,nofap,Future you says: protect your streak 🔒
3246,Shower,hygiene,"Not to nag, but use mouthwash 🦷"
3247,Self Help Book,reading,"Psst, open your kindle 📖"
3248,Meet Friends,social,A voice beats a text 🤝
3249,Reset Sunday,chores,"Make your bed, legend 🧹"
3250,N2,nofap,Stay busy today fr 🧠
3251,CTM Routine,skincare,"Okay legend, pamper your skin 🧴"
3252,Wake at 6,wake,"Okay legend, turn off the alarm 🌅"
3253,Vitamin D3,meds,"Medicine, then chill 💊"
3254,Succulents,plants,Quick one: check your plants 💦
3255,Mindfulness,meditation,"Sit in silence, promise? 🍃"
3256,Plank,workout,POV: you do a quick workout 💪
3257,Savings Goal,finance,Future you says: check your accounts 💸
3258,Bedtime,sleep,"Ahem, leave your phone outside 🌙"
3259,Warm Water,hydration,Gentle reminder: sip some water 💧
3260,Feed Dog,pets,"Play with your pet, just 5 min 🐾"
3261,Fast Until Noon,fasting,Quick one: eat a protein-rich meal 🍵
3262,Debug,coding,Plot twist: write one function 🐛
3263,Balcony Garden,plants,Friendly nudge: check the soil 🪴
3264,Breakfast,meal,Future you says: eat a proper dinner 🥗
3265,Web Dev,coding,Real talk: practice one algorithm 🚀
3266,Coconut Water,hydration,Vibe check: refill your bottle 🥤
3267,Tulsi,plants,Real talk: give them water 💦
3268,Play with Dog,pets,Reminder: play with your pet 🐶
3269,No PMO,nofap,Go for a walk now fr 🔒
3270,Call Family,social,Reply. They're waiting 📞
3271,Craft,creative,"Not to nag, but edit your video 💡"
3272,Brush Teeth,hygiene,Shower is calling 🦷
3273,Meditation,meditation,Your sign to take ten deep breaths 🍃
3274,Night Brush,hygiene,Smile brighter today 🧼
3275,Electrolytes,hydration,Your sign to take five sips 💧
3276,Stretch,stretching,Quick one: hold child's pose 🧘
3277,20 Pages,reading,Read five pages rn 📚
3278,Mindfulness,meditation,"Try a body scan, superstar 🧘"
3279,Repot Plant,plants,Trim dead leaves now 💦
3280,10 Min Yoga,stretching,"Loosen your shoulders, legend 🤸"
3281,Self Care,mood,Your sign to be gentle with yourself 🫶
3282,Poetry,creative,"Lowkey, make something new 🎨"
3283,Date Night,social,"Okay legend, call your dad 📞"
3284,Catch Up,social,"Call your family, just 5 min 💬"
3285,Practice Habit,other,Small win: do it right now ✅
3286,Assignment,studying,Friendly nudge: solve a mock test 🎓
3287,Deep Work,focus,Top task done? 🔕
3288,Repot Plant,plants,Turn your pots fr 🌱
3289,Diet Plan,fasting,"Lowkey, start your fast now 🥑"
3290,Rest,sleep,"Sleep on time, just 5 min 🛌"
3291,Declutter,chores,Bed made? 🧺
3292,Electrolytes,hydration,"Finish that bottle, bestie 💧"
3293,Interval Run,running,"Okay legend, hit the track 💨"
3294,Read News,reading,Breaking news: read ten pages 🔖
3295,Eat Fruit,meal,Plot twist: grab some fruit 🍳
3296,Chess Puzzle,practice,"No cap, keep your Duolingo streak 🎵"
3297,Celibacy,nofap,Friendly nudge: redirect your energy 🔒
3298,Trek,walking,Main character walk unlocked 🌳
3299,Minoxidil,skincare,"No cap, apply moisturizer 🧴"
3300,Rest,sleep,Friendly nudge: plug in and lie down 🛌
3301,Run 3 KM,running,Go for a short run now 💨
3302,Sleep Early,sleep,"No cap, sleep on time 🌙"
3303,Assignment,studying,"Hey bestie, review your flashcards 📝"
3304,Vocab,practice,"Yo, keep your Duolingo streak 🎵"
3305,No Junk Food,meal,Have lunch now - you got this 🍳
3306,Wake Up Early,wake,"Not to nag, but open the curtains 🐓"
3307,Rise and Shine,wake,"Wake up now, bestie 🌅"
3308,Flexibility,stretching,"Psst, roll out your mat 🧘"
3309,Steps Goal,walking,"Walk for fifteen minutes, promise? 🚶"
3310,Semester Prep,studying,"Hey bestie, study one chapter 📚"
3311,Quit Vaping,quit,Skip the smoke break rn 🚭
3312,Feed Fish,pets,POV: you feed your pet 🐱
3313,Hydrate,hydration,"Sip some water, bestie 🥤"
3314,Edit Video,creative,Make something new today 💡
3315,Breathing,meditation,Small win: meditate for 5 minutes 🧘
3316,Quit Porn,noporn,"Lowkey, close that tab 🚫"
3317,No Late Nights,sleep,"Switch off the lights, bestie 😴"
3318,Feed Fish,pets,Give a treat today 🐱
3319,Gratitude,journaling,"Lowkey, jot down your thoughts 📓"
3320,No NSFW,noporn,"Lowkey, delete the trigger 🌱"
3321,Early to Bed,sleep,Your sign to dim the lights 😴
3322,Pranayama,meditation,"Sit in silence, no excuses 🧘"
3323,Keto,fasting,Small win: skip the late snack 🕐
3324,Stroll,walking,Steps era starts now 🚶
3325,Pet Care,pets,Your pet's tummy rumbled 🐶
3326,Balcony Garden,plants,"Feed your plants, superstar 🌱"
3327,Photography,creative,"Pick up your brush, just 5 min 💡"
3328,5AM Club,wake,"Psst, put your feet down ⏰"
3329,Keto,fasting,"Lowkey, log your fasting hours 🍵"
3330,N2,nofap,Energy saved is energy gained 🧠
3331,Gardening,plants,Water your plants fr 💦
3332,No Nut,nofap,Build the person you respect 🧠
3333,Painting,creative,Draw something small and slay 🎨
3334,Eat Breakfast,meal,Skip the junk today 🍲
3335,Chanting,prayer,Real talk: give thanks 🕊
3336,Organize Desk,chores,"Take out the trash, promise? 🧽"
3337,Morning Pill,meds,"Yo, take your tablet 💊"
3338,Digital Purity,noporn,"Hello hello, close that tab 🧠"
3339,Lunch Break,meal,Main character move: eat on time 🍲
3340,Exercise,workout,"Move that body, bestie 🥇"
3341,Routine,other,"Ahem, keep your streak 🙌"
3342,Marathon Prep,running,"Okay legend, run one easy km 👟"
3343,Mouthwash,hygiene,Flossed today? 🧼
3344,Meet Friends,social,Bestie check-in time 💬
3345,Homework,studying,Solve a mock test today 📝
3346,Meditate,meditation,"Okay legend, focus on your breath 🍃"
3347,Track Expenses,finance,Check your accounts - you got this 💸
3348,Kitchen Clean,chores,Gentle reminder: take out the trash 🧹
3349,Laundry,chores,"Make your bed, superstar 🧺"
3350,BP Tablet,meds,"Ahem, take your vitamins ⏰"
3351,Eat Fruit,meal,"Hello hello, eat your breakfast 🥗"
3352,Tulsi,plants,"Feed your plants, no cap 🌱"
3353,Poetry,creative,"Edit your video, legend 🎨"
3354,Scalp Care,skincare,It's giving skincare ✨
3355,Bath,hygiene,"Take a quick bath, superstar 🦷"
3356,Learn Korean,practice,"Lowkey, play your scales 🌍"
3357,Iron Clothes,chores,"Ahem, do the dishes 🧹"
3358,Low Carb,fasting,"Okay legend, drink water, not snacks 🍵"
3359,Lift Weights,workout,"Lowkey, train hard today 🥇"
3360,Balcony Garden,plants,"Hey bestie, water the garden 🌱"
3361,Hydration,hydration,"Drink up, bestie 💧"
3362,Unplug,screen_break,POV: you go offline for a bit 🔌
3363,Minoxidil,skincare,Your skin misses you 🧴
3364,Eat Salad,meal,Vibe check: eat something healthy 🥗
3365,Post-dinner Walk,walking,POV: you take a short stroll 🌳
3366,IMD Diet,fasting,"Not to nag, but hold your fast 🥑"
3367,Mood Check,mood,Rainbow after rain 🫶
3368,Repot Plant,plants,"Give them water, no cap 🌱"
3369,Clean Room,chores,Take out the trash and slay 🧹
3370,Typing Practice,practice,"No cap, learn one new phrase 🌍"
3371,Digital Detox,screen_break,Small win: blink and look away 📵
3372,Drink 8 Glasses,hydration,"Hello hello, chug some water 🥤"
3373,Trek,walking,Vibe check: step outside 👟
3374,Coding,coding,Small win: push a commit 💻
3375,Vacuum,chores,"Yo, make your bed 🧹"
3376,Inbox Zero,focus,Gentle reminder: plan your day ⏳
3377,Codeforces,coding,Code for 30 minutes today 💻
3378,Eating Window,fasting,"Close your eating window, just 5 min 🥑"
3379,Hair Oil,skincare,Finish your routine today 🌸
3380,French,practice,"Practice your scales, bestie 🌍"
3381,UPSC Prep,studying,"Hey, finish your assignment 📝"
3382,Retention,nofap,Go to the gym instead and slay 🔒
3383,Pilates,stretching,"Flow for ten minutes, superstar 🤸"
3384,Night Journal,journaling,Don't ghost your journal 💭
3385,Ukulele,practice,"No cap, finish one lesson 🌍"
3386,Reply Messages,social,"Hello hello, plan a catch up 🤝"
3387,Intermittent Fasting,fasting,"Log your fasting hours, legend 🍵"
3388,Home Workout,workout,"Hold a plank, just 5 min 💪"
3389,Side Project,coding,"Psst, push a commit 💻"
3390,Mock Test,studying,"Study for 25 minutes, no cap 📚"
3391,Wake Up Early,wake,"Rise and shine, promise? ⏰"
3392,Laundry,chores,"Start the laundry, just 5 min 🧺"
3393,Quit Porn,noporn,Breaking news: close that tab 🧠
3394,New Habit,other,Gentle reminder: get it done 🙌
3395,Serum,skincare,"Do your night routine, no excuses 🌸"
3396,Iron Tablet,meds,"Take your dose, please? 💊"
3397,Eye Break,screen_break,"Look out the window, no excuses 📵"
3398,Sun Salutation,stretching,"Hey bestie, loosen your shoulders 🤸"
3399,Read Novel,reading,"Hey, pick up your book 🔖"
3400,18:6 Fast,fasting,Vibe check: close your eating window 🕐
3401,Nicotine Free,quit,Breaking news: wait out the craving 🌿
3402,Reading,reading,"Move your bookmark, superstar 📖"
3403,Pills,meds,"Take it now, not later ⏰"
3404,No NSFW,noporn,Close that tab and slay 🌱
3405,Feed Bird,pets,Walkies? Walkies! 🐾
3406,Home Workout,workout,Hold a plank - you got this 🔥
3407,Web Dev,coding,"Lowkey, fix one bug 🐛"
3408,Duolingo,practice,Pick up your instrument fr 🌍
3409,Walk 30 Min,walking,Go for a walk now 🌳
3410,Evening Walk,walking,Hit your step goal today 🌳
3411,Read News,reading,"Psst, pick up your book 📚"
3412,Eat Fruit,meal,"Hey bestie, eat a proper dinner 🍳"
3413,Morning Meditation,meditation,Five calm minutes? 🧘
3414,Flexibility,stretching,Small win: stretch for 5 minutes 🤸
3415,Study,studying,"Lowkey, solve ten questions 🎓"
3416,Shave,hygiene,"Hey bestie, floss tonight 🪥"
3417,Eat Fruit,meal,"No cap, skip the junk 🥗"
3418,Call Dad,social,Someone is thinking of you 💬
3419,Running,running,The road is calling 👟
3420,Marathon Prep,running,Your sign to warm up and jog 🏃
3421,Marathon Prep,running,Vibe check: do a quick jog 👟
3422,IMD,fasting,"Ahem, skip the late snack 🍵"
3423,Drums,practice,Friendly nudge: do your lesson 🌍
3424,Morning Meditation,meditation,Reminder: meditate for 5 minutes 🌿
3425,Steps Goal,walking,"Lowkey, take a quick walk 👟"
3426,Call Grandma,social,"Yo, text a friend 🤝"
3427,Stroll,walking,"Lowkey, take a short stroll 🚶"
3428,Sleep Early,sleep,"Psst, go to bed 🛌"
3429,No Spend Day,finance,Skip one impulse buy today 📈
3430,Call Grandma,social,Vibe check: call your family 🤝
3431,Litter Box,pets,Tail wags incoming 🐶
3432,Lab Record,studying,"Study one chapter, promise? 📚"
3433,Manga,reading,"Hey bestie, read before bed 📚"
3434,Personal Goal,other,Your sign to start for 5 minutes ⭐
3435,Sober,quit,Skip it today fr 🚭
3436,Book Club,reading,"No cap, pick up your book 📖"
3437,Couch to 5K,running,"Do a quick jog, bestie 💨"
3438,Groceries,chores,"Clean your desk, please? 🧽"
3439,Marathon Prep,running,"Lace up and run, superstar 👟"
3440,Check In,mood,Friendly nudge: name your feeling 🫶
3441,Hike,walking,Go for a walk today 🌳
3442,5AM Club,wake,"Splash some water, no excuses 🐓"
3443,Running,running,"Run first, scroll later 👟"
3444,Jog,running,Quick 5K? 👟
3445,Namaz,prayer,Plot twist: say your prayers 🕊
3446,Skincare,skincare,"No cap, oil your hair 🌸"
3447,Balcony Garden,plants,Quick one: turn your pots 🌱
3448,Neck Stretch,stretching,"Hey, do a sun salutation 🧘"
3449,Scalp Care,skincare,Routine = results 🌸
3450,No Snacking,fasting,"Eat inside your window, no excuses 🥑"
3451,5AM Club,wake,Future you says: skip the snooze 🌅
3452,Study,studying,POV: you open your notes 📚
3453,Feed Fish,pets,"No cap, refill the food bowl 🐾"
3454,CTM Routine,skincare,"Finish your routine, no cap ✨"
3455,Digital Purity,noporn,Real talk: delete the trigger 🧠
3456,5AM Club,wake,"Rise and grind, sunshine 🌅"
3457,Interval Run,running,Hit the track now 💨
3458,Fasting,fasting,"Hold your fast, please? 🕐"
3459,Rent,finance,Quick one: note today's spending 📈
3460,Rent,finance,Financially literate era 📈
3461,Meditation,meditation,Small win: do box breathing 🍃
3462,Routine,other,"No cap, keep your streak ✅"
3463,Reading,reading,Pages > posts 🔖
3464,Brunch,meal,Eat on time rn 🥗
3465,Night Journal,journaling,"Not to nag, but reflect on today 📓"
3466,Feed Bird,pets,"Take the dog out, superstar 🐶"
3467,Early Riser,wake,"Psst, wake up now 🌅"
3468,Phone Free Dinner,screen_break,"Psst, rest your eyes 📵"
3469,Flowers,plants,Soil dry? Fix it 🌱
3470,Wind Down,sleep,Say good night - you got this 🌙
3471,Read Gita,prayer,"Lowkey, sit in prayer 🪔"
3472,Glow Routine,skincare,Face washed? 🧴
3473,Walk Dog,pets,You + food bowl = iconic 🐱
3474,Self Care,mood,Check your mood - you got this 🫶
3475,Evening Run,running,"Lowkey, run at easy pace 💨"
3476,Read 10 Pages,reading,Quick one: open your book 📚
3477,Dishes,chores,"Hey, tidy up for 10 minutes 🧺"
3478,Shower,hygiene,"Floss tonight, please? 🪥"
3479,No Distractions,focus,Your sign to plan your day 🔕
3480,Fast Until Noon,fasting,Plot twist: start your fast now 🥑
3481,Violin,practice,"No cap, speak out loud 🎵"
3482,Poetry,creative,Your sign to pick up your brush 🎨
3483,Intermittent Fasting,fasting,"Log your fasting hours, bestie 🥑"
3484,Bedtime,sleep,Vibe check: close your eyes 🛌
3485,Celibacy,nofap,Reminder: stay busy today 👑
3486,French,practice,Practice for 15 minutes fr 🎸
3487,Breathing,meditation,"Not to nag, but sit and breathe 🌿"
3488,Eye Break,screen_break,"Take a screen break, please? 📵"
3489,No Phone,screen_break,"Yo, look out the window 👀"
3490,Inbox Zero,focus,Finish one task today 🎯
3491,Lunch Walk,walking,Quick one: take a short stroll 🚶
3492,Pills,meds,"Lowkey, take your medicine 💊"
3493,Interval Run,running,Friendly nudge: run at easy pace 🏃
3494,Jog,running,Small win: do your intervals 💨
3495,Vitamin D3,meds,Future you says: take it with water 💊
3496,Drink Water,hydration,"Drink up, no cap 🚰"
3497,Water Break,hydration,Refill your bottle - you got this 🚰
3498,Minoxidil,skincare,"Lowkey, do your skincare ✨"
3499,Morning Pill,meds,Real talk: take your dose ⏰
3500,Wind Down,sleep,Go to bed - you got this 😴
3501,Trek,walking,Step outside fr 👟
3502,Flexibility,stretching,"Mat time, no excuses 🤸"
3503,Brunch,meal,Reminder: eat a proper dinner 🍲
3504,Rent,finance,"Review your spending, no cap 📈"
3505,No Distractions,focus,Real talk: plan your day 🎯
3506,Wake Up,wake,Feet on the floor! 🌅
3507,Gardening,plants,"Psst, check your plants 🌱"
3508,Lights Off,sleep,"Say good night, bestie 😴"
3509,Sunscreen,skincare,Do your night routine and slay ✨
3510,Repot Plant,plants,"Ahem, water your plants 🌱"
3511,No Spend Day,finance,POV: you pay your bills 💸
3512,Write Blog,creative,Inspiration loves action 🎨
3513,Water Break,hydration,Grab a glass today 💧
3514,Feel Good,mood,"Hello hello, rate your day 🫶"
3515,Porn Free,noporn,The urge lies. You don't. 🚫
3516,No Snacking,fasting,Stick to your diet fr 🕐
3517,No Nut,nofap,"Do 20 pushups instead, please? 🧠"
3518,Check List,other,"Yo, do it now 🙌"
3519,Morning Yoga,stretching,Future you says: do a forward fold 🧘
3520,IMD,fasting,Reminder: eat inside your window 🕐
3521,New Habit,other,Okay but today's goal? ⭐
3522,Flexibility,stretching,"No cap, touch your toes 🤸"
3523,Kotlin Practice,coding,Quick one: finish one feature 🐛
3524,Eat Fruit,meal,"Add some veggies, no excuses 🍳"
3525,Savings Goal,finance,"Savings time? Yes, now. 💸"
3526,Nicotine Free,quit,"Chew gum instead, superstar 🚭"
3527,Diet Plan,fasting,"Hey, stay in the fast 🍵"
3528,Routine,other,"Finish your task, legend ⭐"
3529,3 Good Things,journaling,"Ahem, list three good things 💭"
3530,Digital Purity,noporn,Go outside for a bit now 🚫
3531,Early to Bed,sleep,Reminder: close your eyes 🛌
3532,Budget,finance,Your wallet misses you 💰
3533,Litter Box,pets,"No cap, brush your pet 🐱"
3534,Feed Cat,pets,"Ahem, take the dog out 🐶"
3535,10 Min Calm,meditation,"Sit and breathe, no cap 🍃"
3536,Floss,hygiene,"Lowkey, brush for two minutes 🧼"
3537,Save Money,finance,Small win: check your budget 📈
3538,Challenge,other,"Keep your streak, no cap ⭐"
3539,Hydration,hydration,One more glass? 🚰
3540,Gardening,plants,"Check your plants, promise? 🪴"
3541,Deep Work,focus,Gentle reminder: finish one task 🔕
3542,Digital Detox,screen_break,"Psst, lock your phone for a bit 👀"
3543,Temple Visit,prayer,Chant for 5 minutes and slay 🕊
3544,Healthy Snack,meal,Okay but lunch? 🥗
3545,Wind Down,sleep,"Okay legend, get some sleep 😴"
3546,3 Good Things,journaling,"List three good things, just 5 min 📓"
3547,Grooming,hygiene,Breaking news: freshen up 🧼
3548,8 Hours Sleep,sleep,Reminder: get into bed 🛌
3549,Quit Smoking,quit,Wait ten minutes first rn 🚭
3550,Cold Shower,hygiene,"Hey, take a quick bath 🧼"
3551,Prayer,prayer,Reminder: say a short prayer 🕊
3552,Insulin,meds,"Take your tablet, promise? ⏰"
3553,Running,running,Reminder: warm up and jog 🏃
3554,Skincare,skincare,Gentle reminder: oil your hair 🌸
3555,Semester Prep,studying,Pomodoro starts now 🎓
3556,5AM Club,wake,Turn off the alarm fr 🐓
3557,Eat Fruit,meal,"Skip the junk, bestie 🥗"
3558,Run 5K,running,Small win: go for a run 👟
3559,Sun Salutation,stretching,"Do a sun salutation, bestie 🧘"
3560,Clear Emails,focus,"Deep work, deep wins 🔕"
3561,Deep Work,focus,Busy is not productive ⏳
3562,Savings Goal,finance,Quick one: move money to savings 💸
3563,Morning Workout,workout,Gains are waiting for you 💪
3564,Less Caffeine,quit,"Ahem, protect your quit streak 💚"
3565,Phone Free Dinner,screen_break,Gentle reminder: close the reels 📵
3566,Call Mom,social,"Not to nag, but reply to messages 📞"
3567,Morning Meditation,meditation,Sit in silence now 🧘
3568,Electrolytes,hydration,Don't leave your bottle on read 💧
3569,Japanese,practice,"Do your lesson, legend 🌍"
3570,Meditation,meditation,Real talk: sit and breathe 🍃
3571,2L Water,hydration,Future you says: grab a glass 🚰
3572,Park Walk,walking,Okay but fresh air? 👟
3573,Piano,practice,"Lowkey, finish one lesson 🎸"
3574,Save Money,finance,Future you says: log your expenses 📈
3575,Affirmations,journaling,"Lowkey, write a brain dump 📓"
3576,Nap,sleep,Get some sleep - you got this 🛌
3577,Podcast,creative,"Edit your video, promise? 🎨"
3578,Feed Bird,pets,Your sign to take the dog out 🐾
3579,Morning Pill,meds,Your dose needs you now ⏰
3580,Office Work,focus,"No cap, silence your phone 🔕"
3581,No NSFW,noporn,"Hello hello, splash cold water 🌱"
3582,Learn Spanish,practice,Scales done? 🎸
3583,Digital Detox,screen_break,Small win: switch off notifications 📵
3584,Mindfulness,meditation,Okay but your breath? 🧘
3585,Shower,hygiene,Plot twist: use mouthwash 🧼
3586,Digital Purity,noporn,"Call a friend instead, please? 🌱"
3587,Build App,coding,Finish one feature rn 🐛
3588,Invest,finance,Small win: check your SIP 💰
3589,Flowers,plants,Photosynthesis needs help 🌱
3590,Healthy Snack,meal,"Lowkey, fuel your body 🍲"
3591,Kotlin Practice,coding,Practice one algorithm today 🐛
3592,Electrolytes,hydration,"Finish that bottle, please? 🥤"
3593,Bible Reading,prayer,"Sit in prayer, superstar 🙏"
3594,Therapy Notes,mood,Gentle reminder: write one feeling 🌈
3595,Pull Day,workout,"Hello hello, do 20 pushups 💪"
3596,Pomodoro,focus,Hustle smart today ⏳
3597,Morning Run,running,Do your intervals and slay 💨
3598,Eat Breakfast,meal,Eat something healthy - you got this 🍳
3599,Phone Free Dinner,screen_break,"Close the reels, no excuses 👀"
3600,Namaz,prayer,Read one verse and slay 🪔
3601,Dinner,meal,"Yo, eat on time 🍳"
3602,Lecture Review,studying,Vibe check: finish your assignment 📚
3603,Grooming,hygiene,Main character move: freshen up 🧼
3604,Read Gita,prayer,"No cap, give thanks 🕊"
3605,Personal Goal,other,Real talk: show up today ⭐
3606,Pilates,stretching,"Hey bestie, hold child's pose 🤸"
3607,Water Bottle,hydration,Reminder: sip some water 🚰
3608,JEE Prep,studying,Open your notes today 🎓
3609,Draw,creative,"Sketch for 10 minutes, legend 🎬"
3610,Read Novel,reading,"Continue your story, please? 🔖"
3611,Sleep by 11,sleep,Quick one: switch off the lights 😴
3612,Herb Garden,plants,The garden is waiting 🪴
3613,Web Dev,coding,"Hello hello, open your IDE 🚀"
3614,Rent,finance,"Budget now, ballin' later 💰"
3615,Lecture Review,studying,"Hello hello, finish your assignment 📝"
3616,Mantra,prayer,Do your pooja today 🙏
3617,Flowers,plants,Plant mom duty 💦
3618,Temple Visit,prayer,"Okay legend, say your prayers 🙏"
3619,Call Mom,social,Breaking news: call your mom 📞
3620,Less Reels,screen_break,"Hey, lock your phone for a bit 👀"
3621,New Habit,other,Your sign to complete your goal ⭐
3622,Night Routine,skincare,Hair love time 🌸
3623,Edit Video,creative,Quick one: make something new 💡
3624,Mental Health Check,mood,"Okay legend, check in with yourself 🫶"
3625,Omega 3,meds,Small win: take your tablet ⏰
3626,Study,studying,POV: study time time 🎓
3627,Challenge,other,Future you says: do it now 🙌
3628,No PMO,nofap,Friendly nudge: stay strong today 🔒
3629,Night Brush,hygiene,Gentle reminder: wash your hands 🦷
3630,Running,running,Gentle reminder: hit the track 👟
3631,3L Water,hydration,"Take a big sip, promise? 💧"
3632,Read Novel,reading,"Ahem, read before bed 📖"
3633,Creatine,meds,"Not to nag, but take today's dose ⏰"
3634,Shower,hygiene,"Psst, brush for two minutes 🪥"
3635,No Alcohol,quit,Plot twist: skip the sugar today 🌿
3636,No Snacking,fasting,"Yo, hold your fast 🍵"
3637,HIIT,workout,"Hold a plank, no cap 🔥"
3638,My Task,other,Future you is cheering ⭐
3639,Pomodoro,focus,Silence your phone now 🔕
3640,Hair Oil,skincare,Small win: pamper your skin ✨
3641,No PMO,nofap,Plot twist: stay disciplined 👑
3642,Water Plants,plants,Mist your plants fr 🌱
3643,Long Run,running,"Go for a short run, superstar 🏃"
3644,Manga,reading,Open your kindle - you got this 📖
3645,Sugar Free,quit,"No cap, wait out the craving 🌿"
3646,Succulents,plants,Breaking news: water the garden 🌱
3647,Drink Water,hydration,Future you says: drink some water 💧
3648,Pull Day,workout,"No cap, hit the gym 🔥"
3649,No Junk,quit,Real talk: wait ten minutes first 💚
3650,Sprint Training,running,"Run time? Yes, now. 💨"
3651,Gardening,plants,"Water the garden, no excuses 🪴"
3652,Build App,coding,Gentle reminder: refactor one file 🚀
3653,Journal,journaling,Quick one: reflect on today 📓
3654,Screen Break,screen_break,Reminder: look out the window 👀
3655,Read Novel,reading,"Not to nag, but open your book 🔖"
3656,Declutter,chores,"No cap, sweep the floor 🧺"
3657,Read Before Bed,reading,Small win: open your book 🔖
3658,Park Walk,walking,"Ahem, lace up and walk 🌳"
3659,Self Care,mood,"Psst, take a deep breath 💭"
3660,Sleep by 11,sleep,Future you says: get some sleep 😴
3661,Gratitude,journaling,"Hey bestie, note your wins 📝"
3662,Morning Yoga,stretching,"Hold child's pose, bestie 🤸"
3663,No Alcohol,quit,Say no today and slay 🚭
3664,Self Care,mood,One deep breath for you 💭
3665,Dance Practice,practice,"Psst, practice for 15 minutes 🎵"
3666,Declutter,chores,"Ahem, clean the kitchen 🧹"
3667,20-20-20,screen_break,Take a screen break and slay 🔌
3668,Learn Spanish,practice,"Hey bestie, pick up your instrument 🎵"
3669,Balcony Garden,plants,Vibe check: trim dead leaves 🌱
3670,Build App,coding,Quick one: practice one algorithm 🚀
3671,Morning Yoga,stretching,"Stretch now, thank yourself later 🧘"
3672,Worship,prayer,"Yo, do your pooja 🙏"
3673,Multivitamin,meds,Breaking news: take your dose ⏰
3674,Floss,hygiene,"Trim your nails, legend 🪥"
3675,Balcony Garden,plants,"Check the soil, no excuses 🌱"
3676,Water Plants,plants,Gentle reminder: water the garden 🪴
3677,JEE Prep,studying,One topic at a time 🎓
3678,Call Grandma,social,"Ahem, message a friend 🤝"
3679,Pomodoro,focus,"Yo, work for 25 minutes 🔕"
3680,Bible Reading,prayer,Friendly nudge: say a short prayer 🕊
3681,Design Practice,creative,"Hey bestie, write one paragraph 🎬"
3682,Steps Goal,walking,Walk is calling 🌳
3683,Poetry,creative,"Make something new, bestie 💡"
3684,Flexibility,stretching,Roll out your mat now 🤸
3685,Retinol,skincare,"Okay legend, wash your face 🌸"
3686,Early to Bed,sleep,Real talk: take a power nap 🛌
3687,No Sugar,quit,Skip the smoke break fr 🌿
3688,BP Tablet,meds,"Psst, take your tablet ⏰"
3689,Push Day,workout,Breaking news: do a quick workout 💪
3690,Morning Pill,meds,Pop your supplement - you got this ⏰
3691,No PMO,nofap,Plot twist: stay strong today 👑
3692,Read Before Bed,reading,"Open your book, legend 📖"
3693,Mindfulness,meditation,Your sign to focus on your breath 🧘
3694,Dance Practice,practice,"Not to nag, but practice your scales 🎸"
3695,Pay Bills,finance,"Save a little today, bestie 💰"
3696,Mouthwash,hygiene,"Wash your hands, please? 🪥"
3697,20-20-20,screen_break,Phone break? 📵
3698,Edit Video,creative,Make something new - you got this 💡
3699,Hike,walking,Take a short stroll today 🌳
3700,Park Walk,walking,Take the stairs rn 🌳
3701,Pullups,workout,"Not to nag, but move that body 🥇"
3702,Hike,walking,"Okay legend, take the stairs 👟"
3703,Exercise,workout,Move that body and slay 💪
3704,Keto,fasting,Your eating window is calling 🥑
3705,Quit Porn,noporn,Block that site - you got this 🚫
3706,Vet Visit,pets,Give some cuddles rn 🐶
3707,Savings Goal,finance,Small win: check your accounts 📈
3708,Pullups,workout,Real talk: do a quick workout 🔥
3709,Gratitude,journaling,Note your wins now 💭
3710,Write Blog,creative,Future you says: brainstorm one idea 🎬
3711,Skincare,skincare,Small win: oil your hair 🌸
3712,Evening Run,running,Gentle reminder: warm up and jog 👟
3713,Reset Sunday,chores,"Sweep the floor, just 5 min 🧽"
3714,Morning Water,hydration,Not a drill: water time 🥤
3715,Interval Run,running,Ready to run? 🏃
3716,Less TikTok,screen_break,"Take a screen break, no excuses 👀"
3717,No Snooze,wake,"Hey, leave your bed ⏰"
3718,Quit Smoking,quit,Breaking news: chew gum instead 🚭
3719,Hot Girl Walk,walking,"Take a short stroll, just 5 min 🚶"
3720,No NSFW,noporn,Future you says: delete the trigger 🧠
3721,Practice Habit,other,"Lowkey, tick this off ⭐"
3722,Weekly Plan,focus,"Psst, clear your inbox 🔕"
3723,Walk,walking,"Every step counts, literally 🌳"
3724,Revision,studying,Finish your assignment now 🎓
3725,Rest,sleep,You + bedtime = iconic 🌙
3726,Worship,prayer,Small win: chant your mantra 🙏
3727,Litter Box,pets,"Clean the litter box, promise? 🐾"
3728,Back Stretch,stretching,"Touch your toes, bestie 🤸"
3729,Design Practice,creative,"Hello hello, brainstorm one idea 🎨"
3730,Side Project,coding,"Practice one algorithm, please? 💻"
3731,Craft,creative,"Make something new, legend 🎨"
3732,Quit Vaping,quit,"Choose you, not the habit 🚭"
3733,Mood Check,mood,POV: you take a kind pause 🌈
3734,Notes,studying,Solve ten questions and slay 📝
3735,Eating Window,fasting,"Hello hello, start your fast now 🥑"
3736,Play with Dog,pets,Breaking news: play with your pet 🐱
3737,Walk Dog,pets,"Okay legend, give some cuddles 🐾"
3738,Photography,creative,Main character move: shoot one photo 💡
3739,Feed Fish,pets,"Hey bestie, take the dog out 🐱"
3740,Water,hydration,Refill your bottle fr 🥤
3741,Morning Prayer,prayer,POV: you light the lamp 🙏
3742,Litter Box,pets,Food bowl empty? Uh oh 🐱
3743,Stretch,stretching,"Flow for ten minutes, promise? 🧘"
3744,Manga,reading,"Move your bookmark, just 5 min 📖"
3745,Pranayama,meditation,Just you and your breath 🍃
3746,Read a Chapter,reading,POV: you finish a chapter 📚
3747,Groom Pet,pets,Take the dog out today 🐱
3748,Write Thoughts,journaling,Write in your journal now 📓
3749,Track Expenses,finance,Check your SIP and slay 💰
3750,Rent,finance,"Hello hello, check your budget 📈"
3751,Back Stretch,stretching,"Okay legend, touch your toes 🤸"
3752,Exam Prep,studying,"Review your flashcards, legend 🎓"
3753,Self Control,nofap,"Self control, then chill 👑"
3754,Water,hydration,Be the hydrated icon you are 🚰
3755,Supplements,meds,"Check your meds, please? 💊"
3756,Eat Fruit,meal,Eat on time today 🥗
3757,Check In,mood,Small win: write one feeling 💭
3758,Walk,walking,"Lowkey, step outside 🌳"
3759,Study,studying,"Open your notes, superstar 📚"
3760,Lights Off,sleep,Vibe check: leave your phone outside 🛌
3761,Unplug,screen_break,"Go offline for a bit, bestie 📵"
3762,Catch Up,social,Send a voice note today 📞
3763,Night Routine,skincare,Reminder: finish your routine ✨
3764,Network,social,"Plan a catch up, no excuses 💬"
3765,Dishes,chores,"Hey bestie, clean the kitchen 🧹"
3766,Focus Session,focus,"Work for 25 minutes, legend ⏳"
3767,Eat Veggies,meal,"Fork it, let's eat 🥗"
3768,Design Practice,creative,Reminder: work on your project 🎬
3769,Yoga,stretching,"Roll your neck, superstar 🤸"
3770,Nap,sleep,Future you says: sleep on time 🛌
3771,Night Journal,journaling,Breaking news: fill today's page 📓
3772,Vacuum,chores,POV: you make your bed 🧺
3773,Call Grandparents,social,Real talk: call your dad 📞
3774,Intermittent Fasting,fasting,"Close your eating window, please? 🕐"
3775,Morning Routine,wake,"Start your morning, legend 🐓"
3776,Water,hydration,"Hydration first, scroll later 🥤"
3777,Plank,workout,Friendly nudge: get your sweat on 🔥
3778,3 Good Things,journaling,"Ahem, reflect on today 💭"
3779,Shower,hygiene,"Brush your teeth, legend 🪥"
3780,8 Hours Sleep,sleep,"Good night, champion 🛌"
3781,Learn Python,coding,Your repo is calling 🚀
3782,Groom Pet,pets,"Psst, feed your pet 🐶"
3783,No Sugar,quit,Real talk: skip it today 🚭
3784,Unplug,screen_break,POV: you close the reels 🔌
3785,Mantra,prayer,Say your prayers rn 🙏
3786,Play with Dog,pets,Walk the woof 🐾
3787,Breathwork,meditation,"Ahem, sit and breathe 🧘"
3788,Skincare,skincare,"Ahem, apply your serum 🧴"
3789,CTM Routine,skincare,Do your skincare today ✨
3790,Mobility,stretching,Roll your neck rn 🧘
3791,No NSFW,noporn,"Block that site, no cap 🚫"
3792,Breathing,meditation,"Lowkey, take ten deep breaths 🧘"
3793,Learn Korean,practice,Keep your Duolingo streak fr 🎵
3794,Morning Routine,wake,"Hey bestie, leave your bed ⏰"
3795,Hike,walking,Hit your step goal and slay 🚶
3796,Daily Problem,coding,"Hello hello, practice one algorithm 🐛"
3797,Running,running,The road is waiting 👟
3798,Mood Check,mood,Check your mood rn 🌈
3799,Omega 3,meds,POV: you take your capsule ⏰
3800,GitHub Commit,coding,"Push a commit, superstar 🚀"
3801,Eat Breakfast,meal,"No cap, eat slowly today 🥗"
3802,Wake at 6,wake,"No cap, leave your bed 🌅"
3803,Affirmations,journaling,"List three good things, legend 💭"
3804,Omega 3,meds,Small win: take today's dose 💊
3805,EMI,finance,"Lowkey, save a little today 💰"
3806,Web Dev,coding,"LeetCode time? Yes, now. 🐛"
3807,Therapy Notes,mood,"Yo, do something kind for you 💭"
3808,Cold Shower,hygiene,POV: you trim your nails 🧼
3809,Home Workout,workout,Selfie can wait. Lift first. 💪
3810,Self Control,nofap,"Yo, protect your streak 🔒"
3811,Check In,mood,Okay but your heart? 🫶
3812,No Sugar,quit,"Skip it today, promise? 🚭"
3813,Work Block,focus,"Plan your day, no excuses 🎯"
3814,Mouthwash,hygiene,"Lowkey, trim your nails 🦷"
3815,Personal Goal,other,Friendly nudge: finish it today ⭐
3816,Box Breathing,meditation,Try a body scan now 🍃
3817,Fasting,fasting,"Yo, eat inside your window 🕐"
3818,Less TikTok,screen_break,Gentle reminder: blink and look away 📵
3819,Healthy Snack,meal,Skip the junk - you got this 🍲
3820,GATE Prep,studying,"Study one chapter, no cap 📝"
3821,Retention,nofap,"Stay strong, stay you 🧠"
3822,Book Club,reading,Pick up your book fr 📖
3823,Mantra,prayer,Future you says: light the lamp 🕊
3824,LeetCode,coding,Future you says: code for 30 minutes 🚀
3825,No PMO,nofap,"Not to nag, but leave your room 🔒"
3826,Self Help Book,reading,Gentle reminder: read five pages 📖
3827,Prayer,prayer,"Light a lamp, light your day 🙏"
3828,Namaz,prayer,"Chant for 5 minutes, bestie 🪔"
3829,Feed Cat,pets,"Take the dog out, legend 🐶"
3830,Affirmations,journaling,"Dear diary, it's me again 📝"
3831,20 Pages,reading,Vibe check: open your book 📚
3832,SIP,finance,"Update your budget, please? 📈"
3833,Cut Nails,hygiene,"Trim your nails, no cap 🦷"
3834,N2,nofap,POV: you go for a walk now 🔒
3835,Less TikTok,screen_break,"Go offline for a bit, promise? 🔌"
3836,Hair Serum,skincare,"Moisturize now, legend 🌸"
3837,Pilates,stretching,"Do a forward fold, please? 🧘"
3838,Meditate,meditation,Don't ghost your breath 🌿
3839,Mood Log,mood,POV: you take a deep breath 🫶
3840,Gardening,plants,"Hello hello, water the garden 🪴"
3841,10k Steps,walking,"No cap, take a short stroll 🚶"
3842,Grooming,hygiene,"Freshen up, no cap 🪥"
3843,Vitamins,meds,Reminder: take your capsule ⏰
3844,Catch Up,social,Message a friend fr 🤝
3845,Hair Oil,skincare,Moisturize now fr 🧴
3846,Journal,journaling,"List three good things, please? 💭"
3847,Less Reels,screen_break,Reminder: take a screen break 🔌
3848,Retention,nofap,"Leave your room, please? 🧠"
3849,Diet,fasting,"Break your fast gently, no cap 🥑"
3850,Design Practice,creative,"Pick up your brush, no cap 🎬"
3851,Ukulele,practice,"Practice for 15 minutes, just 5 min 🎵"
3852,Painting,creative,Breaking news: write one paragraph 🎬
3853,Network,social,"Psst, text a friend 📞"
3854,Kotlin Practice,coding,"Code for 30 minutes, promise? 🚀"
3855,Pranayama,meditation,"Try a body scan, please? 🍃"
3856,Routine,other,Habits build legends 🙌
3857,Morning Pill,meds,"Hey bestie, take your capsule ⏰"
3858,Water Bottle,hydration,Future you says: hydrate now 🥤
3859,Meal Prep,meal,Breaking news: have lunch now 🍲
3860,Vacuum,chores,Your sign to start the laundry 🧽
3861,IF,fasting,Real talk: eat inside your window 🕐
3862,Plank,workout,"No cap, do 20 pushups 💪"
3863,Learn Spanish,practice,Don't ghost your lesson 🎸
3864,Take Out Trash,chores,Do the dishes - you got this 🧹
3865,Run 5K,running,Go for a run fr 👟
3866,Photography,creative,Friendly nudge: write a short poem 💡
3867,Morning Run,running,"Go for a run, no cap 👟"
3868,Herb Garden,plants,Check the soil - you got this 💦
3869,Interval Run,running,Chase a new PR and slay 🏃
3870,Gurbani,prayer,Future you says: chant your mantra 🪔
3871,Plant Care,plants,Mist your plants and slay 🌱
3872,New Habit,other,Small win: complete your goal ⭐
3873,Wind Down,sleep,"Yo, go to bed 🛌"
3874,Protein Intake,meal,Reminder: eat slowly today 🍲
3875,H2O,hydration,Hydrate now and slay 💧
3876,Rise and Shine,wake,"Wake up now, please? 🐓"
3877,Reading,reading,"Read five pages, please? 📖"
3878,Nap,sleep,"Lights out, legend 🌙"
3879,Home Workout,workout,Get your sweat on fr 🔥
3880,Reset Sunday,chores,"Wipe the table, superstar 🧺"
3881,NoFap,nofap,"Psst, do 20 pushups instead 🔒"
3882,Check In,mood,"No cap, take a kind pause 💭"
3883,Drink 8 Glasses,hydration,"Water, then chill 💧"
3884,Morning Pill,meds,"Hello hello, have your supplement 💊"
3885,Clean Mind,noporn,"Hey, delete the trigger 🌱"
3886,Goal,other,"Start for 5 minutes, no cap 🙌"
3887,Sleep Early,sleep,"Leave your phone outside, legend 🌙"
3888,Morning Meditation,meditation,Vibe check: sit and breathe 🧘
3889,Mood Check,mood,Quick one: check your mood 💭
3890,Walk Dog,pets,Your pet is waiting 🐱
3891,Therapy Notes,mood,"Lowkey, write one feeling 💭"
3892,Study,studying,Quick one: solve ten questions 📝
3893,10k Steps,walking,Breaking news: hit your step goal 🚶
3894,French,practice,"Yo, pick up your instrument 🎵"
3895,Jog,running,POV: you run one easy km 👟
3896,Celibacy,nofap,Your NoFap streak is waiting 👑
3897,Omega 3,meds,"Dose time, legend ⏰"
3898,Pullups,workout,"One more rep, hero 💪"
3899,Therapy Notes,mood,"Take a kind pause, no cap 💭"
3900,20-20-20,screen_break,Small win: take a screen break 🔌
3901,Water,hydration,"Refill your bottle, superstar 🚰"
3902,Less TikTok,screen_break,"Close the reels, no cap 🔌"
3903,Call Family,social,"Call your mom, bestie 💬"
3904,UPSC Prep,studying,Brain gains loading 🎓
3905,Side Project,coding,"Finish one feature, no cap 💻"
3906,Mood Check,mood,Rough day? We're here 💭
3907,Minoxidil,skincare,"Hey bestie, cleanse your face ✨"
3908,Inbox Zero,focus,You + focus = iconic 🎯
3909,Study,studying,Gentle reminder: solve ten questions 🎓
3910,Pills,meds,Your vitamins is calling 💊
3911,Take Out Trash,chores,Plot twist: put things back 🧺
3912,Intermittent Fasting,fasting,Gentle reminder: hold your fast 🥑
3913,Self Control,nofap,"Hey bestie, go for a walk now 🔒"
3914,Omega 3,meds,Reminder: check your meds 💊
3915,Early to Bed,sleep,"Psst, sleep on time 😴"
3916,No PMO,nofap,Your NoFap streak misses you 🔒
3917,5AM Club,wake,"Psst, skip the snooze ⏰"
3918,Prayer,prayer,Chant your mantra fr 🪔
3919,Journal,journaling,Plot twist: write your affirmations 📓
3920,Dishes,chores,"Hey bestie, make your bed 🧽"
3921,Breathing,meditation,Unplug your brain for 5 🍃
3922,Bedtime,sleep,"Get into bed, promise? 😴"
3923,Revision,studying,Quick one: revise one topic 📝
3924,Photography,creative,Brainstorm one idea now 💡
3925,Meditate,meditation,Plot twist: find your calm 🌿
3926,Posture Check,stretching,Hold child's pose and slay 🤸
3927,Electrolytes,hydration,POV: you grab a glass 🚰
3928,Sun Salutation,stretching,"Yo, stretch your back 🧘"
3929,10 Min Calm,meditation,"Okay legend, sit in silence 🌿"
3930,No Nut,nofap,Small win: protect your streak 👑
3931,Side Project,coding,Git push your limits 🚀
3932,Keto,fasting,"Hey bestie, stick to your diet 🥑"
3933,Brush Teeth,hygiene,"Brush for two minutes, promise? 🦷"
3934,Audiobook,reading,"Okay legend, pick up your book 📚"
3935,5AM Club,wake,Main character move: get out of bed ⏰
3936,Poetry,creative,"Okay legend, shoot one photo 💡"
3937,Herb Garden,plants,Grow with your garden 🪴
3938,Podcast,creative,"Write one paragraph, no cap 🎨"
3939,Home Workout,workout,"Yo, lift something heavy 💪"
3940,Reset Sunday,chores,Your sign to put things back 🧽
3941,Groom Pet,pets,"Psst, clean the litter box 🐶"
3942,Build App,coding,"Ship it, don't skip it 🐛"
3943,Homework,studying,Reminder: open your notes 📝
3944,GitHub Commit,coding,"Ahem, code for 30 minutes 🐛"
3945,Chess Puzzle,practice,Plot twist: speak out loud 🌍
3946,Urge Control,nofap,"Ahem, stay disciplined 🔒"
3947,5AM Club,wake,Rise and shine today 🌅
3948,Notes,studying,"Psst, start a pomodoro 🎓"
3949,Reading,reading,Open your kindle and slay 🔖
3950,Mouthwash,hygiene,Reminder: floss tonight 🪥
3951,Clear Emails,focus,"Distractions, be gone ⏳"
3952,Drums,practice,POV: you do your lesson 🎵
3953,Inbox Zero,focus,"Focus for 25 minutes, please? 🎯"
3954,Bedtime,sleep,Your sign to close your eyes 🛌
3955,3 Good Things,journaling,"Jot down your thoughts, promise? 📓"
3956,Task A,other,"Do it right now, no excuses 🙌"
3957,Dishes,chores,"Yo, load the washing machine 🧽"
3958,Prayer,prayer,"Light a candle, just 5 min 🙏"
3959,Notes,studying,Revise one topic now 🎓
3960,No NSFW,noporn,"Splash cold water, bestie 🌱"
3961,Habit,other,Show up today fr ✅
3962,Mental Health Check,mood,"Yo, check your mood 🫶"
3963,20:4 Fast,fasting,Reminder: break your fast gently 🍵
3964,Draw,creative,Write a short poem now 💡
3965,Creatine,meds,"No cap, take your pills 💊"
3966,Content Creation,creative,"Brainstorm one idea, legend 🎨"
3967,3L Water,hydration,"Have some water, legend 🚰"
3968,20 Pages,reading,POV: you open your kindle 🔖
3969,Quit Porn,noporn,Friendly nudge: splash cold water 🌱
3970,Gym,workout,Vibe check: do 20 pushups 💪
3971,Speak English,practice,POV: practice time 🎵
3972,Porn Free,noporn,Proud of your clean streak 🌱
3973,Sketch,creative,Write one paragraph - you got this 🎨
3974,Early Riser,wake,Up and at 'em! 🌅
3975,NoFap,nofap,Gentle reminder: try a cold shower 🧠
3976,Discipline Streak,nofap,"Breathe, the wave will pass 👑"
3977,Photography,creative,Your canvas is waiting 🎬
3978,Quit Vaping,quit,Friendly nudge: chew gum instead 💚
3979,Water Plants,plants,"Check your plants, no excuses 🪴"
3980,Trek,walking,"Walk time? Yes, now. 🚶"
3981,Morning Routine,wake,"Start your morning, promise? 🌅"
3982,Date Night,social,"Pick up the phone, champ 💬"
3983,Office Work,focus,Real talk: work for 25 minutes ⏳
3984,Affirmations,journaling,"Hello hello, reflect on today 📝"
3985,Feed Cat,pets,"Pet hugs, best hugs 🐾"
3986,Rise and Shine,wake,"Win the morning, win the day ⏰"
3987,No Alcohol,quit,"Hey bestie, choose the healthy swap 💚"
3988,Call Grandma,social,Quick one: call your mom 🤝
3989,Retinol,skincare,Vibe check: cleanse your face 🧴
3990,Fast Until Noon,fasting,"Stick to your diet, bestie 🍵"
3991,Build App,coding,"Hey bestie, solve a LeetCode problem 🐛"
3992,Repot Plant,plants,Water your plants and slay 💦
3993,Water Break,hydration,"Grab a glass, just 5 min 💧"
3994,Jog,running,Run is calling 💨
3995,Affirmations,journaling,"Three good things, go 💭"
3996,No Snooze,wake,"Good morning, legend ⏰"
3997,Check In,mood,"Name your feeling, bestie 🫶"
3998,Mood Log,mood,Plot twist: log your mood 🌈
3999,Kitchen Clean,chores,"Make your bed, please? 🧺"
4000,Walk 30 Min,walking,Lace up and walk fr 🚶
4001,Rest,sleep,Start winding down - you got this 🛌
4002,Wake at 6,wake,POV: you wake up now 🌅
4003,Learn Spanish,practice,"Speak out loud, promise? 🎵"
4004,Sprint Training,running,Gentle reminder: go for a run 💨
4005,Date Night,social,"Psst, call your dad 💬"
4006,Cut Nails,hygiene,Floss like nobody's watching 🧼
4007,Water Bottle,hydration,"Okay legend, drink up 🥤"
4008,Photography,creative,Future you says: write one paragraph 🎬
4009,Plant Care,plants,"Lowkey, check the soil 💦"
4010,Breathing,meditation,Small win: be present 🍃
4011,Daily Goal,other,Tick this off - you got this ✅
4012,NoPorn,noporn,"Hello hello, turn on your blocker 🚫"
4013,Pranayama,meditation,"Take ten deep breaths, just 5 min 🧘"
4014,SAT Prep,studying,Revision o'clock! 📚
4015,Reminder,other,"Hey bestie, make progress today 🙌"
4016,Plank,workout,"Show up and lift, no excuses 💪"
4017,Vacuum,chores,"Clean the kitchen, promise? 🧽"
4018,Cut Nails,hygiene,"Lowkey, wash your hands 🪥"
4019,Practice Habit,other,Okay but your streak? ✅
4020,Rise and Shine,wake,"Skip the snooze, no excuses 🐓"
4021,GitHub Commit,coding,Your sign to write some code 🚀
4022,Log Expenses,finance,Log your expenses rn 💸
4023,No Snooze,wake,"Rise and shine, please? 🐓"
4024,Rent,finance,Breaking news: pay your bills 💰
4025,Gratitude List,journaling,"Write one gratitude, legend 📓"
4026,Clean Mind,noporn,Real life is waiting 🌱
4027,Tulsi,plants,Plot twist: repot one plant 💦
4028,Sleep by 11,sleep,"Lowkey, get some sleep 😴"
4029,Painting,creative,"No cap, work on your project 💡"
4030,Evening Run,running,Real talk: chase a new PR 👟
4031,Emotions,mood,POV: you do something kind for you 🌈
4032,Hydrate,hydration,Future you says: have some water 🚰
4033,Mental Health Check,mood,Check your mood and slay 💭
4034,Breathwork,meditation,"Psst, close your eyes and breathe 🍃"
4035,Gratitude,journaling,Gentle reminder: write a brain dump 📓
4036,Bedtime,sleep,"Get into bed, no excuses 🛌"
4037,Save Money,finance,"Hey, review your spending 💰"
4038,Mood Check,mood,Plot twist: be gentle with yourself 🌈
4039,Digital Detox,screen_break,"Look far for 20 seconds, superstar 🔌"
4040,Plant Care,plants,"Okay legend, feed your plants 🌱"
4041,Take Out Trash,chores,POV: you take out the trash 🧹
4042,Guitar Practice,practice,"Ahem, speak out loud 🎸"
4043,Discipline Streak,nofap,"Psst, go to the gym instead 🔒"
4044,Bath,hygiene,Small win: brush for two minutes 🪥
4045,Bible Reading,prayer,"Read one verse, just 5 min 🪔"
4046,Weekly Plan,focus,Reminder: finish one task 🔕
4047,Typing Practice,practice,Keep your Duolingo streak and slay 🎵
4048,Self Control,nofap,"Lowkey, stay disciplined 🔒"
4049,Morning Walk,walking,"Take the stairs, just 5 min 🌳"
4050,Flexibility,stretching,Quick one: roll your neck 🧘
4051,Flexibility,stretching,Stretch for 5 minutes today 🧘
4052,SIP,finance,Future you says: save a little today 💸
4053,Omega 3,meds,Vibe check: take it with water 💊
4054,IMD,fasting,"Okay legend, log your fasting hours 🥑"
4055,Rest,sleep,"Hello hello, start winding down 🌙"
4056,No Late Nights,sleep,Sleep > excuses 🛌
4057,Hair Serum,skincare,Reminder: put on sunscreen 🧴
4058,Herb Garden,plants,Real talk: trim dead leaves 💦
4059,Feel Good,mood,"Hug yourself, seriously 🫶"
4060,Play with Dog,pets,Reminder: feed your pet 🐱
4061,Gratitude List,journaling,Ink your thoughts 📝
4062,Write Blog,creative,"Shoot one photo, just 5 min 💡"
4063,10 Min Calm,meditation,"Be present, just 5 min 🧘"
4064,Bedtime,sleep,POV: you sleep on time 🌙
4065,Diet Plan,fasting,"Close your eating window, no excuses 🕐"
4066,Water Plants,plants,Leafy friends need you 🌱
4067,No Junk,quit,Reminder: chew gum instead 💚
4068,Edit Video,creative,"Edit your video, no cap 💡"
4069,Leg Day,workout,Plot twist: move that body 🔥
4070,Walk Dog,pets,Breaking news: refill the food bowl 🐱
4071,Web Dev,coding,"Lowkey, solve one problem 💻"
4072,Wind Down,sleep,"Plug in and lie down, no excuses 😴"
4073,Clear Emails,focus,"Clear your inbox, please? 🎯"
4074,Make Bed,chores,"Hey, clean your desk 🧺"
4075,Floss,hygiene,"Wash your hands, promise? 🦷"
4076,Breathwork,meditation,Peace is a habit 🧘
4077,Call Grandparents,social,Plot twist: call your mom 💬
4078,Pet Care,pets,Walk your dog rn 🐱
4079,Marathon Prep,running,Breaking news: run at easy pace 🏃
4080,Digital Detox,screen_break,Real talk: switch off notifications 👀
4081,Sleep by 11,sleep,"Okay legend, plug in and lie down 🌙"
4082,Meal Prep,meal,"Add some protein, no cap 🍲"
4083,Box Breathing,meditation,"Not to nag, but sit in silence 🍃"
4084,Typing Practice,practice,"Play it again, champ 🎸"
4085,Bible Reading,prayer,Real talk: take a moment to pray 🙏
4086,Diet Plan,fasting,Quick one: start your fast now 🕐
4087,Groceries,chores,Quick one: fold your clothes 🧹
4088,No Smoking,quit,"Skip it today, just 5 min 🌿"
4089,Glass of Water,hydration,"Ahem, hydrate now 🥤"
4090,Less Caffeine,quit,Breaking news: skip the smoke break 🚭
4091,IF,fasting,"Hello hello, keep the kitchen closed 🍵"
4092,Flowers,plants,Leaves happy? 🌱
4093,Early to Bed,sleep,Sleep on time today 🛌
4094,New Habit,other,"Psst, complete your goal ⭐"
4095,3 Good Things,journaling,"Hello hello, write one page 📓"
4096,Morning Yoga,stretching,Stiff neck? Stretch break 🤸
4097,Wake Up Early,wake,"Hello hello, turn off the alarm ⏰"
4098,My Task,other,Your habit is calling 🙌
4099,Face Wash,skincare,Small win: moisturize now 🧴
4100,Feed Cat,pets,"Not to nag, but give a treat 🐱"
4101,Savings Goal,finance,Your sign to log your expenses 💰
4102,Stroll,walking,Reminder: take a quick walk 🌳
4103,Retinol,skincare,Friendly nudge: pamper your skin ✨
4104,Water,hydration,"Refill your bottle, no excuses 🚰"
4105,Morning Pages,journaling,"Reflect on today, bestie 💭"
4106,Emotions,mood,"Heart check, quick one 🌈"
4107,18:6 Fast,fasting,Ready to break the fast? 🥑
4108,Reply Messages,social,POV: you plan a catch up 💬
4109,No NSFW,noporn,"Stay clean, stay mean 🧠"
4110,Feed Dog,pets,"Take the dog out, no excuses 🐱"
4111,Morning Meditation,meditation,Real talk: find your calm 🍃
4112,Water Goal,hydration,"Sip some water, just 5 min 💧"
4113,Groom Pet,pets,Real talk: walk your dog 🐾
4114,Nicotine Free,quit,"Skip it today, no cap 🌿"
4115,Practice Habit,other,Small win: keep your streak 🙌
4116,Morning Pages,journaling,"Ahem, jot down your thoughts 📝"
4117,Mood Log,mood,"Yo, be gentle with yourself 🌈"
4118,Back Stretch,stretching,"Do a forward fold, legend 🤸"
4119,Breathing,meditation,Your sign to find your calm 🧘
4120,NoFap,nofap,Gentle reminder: go for a walk now 🔒
4121,Therapy Notes,mood,"Take a deep breath, superstar 🌈"
4122,No Social Media,screen_break,"Hey, close the reels 👀"
4123,Read News,reading,Future you says: read before bed 🔖
4124,Content Creation,creative,"Sketch it out, legend 🎨"
4125,Retinol,skincare,"Skincare time? Yes, now. ✨"
4126,Eye Break,screen_break,Put your phone away and slay 📵
4127,Morning Routine,wake,Quick one: splash some water 🌅
4128,Succulents,plants,"No cap, give them sunlight 🪴"
4129,Morning Meditation,meditation,Breathe slowly for a minute now 🍃
4130,Practice Habit,other,Small win: start for 5 minutes ✅
4131,Power Nap,sleep,Friendly nudge: take a power nap 🌙
4132,Hike,walking,"Take a short stroll, legend 🌳"
4133,Log Expenses,finance,Compound interest loves you 💰
4134,No Nut,nofap,You + discipline = iconic 🧠
4135,Flowers,plants,"Ahem, check the soil 🪴"
4136,Side Project,coding,"Open your IDE, please? 🐛"
4137,SPF,skincare,"Wash your face, legend 🌸"
4138,Stretch,stretching,"Flow for ten minutes, bestie 🤸"
4139,Wake Up,wake,Breaking news: open the curtains 🐓
4140,Running,running,"Go for a short run, bestie 🏃"
4141,Budget,finance,Your sign to check your accounts 💸
4142,Night Brush,hygiene,"Yo, brush for two minutes 🧼"
4143,Painting,creative,"Okay legend, write one paragraph 💡"
4144,Feed Cat,pets,"Yo, clean the litter box 🐶"
4145,Debug,coding,"Practice one algorithm, promise? 🐛"
4146,Check In,mood,"Hello hello, log your mood 💭"
4147,Park Walk,walking,You + fresh air = iconic 🌳
4148,Calorie Deficit,fasting,"Green tea gang, rise 🥑"
4149,Digital Purity,noporn,"Hey, go outside for a bit 🚫"
4150,Succulents,plants,"Give them sunlight, please? 🌱"
4151,Face Wash,skincare,Main character move: wash your face ✨
4152,Nicotine Free,quit,Plot twist: wait out the craving 🚭
4153,Guitar Practice,practice,"Yo, learn five new words 🎵"
4154,Feed Dog,pets,"Psst, give some cuddles 🐾"
4155,Water Break,hydration,Finish that bottle fr 🥤
4156,N2,nofap,Cold shower > weak moment 🔒
4157,H2O,hydration,"Fill up your bottle, no cap 💧"
4158,Inhaler,meds,"Psst, take it with water ⏰"
4159,Brush Teeth,hygiene,"Take a quick bath, promise? 🧼"
4160,Revision,studying,"Lowkey, solve a mock test 📝"
4161,Morning Workout,workout,Don't leave the barbell on read 💪
4162,Gurbani,prayer,"Psst, read a few verses 🙏"
4163,Wake at 6,wake,"Get out of bed, please? 🌅"
4164,Water Bottle,hydration,Sip check? 🚰
4165,Office Work,focus,One task. Full focus. 🔕
4166,Scalp Care,skincare,Friendly nudge: cleanse your face 🌸
4167,Eating Window,fasting,Plot twist: log your fasting hours 🕐
4168,Early to Bed,sleep,"Say good night, no cap 😴"
4169,20-20-20,screen_break,Keep your phone aside now 🔌
4170,Draw,creative,"Okay legend, pick up your brush 💡"
4171,Run 3 KM,running,"Lace up and run, legend 🏃"
4172,Reading,reading,Small win: finish a chapter 📖
4173,Call Dad,social,"Ahem, call someone you love 🤝"
4174,Vocab,practice,Okay but your instrument? 🌍
4175,Goal,other,Quick one: finish your task ✅
4176,Herb Garden,plants,Okay but the garden? 🌱
4177,Namaz,prayer,Your sign to chant your mantra 🪔
4178,Eat Salad,meal,"Have your meal, no cap 🍲"
4179,No Social Media,screen_break,Real talk: rest your eyes 📵
4180,Homework,studying,"Open your notes, no excuses 🎓"
4181,Pooja,prayer,Faith over fear 🪔
4182,Interval Run,running,Lace up and run and slay 👟
4183,Morning Prayer,prayer,Take a moment to pray rn 🪔
4184,Gratitude List,journaling,Small win: reflect on today 📝
4185,Rent,finance,"Check your accounts, please? 💸"
4186,2L Water,hydration,Plot twist: drink a glass of water 🥤
4187,Vet Visit,pets,"Give some cuddles, no excuses 🐾"
4188,Iron Clothes,chores,"Clean the kitchen, just 5 min 🧺"
4189,Celibacy,nofap,"Try a cold shower, promise? 👑"
4190,Early Riser,wake,Reminder: leave your bed 🌅
4191,Worship,prayer,"Say your prayers, bestie 🪔"
4192,Painting,creative,"Write for ten minutes, bestie 🎬"
4193,Wake Up,wake,Your alarm is waiting ⏰
4194,Gardening,plants,Water the garden - you got this 💦
4195,Reset Sunday,chores,"No cap, fold your clothes 🧹"
4196,Mood Check,mood,Pause and notice 🫶
4197,Reflect,journaling,"Yo, fill today's page 📝"
4198,Gratitude,journaling,"Okay legend, write a brain dump 💭"
4199,Evening Run,running,Okay but run? 🏃
4200,Walk,walking,Quick one: step outside 👟
4201,Shave,hygiene,"Freshen up, just 5 min 🧼"
4202,Kitchen Clean,chores,"Put things back, bestie 🧽"
4203,Semester Prep,studying,"Solve a mock test, no excuses 📚"
4204,Iron Tablet,meds,Your sign to take your dose 💊
4205,Run 3 KM,running,Your sign to lace up and run 👟
4206,Make Bed,chores,Main character move: clean your desk 🧺
4207,Herb Garden,plants,Your balcony needs love 🪴
4208,Nicotine Free,quit,"Clean living time? Yes, now. 💚"
4209,Affirmations,journaling,Write one gratitude fr 💭
4210,Lights Off,sleep,"Get some sleep, bestie 😴"
4211,Clear Emails,focus,Small win: write your to-do list 🎯
4212,Lunch Walk,walking,Stretch your legs fr 🌳
4213,CTM Routine,skincare,Put on sunscreen fr 🧴
4214,Vitamin D3,meds,Friendly nudge: have your supplement ⏰
4215,Running,running,"Jog for 15 minutes, just 5 min 🏃"
4216,Painting,creative,"Okay legend, brainstorm one idea 💡"
4217,Laundry,chores,Not a drill: laundry time 🧹
4218,Podcast,creative,"No cap, write a short poem 💡"
4219,Feel Good,mood,Write one feeling today 💭
4220,Log Expenses,finance,"Save a little today, no cap 📈"
4221,Make Bed,chores,"Load the washing machine, just 5 min 🧺"
4222,Strength Training,workout,"Show up and lift, legend 🔥"
4223,Morning Yoga,stretching,Reminder: roll out your mat 🤸
4224,Grooming,hygiene,Floss tonight - you got this 🪥
4225,Run 5K,running,Run era activated 💨
4226,Morning Run,running,"Easy pace, big face 🏃"
4227,Glass of Water,hydration,"Finish that bottle, superstar 🥤"
4228,Read 10 Pages,reading,"Lowkey, read ten pages 🔖"
4229,Edit Video,creative,"Not to nag, but write one paragraph 💡"
4230,Gratitude,journaling,Friendly nudge: write one gratitude 📓
4231,Gym,workout,"Yo, train hard today 🥇"
4232,Brisk Walk,walking,"Psst, go for a walk 🌳"
4233,Drink Water,hydration,"Not to nag, but take five sips 🥤"
4234,No Distractions,focus,Vibe check: clear your inbox 🔕
4235,20 Pages,reading,Vibe check: finish a chapter 📚
4236,Pranayama,meditation,"Find your calm, legend 🍃"
4237,Stroll,walking,"Hot girl walk, any gender 🌳"
4238,Worship,prayer,Prayer > excuses 🕊
4239,Quit Porn,noporn,"Go outside for a bit, please? 🌱"
4240,Eat On Time,meal,"Ahem, add some veggies 🍳"
4241,Eat Breakfast,meal,Future you says: eat your breakfast 🍳
4242,Morning Yoga,stretching,Quick one: do some yoga 🧘
4243,Office Work,focus,"Finish one task, just 5 min 🔕"
4244,My Task,other,Make progress today fr ✅
4245,Thyroid Tablet,meds,Pop your supplement and slay 💊
4246,Power Nap,sleep,"Lowkey, close your eyes 😴"
4247,Invest,finance,Move money to savings and slay 💸
4248,Morning Run,running,"Run one easy km, superstar 💨"
4249,Minoxidil,skincare,Routine done? 🧴
4250,Box Breathing,meditation,Breathe for a minute? 🍃
4251,Reset Sunday,chores,Your room is waiting 🧽
4252,Flowers,plants,Friendly nudge: repot one plant 🪴
4253,Reply Messages,social,Check on your people today 💬
4254,Coconut Water,hydration,Hydrate like it's your job 🥤
4255,Savings Goal,finance,"Lowkey, review your spending 💸"
4256,Check List,other,Your sign to do it right now ✅
4257,Grooming,hygiene,Plot twist: brush for two minutes 🧼
4258,Sketch,creative,Real talk: draw something small 🎨
4259,Shave,hygiene,POV: you floss tonight 🪥
4260,No Sugar,quit,Not a drill: sobriety time 🌿
4261,Minoxidil,skincare,"Put on sunscreen, legend 🌸"
4262,IMD Diet,fasting,"Count hours, not calories 🥑"
4263,Check In,mood,Quick one: write one feeling 🫶
4264,Iron Clothes,chores,Small win: sweep the floor 🧽
4265,Weekly Plan,focus,"Focus for 25 minutes, superstar 🔕"
4266,Porn Free,noporn,"Hello hello, go outside for a bit 🌱"
4267,Lights Off,sleep,"Hello hello, take a power nap 😴"
4268,8 Hours Sleep,sleep,It's giving bedtime 🌙
4269,UPSC Prep,studying,"Psst, revise one topic 📚"
4270,Eating Window,fasting,"Skip the late snack, just 5 min 🍵"
4271,Read 10 Pages,reading,"Scroll less, read more 📚"
4272,Gym,workout,Breaking news: warm up and go 💪
4273,Book Club,reading,Friendly nudge: read ten pages 📖
4274,Run 5K,running,"Hey, lace up and run 🏃"
4275,Glass of Water,hydration,Drink up - you got this 🥤
4276,Build App,coding,Friendly nudge: write some code 💻
4277,Digital Purity,noporn,Vibe check: close that tab 🧠
4278,Herb Garden,plants,Check your plants - you got this 💦
4279,Piano,practice,"Speak out loud, please? 🌍"
4280,Deep Work,focus,"Yo, block your calendar 🔕"
4281,Self Help Book,reading,Reading era starts now 📚
4282,Invest,finance,Plot twist: review your spending 📈
4283,No Junk Food,meal,Your sign to eat something healthy 🍳
4284,Text a Friend,social,Gentle reminder: text a friend 📞
4285,Gratitude List,journaling,Plot twist: jot down your thoughts 📝
4286,EMI,finance,Save a little today and slay 💰
4287,Litter Box,pets,"Ahem, walk your dog 🐶"
4288,Thyroid Tablet,meds,Dose done? 💊
4289,Plan the Day,focus,"Block your calendar, legend ⏳"
4290,Budget,finance,"Review your spending, no excuses 💰"
4291,Stretch,stretching,"Psst, roll your neck 🧘"
4292,Abs,workout,It's giving gym 🔥
4293,Groom Pet,pets,"Ahem, feed your pet 🐾"
4294,Podcast,creative,"Hey, write a short poem 🎨"
4295,No Alcohol,quit,Small win: chew gum instead 🚭
4296,Manga,reading,Friendly nudge: pick up your book 📚
4297,BP Tablet,meds,Don't leave your meds hanging 💊
4298,Take Out Trash,chores,POV: you do the dishes 🧽
4299,Offline Hour,screen_break,Go offline for a bit today 📵
4300,Repot Plant,plants,"Not to nag, but give them water 💦"
4301,Breathing,meditation,Meditate for 5 minutes rn 🧘
4302,Screen Break,screen_break,"Blink, stretch, breathe 🔌"
4303,Hair Oil,skincare,Future you says: cleanse your face 🧴
4304,Quit Porn,noporn,"Hey bestie, block that site 🧠"
4305,Scalp Care,skincare,"Hello hello, massage your scalp ✨"
4306,Cook Dinner,meal,POV: you skip the junk 🍳
4307,Wake Up Early,wake,Quick one: put your feet down ⏰
4308,Lift Weights,workout,"Sore today, strong tomorrow 🔥"
4309,SAT Prep,studying,"Open your notes, legend 📚"
4310,Shower,hygiene,Real talk: trim your nails 🧼
4311,Call Mom,social,Gentle reminder: message a friend 💬
4312,5000 Steps,walking,"Fresh air first, scroll later 🌳"
4313,Read 10 Pages,reading,"Read before bed, no cap 📚"
4314,Morning Prayer,prayer,"Chant your mantra, just 5 min 🙏"
4315,Water Plants,plants,"Yo, trim dead leaves 💦"
4316,Water Goal,hydration,"Refill your bottle, please? 🚰"
4317,Water Bottle,hydration,Drink some water today 💧
4318,Worship,prayer,Pooja done? 🙏
4319,Gardening,plants,"No cap, feed your plants 🪴"
4320,Creatine,meds,"No cap, pop your supplement 💊"
4321,Omega 3,meds,"Take it with water, bestie ⏰"
4322,Retention,nofap,"Psst, leave your room 🔒"
4323,Repot Plant,plants,"Green babies first, scroll later 🌱"
4324,Debug,coding,Vibe check: solve a LeetCode problem 🚀
4325,No PMO,nofap,Plot twist: stay busy today 👑
4326,Deep Work,focus,"No cap, finish one task 🔕"
4327,Gratitude,journaling,Write your affirmations fr 📝
4328,Discipline Streak,nofap,"Ahem, go for a walk now 🧠"
4329,Fasting,fasting,"Lowkey, eat a protein-rich meal 🥑"
4330,Scalp Care,skincare,Skincare o'clock! ✨
4331,Log Expenses,finance,Friendly nudge: check your budget 📈
4332,Reply Messages,social,Friendly nudge: call your mom 📞
4333,Night Brush,hygiene,Your toothbrush misses you 🦷
4334,Read News,reading,"Pick up your book, legend 📖"
4335,Lift Weights,workout,"Lowkey, start your workout 🔥"
4336,Creatine,meds,"Take your dose, legend ⏰"
4337,Work Block,focus,"Not to nag, but clear your inbox 🔕"
4338,Quit Porn,noporn,Bored? Go outside? 🚫
4339,Self Control,nofap,"Protect your streak, promise? 👑"
4340,Coconut Water,hydration,"Sip some water, promise? 💧"
4341,Supplements,meds,Reminder: take your dose ⏰
4342,Read a Chapter,reading,"Hey, read before bed 🔖"
4343,Budget,finance,"No cap, move money to savings 💸"
4344,Water Plants,plants,Future you says: give them sunlight 💦
4345,Home Workout,workout,Quick one: show up and lift 💪
4346,Morning Pages,journaling,Vibe check: list three good things 📝
4347,Morning Routine,wake,"Hey, put your feet down 🐓"
4348,Namaz,prayer,"Hey bestie, light a candle 🕊"
4349,Write Thoughts,journaling,"Write three lines, please? 📝"
4350,Journal,journaling,Don't ghost the diary 📓
4351,IMD,fasting,Gentle reminder: stick to your diet 🍵
4352,Stretch,stretching,Small win: touch your toes 🤸
4353,Meet Friends,social,Send a voice note fr 💬
4354,Leg Day,workout,Quick one: start your workout 💪
4355,Posture Check,stretching,Flexibility is a superpower 🧘
4356,Gratitude List,journaling,Future you says: fill today's page 📓
4357,No Snooze,wake,"Rise and shine, no excuses 🌅"
4358,H2O,hydration,Take five sips and slay 💧
4359,Retinol,skincare,"Apply moisturizer, legend 🧴"
4360,Morning Routine,wake,Leave your bed - you got this 🐓
4361,Mood Check,mood,Not you being amazing again 🌈
4362,Multivitamin,meds,Breaking news: take it with water ⏰
4363,Morning Water,hydration,POV: hydration time 🥤
4364,Bath,hygiene,Breaking news: use mouthwash 🧼
4365,Bedtime,sleep,"Go to bed, bestie 🛌"
4366,Pomodoro,focus,"Silence your phone, bestie 🔕"
4367,Practice Habit,other,One step at a time 🙌
4368,Keto,fasting,Fasting hits different today 🥑
4369,Read Before Bed,reading,"No cap, open your book 📖"
4370,No Spend Day,finance,POV: you skip one impulse buy 📈
4371,Cold Shower,hygiene,Wash your hands - you got this 🧼
4372,Therapy Notes,mood,Your mood misses you 🫶
4373,Water Plants,plants,Trim dead leaves - you got this 🌱
4374,Play with Dog,pets,Fill the water bowl and slay 🐾
4375,Gym,workout,"Gains don't ghost, you do 💪"
4376,Pet Care,pets,Feed your pet fr 🐶
4377,Celibacy,nofap,"Ahem, redirect your energy 🔒"
4378,Learn Python,coding,Write one function rn 🚀
4379,Ukulele,practice,"Keep your Duolingo streak, no cap 🎵"
4380,Clean Mind,noporn,"Block that site, promise? 🌱"
4381,Weekly Plan,focus,Your sign to finish one task ⏳
4382,Practice Habit,other,"Show up today, superstar 🙌"
4383,Reflect,journaling,Journaling girlie hours 📝
4384,Rise and Shine,wake,"Hello hello, put your feet down 🌅"
4385,Side Project,coding,Your sign to solve one problem 🐛
4386,Clean Room,chores,"Hey, wipe the table 🧽"
4387,Discipline Streak,nofap,"Stay disciplined, superstar 🧠"
4388,Dance Practice,practice,"Hey, practice your scales 🎸"
4389,Morning Routine,wake,"Okay legend, splash some water ⏰"
4390,Audiobook,reading,"No cap, finish a chapter 📖"
4391,Affirmations,journaling,"Jot down your thoughts, superstar 💭"
4392,Eat Fruit,meal,"Psst, eat slowly today 🍳"
4393,Meet Friends,social,Check on a friend today 📞
4394,Steps Goal,walking,Fresh air o'clock! 🚶
4395,Marathon Prep,running,"Go for a short run, legend 🏃"
4396,Flashcards,studying,"Not to nag, but make your notes 📚"
4397,EMI,finance,Check your accounts and slay 💰
4398,Box Breathing,meditation,"Ahem, meditate for 5 minutes 🌿"
4399,Balcony Garden,plants,"Trim dead leaves, superstar 🌱"
4400,Call Family,social,"Check on a friend, bestie 🤝"
4401,Healthy Snack,meal,"Okay legend, fuel your body 🍳"
4402,Leg Day,workout,"Start your workout, no cap 🥇"
4403,Moisturize,skincare,You + glow = iconic 🌸
4404,10 Min Yoga,stretching,"Do some yoga, no excuses 🧘"
4405,Lunch Walk,walking,Plot twist: walk for fifteen minutes 👟
4406,Piano,practice,Reminder: play your scales 🎸
4407,Retention,nofap,Need a reset walk? 🔒
4408,Habit,other,"Hey bestie, do it right now ✅"
4409,How Am I Feeling,mood,"Do something kind for you, please? 💭"
4410,Plan the Day,focus,Do the hard thing first 🔕
4411,Celibacy,nofap,"Lowkey, go to the gym instead 🔒"
4412,Groom Pet,pets,Puppy eyes activated 🐾
4413,Morning Walk,walking,Lowkey the best therapy 🚶
4414,Early Riser,wake,Don't snooze your dreams 🌅
4415,Revision,studying,Gentle reminder: make your notes 📚
4416,Lunch,meal,Plot twist: have your meal 🍲
4417,Night Brush,hygiene,Self-care starts here 🦷
4418,Clean Room,chores,"Lowkey, wipe the table 🧽"
4419,Temple Visit,prayer,"Not to nag, but chant your mantra 🪔"
4420,Feed Bird,pets,Friendly nudge: give a treat 🐶
4421,Phone Free Dinner,screen_break,"Keep your phone aside, bestie 🔌"
4422,Phone Free Dinner,screen_break,Don't leave your eyes on read 👀
4423,Evening Walk,walking,"Take a quick walk, please? 🚶"
4424,Audiobook,reading,"Move your bookmark, no cap 📚"
4425,Push Day,workout,Your sign to lift something heavy 💪
4426,Lunch Break,meal,"Psst, eat your breakfast 🍲"
4427,Refill Bottle,hydration,"Take a big sip, legend 🥤"
4428,Read News,reading,"Open your kindle, promise? 📚"
4429,Dishes,chores,"Sweep the floor, no cap 🧺"
4430,Breakfast,meal,"No cap, eat a proper dinner 🍳"
4431,Inbox Zero,focus,"Plan your day, just 5 min 🔕"
4432,Pooja,prayer,Your sign to give thanks 🙏
4433,Supplements,meds,"Take your tablet, superstar 💊"
4434,Budget,finance,Future you says: check your budget 📈
4435,No Spend Day,finance,"Note today's spending, promise? 💸"
4436,Night Brush,hygiene,"Take a cold shower, bestie 🪥"
4437,Mock Test,studying,"Review your flashcards, promise? 📝"
4438,Write Blog,creative,"Psst, draw something small 💡"
4439,Side Project,coding,POV: LeetCode time 🐛
4440,No Junk,quit,"Pass on the drink, no cap 🚭"
4441,Stretch,stretching,"Roll out your mat, legend 🧘"
4442,Organize Desk,chores,Reminder: tidy up for 10 minutes 🧽
4443,Pay Bills,finance,"Psst, check your accounts 💰"
4444,Flashcards,studying,"Yo, start a pomodoro 📚"
4445,Sugar Free,quit,"No cap, pass on the drink 🌿"
4446,Breathwork,meditation,Quick one: meditate for 5 minutes 🍃
4447,SAT Prep,studying,"Review your flashcards, just 5 min 🎓"
4448,Self Control,nofap,"Stay busy today, no excuses 👑"
4449,Gurbani,prayer,Gentle reminder: chant for 5 minutes 🕊
4450,Log Expenses,finance,Vibe check: update your budget 💸
4451,Doodle,creative,"Psst, sketch for 10 minutes 💡"
4452,5AM Club,wake,"Get out of bed, no cap 🌅"
4453,10k Steps,walking,Walk for ten minutes fr 🌳
4454,Exercise,workout,"Grind now, glow later 🥇"
4455,Porn Free,noporn,Healing takes time 🌱
4456,Nicotine Free,quit,"Yo, chew gum instead 🌿"
4457,Running,running,"Run at easy pace, promise? 🏃"
4458,Feed Fish,pets,"Litter duty, hero 🐱"
4459,Back Stretch,stretching,Breaking news: roll your neck 🤸
4460,Drums,practice,Finish one lesson - you got this 🌍
4461,Pay Bills,finance,Log your expenses now 💸
4462,Fast Until Noon,fasting,Protein first when you eat 🕐
4463,Wind Down,sleep,"Early night, bright morning 😴"
4464,Squats,workout,POV: you move that body 💪
4465,Gratitude List,journaling,Future you says: write one gratitude 📝
4466,Floss,hygiene,"Germs, be gone! 🧼"
4467,Mental Health Check,mood,Log your mood - you got this 🫶
4468,Take Out Trash,chores,"Hey, clean the kitchen 🧽"
4469,Speak English,practice,"Lowkey, practice your scales 🎵"
4470,Lecture Review,studying,Revise one topic rn 🎓
4471,Sober,quit,"Hey, wait out the craving 🌿"
4472,Office Work,focus,"Tick tick, task done 🎯"
4473,Text a Friend,social,"Plan a catch up, legend 🤝"
4474,Read News,reading,Open your kindle fr 📚
4475,Walk Dog,pets,Don't ghost your furry friend 🐶
4476,Violin,practice,"Hello hello, do your lesson 🎸"
4477,YouTube Video,creative,Doodle your heart out 🎬
4478,Write Blog,creative,"Hello hello, edit your video 🎬"
4479,Evening Stretch,stretching,Real talk: stretch for 5 minutes 🧘
4480,Retention,nofap,Friendly nudge: leave your room 🧠
4481,Screen Break,screen_break,Plot twist: blink and look away 🔌
4482,No Spend Day,finance,Quick one: save a little today 📈
4483,Morning Meditation,meditation,"Hey, take ten deep breaths 🌿"
4484,2L Water,hydration,Have some water rn 💧
4485,No Nut,nofap,Quick one: go to the gym instead 🧠
4486,Eye Break,screen_break,"Look far for 20 seconds, promise? 🔌"
4487,GATE Prep,studying,"Okay legend, revise one topic 🎓"
4488,Quit Vaping,quit,Quick one: skip the sugar today 🚭
4489,Night Brush,hygiene,"Not to nag, but take a shower 🦷"
4490,Hydrate,hydration,Small win: drink up 🥤
4491,Work Block,focus,"Clear your inbox, bestie ⏳"
4492,Porn Free,noporn,Your sign to stay clean today 🚫
4493,Violin,practice,"Learn one new phrase, no cap 🎵"
4494,Meditation,meditation,Do box breathing now 🧘
4495,Write Blog,creative,"Draw something small, no excuses 💡"
4496,Meditate,meditation,Plot twist: do box breathing 🧘
4497,Mobility,stretching,"Yo, loosen your shoulders 🤸"
4498,Eat Breakfast,meal,"Hey, eat slowly today 🍲"
4499,No Junk Food,meal,Quick one: eat your breakfast 🥗
4500,Morning Pages,journaling,Quick one: write one page 📝
4501,10 Min Calm,meditation,Gentle reminder: try a body scan 🌿
4502,Poetry,creative,"Hey, edit your video 💡"
4503,Multivitamin,meds,Future you says: take your pills 💊
4504,Calorie Deficit,fasting,"Hunger pangs fade, results stay 🍵"
4505,Night Brush,hygiene,Your sign to brush for two minutes 🧼
4506,Evening Stretch,stretching,"Fix your posture, superstar 🧘"
4507,Eat On Time,meal,Real talk: grab some fruit 🍲
4508,Build App,coding,Real talk: refactor one file 💻
4509,Morning Pill,meds,POV: you take your dose 💊
4510,Refill Bottle,hydration,Friendly nudge: refill your bottle 🥤
4511,Pilates,stretching,Plot twist: stretch your back 🤸
4512,10 Min Yoga,stretching,Your sign to do some yoga 🤸
4513,Feed Bird,pets,Future you says: brush your pet 🐶
4514,Mantra,prayer,"Okay legend, sit in prayer 🕊"
4515,18:6 Fast,fasting,Vibe check: hold your fast 🍵
4516,Vocab,practice,Learn five new words today 🎵
4517,Play with Dog,pets,Plot twist: refill the food bowl 🐶
4518,No Nut,nofap,"Protect your streak, legend 🔒"
4519,No Smoking,quit,"Skip the sugar today, superstar 🌿"
4520,Glow Routine,skincare,Massage your scalp now 🌸
4521,Evening Walk,walking,POV: you go for a walk 🚶
4522,Screen Break,screen_break,Still scrolling? 👀
4523,Temple Visit,prayer,"Hey bestie, say your prayers 🕊"
4524,Park Walk,walking,"Hello hello, take the stairs 🚶"
4525,Grooming,hygiene,"Psst, trim your nails 🧼"
4526,Offline Hour,screen_break,"Hey, blink and look away 👀"
4527,Call Grandma,social,Friendly nudge: message a friend 📞
4528,Inbox Zero,focus,Clear your inbox now 🎯
4529,To-Do List,focus,"Focus for 25 minutes, no excuses 🔕"
4530,Phone Free Dinner,screen_break,"Ahem, switch off notifications 👀"
4531,Morning Yoga,stretching,"No cap, do a sun salutation 🧘"
4532,Breathwork,meditation,"No cap, breathe slowly for a minute 🧘"
4533,NoFap,nofap,Vibe check: stay disciplined 🔒
4534,New Habit,other,Start for 5 minutes and slay ⭐
4535,No Snacking,fasting,Your sign to eat inside your window 🕐
4536,Morning Routine,wake,"Hey bestie, rise and shine 🐓"
4537,Play with Dog,pets,Feed your dog rn 🐱
4538,Budget,finance,Your wallet needs you now 💰
4539,No Spend Day,finance,"Check your budget, legend 💰"
4540,Workout,workout,"Okay legend, show up and lift 💪"
4541,Nicotine Free,quit,Vibe check: skip it today 🚭
4542,IMD,fasting,"Yo, break your fast gently 🕐"
4543,No Porn,noporn,Real talk: stay free today 🧠
4544,NoFap,nofap,Your future is worth it 👑
4545,No Spend Day,finance,Rich habits start today 💸
4546,Doodle,creative,"Lowkey, draw something small 🎨"
4547,Pet Care,pets,Reminder: brush your pet 🐶
4548,Do The Thing,other,Make today a tick day 🙌
4549,3L Water,hydration,"Ahem, drink up 💧"
4550,Top 3 Tasks,focus,POV: you plan your day 🔕
4551,Therapy Notes,mood,Your heart is waiting 💭
4552,Daily Goal,other,"One more tick, legend 🙌"
4553,Wake Up,wake,"Psst, leave your bed 🐓"
4554,Build App,coding,Future you says: solve one problem 🐛
4555,Walk 30 Min,walking,Future you says: take a quick walk 🌳
4556,Grooming,hygiene,"Brush for two minutes, please? 🦷"
4557,No Doomscrolling,screen_break,"Lowkey, keep your phone aside 👀"
4558,OMAD,fasting,Vibe check: break your fast gently 🍵
4559,No Junk Food,meal,"Eat on time, legend 🥗"
4560,No PMO,nofap,Future you says: stay strong today 🧠
4561,Less TikTok,screen_break,Quick one: look far for 20 seconds 🔌
4562,Intermittent Fasting,fasting,"Stick to your diet, just 5 min 🕐"
4563,Mouthwash,hygiene,Your dentist would be proud 🧼
4564,Play with Dog,pets,Pet fed? 🐶
4565,Podcast,creative,"Brainstorm one idea, just 5 min 💡"
4566,Digital Purity,noporn,"Psst, close that tab 🌱"
4567,Breathing,meditation,Not a drill: meditation time 🧘
4568,CTM Routine,skincare,"Moisturize now, promise? ✨"
4569,Vacuum,chores,"Fold it, don't hold it 🧺"
4570,Glass of Water,hydration,POV: you take a big sip 🥤
4571,Violin,practice,"Ahem, practice your scales 🌍"
4572,Rest,sleep,Reminder: start winding down 🌙
4573,Catch Up,social,Main character move: call your dad 📞
4574,Feel Good,mood,Name your feeling fr 🌈
4575,NoFap,nofap,"Not to nag, but protect your streak 🧠"
4576,How Am I Feeling,mood,"Ahem, log your mood 🌈"
4577,3 Good Things,journaling,"Write today, read tomorrow 📓"
4578,Digital Purity,noporn,Delete the trigger now 🧠
4579,Declutter,chores,"Not to nag, but fold your clothes 🧹"
4580,Reply Messages,social,"Hey bestie, reply to messages 💬"
4581,Morning Run,running,"No cap, go for a short run 👟"
4582,No Snooze,wake,Breaking news: rise and shine ⏰
4583,Hair Serum,skincare,"Hey, put on sunscreen 🧴"
4584,No Social Media,screen_break,Reminder: keep your phone aside 👀
4585,Glass of Water,hydration,Reminder: drink some water 🥤
4586,Drink Water,hydration,Fill up your bottle now 💧
4587,Dinner,meal,Add some veggies now 🥗
4588,Urge Control,nofap,Leave your room now 🔒
4589,Diet,fasting,"Hey bestie, eat a protein-rich meal 🥑"
4590,Japanese,practice,Future you says: finish one lesson 🎸
4591,Digital Purity,noporn,You're stronger than the urge 🚫
4592,Japanese,practice,Practice makes progress 🎸
4593,Sugar Free,quit,"No cap, choose the healthy swap 🌿"
4594,Water,hydration,POV: you drink some water 🚰
4595,Make Bed,chores,"Load the washing machine, promise? 🧹"
4596,Play with Dog,pets,Small win: feed your dog 🐶
4597,20 Pages,reading,"Ahem, finish a chapter 🔖"
4598,Wind Down,sleep,"Sleep on time, no excuses 🌙"
4599,Fast Until Noon,fasting,"Hello hello, log your fasting hours 🥑"
4600,Call Grandparents,social,"Call your mom, please? 📞"
4601,100 Days of Code,coding,"No cap, write some code 🚀"
4602,Namaz,prayer,"Say a short prayer, no excuses 🙏"
4603,Floss,hygiene,Take a cold shower today 🪥
4604,Office Work,focus,Small win: close extra tabs ⏳
4605,NoPorn,noporn,"Freedom, then chill 🧠"
4606,Mindfulness,meditation,"Hello hello, be present 🧘"
4607,No Doomscrolling,screen_break,"Switch off notifications, promise? 🔌"
4608,Celibacy,nofap,Redirect your energy now 👑
4609,Coding,coding,"Hello hello, finish one feature 💻"
4610,Morning Meditation,meditation,"Sit in silence, superstar 🍃"
4611,Brisk Walk,walking,Reminder: walk for fifteen minutes 👟
4612,Chanting,prayer,Light a candle now 🕊
4613,No Late Nights,sleep,"Hey bestie, get into bed 🛌"
4614,Self Care,mood,"Log your mood, superstar 🫶"
4615,Flowers,plants,Breaking news: give them sunlight 💦
4616,DSA,coding,LeetCode time? 🚀
4617,Call Mom,social,"Call someone you love, just 5 min 🤝"
4618,Brush Teeth,hygiene,"Wash your hands, no excuses 🪥"
4619,Early Riser,wake,"Lowkey, put your feet down 🌅"
4620,Declutter,chores,"Clean your desk, just 5 min 🧽"
4621,Screen Break,screen_break,"Look up, the sky is free 📵"
4622,Back Stretch,stretching,Future you says: fix your posture 🧘
4623,Morning Yoga,stretching,"Lowkey, do a quick stretch 🤸"
4624,Run 3 KM,running,Breaking news: chase a new PR 💨
4625,Laundry,chores,It's giving laundry 🧽
4626,Organize Desk,chores,Gentle reminder: wipe the table 🧺
4627,Mock Test,studying,Reminder: revise yesterday's notes 📚
4628,Dance Practice,practice,Real talk: practice for 15 minutes 🎵
4629,Weekly Plan,focus,Plot twist: silence your phone 🔕
4630,Vitamin D3,meds,"Psst, take your vitamins ⏰"
4631,3 Good Things,journaling,"Hello hello, write in your journal 💭"
4632,Run 5K,running,"Hello hello, chase a new PR 🏃"
4633,Porn Free,noporn,"Turn on your blocker, bestie 🚫"
4634,Learn Python,coding,"Open your IDE, bestie 💻"
4635,Drink 8 Glasses,hydration,Friendly nudge: chug some water 💧
4636,Office Work,focus,"Deep work time? Yes, now. 🔕"
4637,Rest,sleep,"Lowkey, plug in and lie down 🌙"
4638,No Snooze,wake,"Lowkey, open the curtains ⏰"
4639,Affirmations,journaling,Jot down your thoughts today 📝
4640,Exercise,workout,"Workout time? Yes, now. 🔥"
4641,Eating Window,fasting,Plot twist: hold your fast 🕐
4642,Daily Problem,coding,"It works on my machine, ship it 🚀"
4643,Call Grandparents,social,Vibe check: check on a friend 💬
4644,100 Days of Code,coding,Quick one: solve one problem 💻
4645,Refill Bottle,hydration,"Yo, take a big sip 🥤"
4646,Nicotine Free,quit,Choose the healthy swap today 💚
4647,Read Gita,prayer,"Hello hello, read a few verses 🙏"
4648,Neck Stretch,stretching,"Lowkey, roll your neck 🧘"
4649,No Snacking,fasting,"Close your eating window, bestie 🍵"
4650,Piano,practice,"Ahem, do your lesson 🎵"
4651,Notes,studying,"Review your flashcards, no cap 📚"
4652,Poetry,creative,"Ahem, brainstorm one idea 🎬"
4653,Gratitude List,journaling,"Write a brain dump, superstar 💭"
4654,10k Steps,walking,Walk for fifteen minutes rn 👟
4655,Warm Water,hydration,Chug some water now 💧
4656,SIP,finance,"Psst, move money to savings 💸"
4657,Read a Chapter,reading,"Reading first, scroll later 📚"
4658,Practice Habit,other,"Tick it, then chill ✅"
4659,Running,running,"Ahem, chase a new PR 👟"
4660,No Snooze,wake,Turn off the alarm today ⏰
4661,Diary,journaling,Your sign to note your wins 📝
4662,Retention,nofap,Real talk: go to the gym instead 👑
4663,Pay Bills,finance,Reminder: log your expenses 💸
4664,Daily Goal,other,POV: you keep your streak 🙌
4665,Jogging,running,"Do a quick jog, please? 💨"
4666,Work Block,focus,"Hey bestie, work for 25 minutes 🎯"
4667,No Doomscrolling,screen_break,"Keep your phone aside, please? 👀"
4668,Date Night,social,Make someone smile today 💬
4669,Evening Run,running,Friendly nudge: go for a short run 💨
4670,Face Wash,skincare,"Apply your serum, just 5 min 🧴"
4671,Retention,nofap,"Ahem, stay strong today 👑"
4672,Retention,nofap,Protect your energy 👑
4673,Codeforces,coding,"Psst, code for 30 minutes 💻"
4674,Retention,nofap,Self control > excuses 👑
4675,Floss,hygiene,Brush for two minutes rn 🪥
4676,Less Caffeine,quit,"Wait out the craving, superstar 💚"
4677,Morning Yoga,stretching,"Do some yoga, please? 🤸"
4678,No Porn,noporn,Quick one: call a friend instead 🧠
4679,Vacuum,chores,"Clean room, clean aura 🧹"
4680,Pet Care,pets,Your pet is staring at you 🐱
4681,Study,studying,Real talk: study for 25 minutes 📚
4682,Hair Oil,skincare,"Ahem, put on sunscreen ✨"
4683,Learn Korean,practice,"Okay legend, learn five new words 🌍"
4684,Litter Box,pets,Quick one: refill the food bowl 🐶
4685,3 Good Things,journaling,"Hey, note your wins 📓"
4686,Running,running,"Yo, go for a run 👟"
4687,EMI,finance,Reminder: save a little today 💰
4688,How Am I Feeling,mood,"Ahem, take a kind pause 💭"
4689,Laundry,chores,Make your bed and slay 🧽
4690,Kindle,reading,"Hello hello, read one chapter 🔖"
4691,Eating Window,fasting,"Psst, stick to your diet 🍵"
4692,Meditation,meditation,"Focus on your breath, please? 🌿"
4693,Sleep Early,sleep,"Yo, plug in and lie down 🛌"
4694,Reply Messages,social,"Send a voice note, legend 📞"
4695,Evening Stretch,stretching,Breaking news: hold child's pose 🤸
4696,Breathing,meditation,Meditation time? 🧘
4697,Stretch,stretching,"Loosen your shoulders, please? 🤸"
4698,Trek,walking,"Go around the park, no cap 👟"
4699,Lights Off,sleep,Reminder: leave your phone outside 🛌
4700,Wind Down,sleep,"Hello hello, plug in and lie down 😴"
4701,Savings Goal,finance,"Hey, log your expenses 📈"
4702,Lab Record,studying,It's giving revision 📚
4703,No Phone,screen_break,Real talk: put your phone away 🔌
4704,Eat Veggies,meal,Breaking news: have your meal 🍳
4705,Mood Check,mood,"Vibe check, how we doing? 🌈"
4706,Sleep by 11,sleep,Reminder: switch off the lights 🛌
4707,Celibacy,nofap,"Yo, stay strong today 👑"
4708,Iron Clothes,chores,Your home deserves love 🧽
4709,H2O,hydration,Sip some water today 🚰
4710,Mood Log,mood,Real talk: take a kind pause 🫶
4711,Feed Fish,pets,Gentle reminder: feed your dog 🐶
4712,Digital Detox,screen_break,Friendly nudge: close the reels 🔌
4713,Sugar Free,quit,POV: you breathe through the craving 💚
4714,Meditate,meditation,"Find your calm, promise? 🧘"
4715,Self Control,nofap,"Do 20 pushups instead, just 5 min 🧠"
4716,Rest,sleep,Take a power nap and slay 😴
4717,Morning Meditation,meditation,"Sit and breathe, legend 🌿"
4718,Gardening,plants,"Mist your plants, bestie 💦"
4719,Yoga,stretching,"Psst, stretch for 5 minutes 🧘"
4720,Fasting,fasting,"Stick to the plan, bestie 🍵"
4721,Draw,creative,Write one paragraph now 🎬
4722,Supplements,meds,Quick one: pop your supplement 💊
4723,20 Pages,reading,"Read before bed, legend 📖"
4724,Lights Off,sleep,Gentle reminder: close your eyes 🌙
4725,Craft,creative,Breaking news: sketch for 10 minutes 🎨
4726,Inbox Zero,focus,"Block your calendar, no cap 🎯"
4727,Park Walk,walking,"Take a quick walk, no excuses 🌳"
4728,Mock Test,studying,POV: you solve a mock test 📚
4729,Digital Detox,screen_break,Plot twist: switch off notifications 📵
4730,NoPorn,noporn,Reminder: stay clean today 🌱
4731,Post-dinner Walk,walking,"Walk now, scroll later 🌳"
4732,Learn Python,coding,Small win: refactor one file 🚀
4733,Bath,hygiene,Not a drill: shower time 🪥
4734,New Habit,other,"Okay legend, keep your streak ⭐"
4735,Tulsi,plants,"Hello hello, repot one plant 🌱"
4736,Dishes,chores,Real talk: take out the trash 🧺
4737,Write Thoughts,journaling,Small win: write one gratitude 📝
4738,Debug,coding,"Solve one problem, legend 💻"
4739,Meditation,meditation,Your breath needs you now 🧘
4740,Abs,workout,"Hello hello, lift something heavy 🔥"
4741,20 Pages,reading,Friendly nudge: read one chapter 🔖
4742,Home Workout,workout,"Crush one set, please? 💪"
4743,Take Medicine,meds,"Psst, take your pills 💊"
4744,Sunscreen,skincare,"Put on sunscreen, just 5 min 🌸"
4745,Rent,finance,"Review your spending, legend 💸"
4746,Iron Tablet,meds,Vitamins = tiny superheroes 💊
4747,Check Bank,finance,POV: you save a little today 💸
4748,Glass of Water,hydration,Real talk: have some water 🥤
4749,Fast Until Noon,fasting,"Hold your fast, promise? 🕐"
4750,10 Min Yoga,stretching,"Yo, touch your toes 🧘"
4751,Mood Log,mood,"Okay legend, take a kind pause 💭"
4752,Wake Up Early,wake,"Hey bestie, start your morning 🌅"
4753,Low Carb,fasting,"Sip some green tea, please? 🕐"
4754,Groceries,chores,Gentle reminder: put things back 🧹
4755,Play with Dog,pets,"Hello hello, clean the litter box 🐾"
4756,Declutter,chores,"Ahem, fold your clothes 🧹"
4757,Ukulele,practice,"Ahem, keep your Duolingo streak 🎸"
4758,Wake Up Early,wake,"No cap, turn off the alarm 🐓"
4759,Morning Walk,walking,Plot twist: go around the park 👟
4760,Quit Porn,noporn,Your sign to turn on your blocker 🚫
4761,Check In,mood,"Self care, then chill 💭"
4762,Invest,finance,"Spend smart, live large 💸"
4763,Marathon Prep,running,"Go for a run, bestie 💨"
4764,Top 3 Tasks,focus,POV: you close extra tabs ⏳
4765,Save Money,finance,"No cap, skip one impulse buy 💰"
4766,Track Expenses,finance,Gentle reminder: check your SIP 💸
4767,Gurbani,prayer,"Say a short prayer, promise? 🪔"
4768,Low Carb,fasting,"Psst, hold your fast 🍵"
4769,Write Blog,creative,"Not to nag, but brainstorm one idea 🎬"
4770,Nap,sleep,Friendly nudge: say good night 🛌
4771,Challenge,other,Keep your streak and slay ✅
4772,Rest,sleep,"Hey bestie, take a power nap 🌙"
4773,Reply Messages,social,Real talk: plan a catch up 📞
4774,100 Days of Code,coding,Solve a LeetCode problem today 🐛
4775,Stretch,stretching,Reach for the sky 🤸
4776,Electrolytes,hydration,"Have some water, superstar 🥤"
4777,Read a Chapter,reading,Small win: open your kindle 📚
4778,Run 3 KM,running,Go for a run rn 👟
4779,Quit Smoking,quit,"Psst, pass on the drink 💚"
4780,Guitar Practice,practice,Quick one: practice for 15 minutes 🎵
4781,Routine,other,"Hello hello, finish your task ⭐"
4782,Mobility,stretching,You + yoga = iconic 🤸
4783,Water Plants,plants,Plant parent era 💦
4784,Chess Puzzle,practice,Breaking news: do your lesson 🌍
4785,Book Club,reading,"Turn the page, champ 📚"
4786,No Junk,quit,Vibe check: protect your quit streak 💚
4787,Violin,practice,Don't leave your instrument on read 🎸
4788,Mood Log,mood,"Rate your day, just 5 min 💭"
4789,Notes,studying,It's giving study time 📝
4790,Play with Dog,pets,Take the dog out and slay 🐾
4791,IF,fasting,Friendly nudge: start your fast now 🕐
4792,Celibacy,nofap,Your sign to leave your room 🔒
4793,Inhaler,meds,"Yo, take your pills 💊"
4794,Call Mom,social,Plot twist: call your family 🤝
4795,Vet Visit,pets,Your furry friend is waiting 🐶
4796,Inbox Zero,focus,"Lowkey, work for 25 minutes ⏳"
4797,Work Block,focus,"Yo, focus for 25 minutes ⏳"
4798,Dishes,chores,Start the laundry now 🧽
4799,Doodle,creative,"Shoot one photo, promise? 💡"
4800,Ukulele,practice,Keep your Duolingo streak rn 🎸
4801,Porn Free,noporn,Clean streak safe? 🚫
4802,NoPorn,noporn,"Close that tab, promise? 🧠"
4803,Unplug,screen_break,"Psst, switch off notifications 📵"
4804,Check In,mood,"Not to nag, but check your mood 💭"
4805,Porn Free,noporn,POV: you stay free today 🌱
4806,Take Out Trash,chores,"Hello hello, wipe the table 🧺"
4807,Creatine,meds,Have your supplement today ⏰
4808,Exam Prep,studying,"Lowkey, make your notes 🎓"
4809,Dinner,meal,POV: you add some protein 🍲
4810,18:6 Fast,fasting,"Hey, break your fast gently 🕐"
4811,Dishes,chores,Laundry era starts now 🧺
4812,Read News,reading,Friendly nudge: read five pages 📚
4813,Check In,mood,Friendly nudge: log how you feel 🌈
4814,NoPorn,noporn,Freedom o'clock! 🌱
4815,Take Out Trash,chores,"Clean the kitchen, superstar 🧹"
4816,Read Novel,reading,"Lowkey, continue your story 🔖"
4817,Vacuum,chores,Vibe check: put things back 🧽
4818,Revision,studying,"Ahem, finish your assignment 📝"
4819,Book Club,reading,"Read now, wise later 📖"
4820,Keto,fasting,"Keep the kitchen closed, no cap 🕐"
4821,Design Practice,creative,Sketch for 10 minutes and slay 🎨
4822,Less TikTok,screen_break,Take a screen break today 📵
4823,EMI,finance,Update your budget now 💸
4824,Pooja,prayer,Your quiet time is here 🙏
4825,Therapy Notes,mood,Quick one: rate your day 💭
4826,Couch to 5K,running,Real talk: do your intervals 💨
4827,Morning Workout,workout,Lift something heavy fr 💪
4828,No Alcohol,quit,Stronger than the craving 🚭
4829,Check In,mood,Be gentle with yourself today 💭
4830,Coconut Water,hydration,"Hydrate now, just 5 min 💧"
4831,Plant Care,plants,"Lowkey, trim dead leaves 💦"
4832,Read 10 Pages,reading,Read five pages fr 📖
4833,Reset Sunday,chores,"Hello hello, start the laundry 🧺"
4834,50 Pushups,workout,"Train hard today, just 5 min 🔥"
4835,Morning Prayer,prayer,"Chant for 5 minutes, just 5 min 🕊"
4836,Reset Sunday,chores,Plot twist: do the dishes 🧽
4837,Book Club,reading,Continue your story now 🔖
4838,Violin,practice,"Not to nag, but do your lesson 🎵"
4839,Balcony Garden,plants,Vibe check: water your plants 💦
4840,JEE Prep,studying,Solve a mock test now 🎓
4841,Call Parents,social,"Plan a catch up, superstar 🤝"
4842,Text a Friend,social,"Text back, legend 📞"
4843,NoPorn,noporn,"Delete the trigger, superstar 🚫"
4844,Hydration,hydration,POV: you chug some water 🥤
4845,Office Work,focus,One pomodoro? ⏳
4846,Kotlin Practice,coding,"Okay legend, code for 30 minutes 💻"
4847,No Snacking,fasting,"Lowkey, sip some green tea 🍵"
4848,Declutter,chores,Laundry mountain alert 🧹
4849,Study,studying,Your notes misses you 📝
4850,Inhaler,meds,Take it with water fr 💊
4851,Gurbani,prayer,"Say a short prayer, just 5 min 🙏"
4852,Box Breathing,meditation,Be present fr 🧘
4853,Feel Good,mood,"Hey bestie, log how you feel 💭"
4854,Japanese,practice,"Practice your scales, promise? 🌍"
4855,Track Expenses,finance,"Yo, save a little today 📈"
4856,Celibacy,nofap,"Lowkey, try a cold shower 👑"
4857,Cold Shower,hygiene,Gentle reminder: brush your teeth 🪥
4858,Healthy Meal,meal,"Eat your breakfast, bestie 🍳"
4859,Play with Dog,pets,Refill the food bowl now 🐾
4860,NoFap,nofap,Stay disciplined rn 🧠
4861,Book Club,reading,"Read before bed, bestie 📚"
4862,Sprint Training,running,Vibe check: jog for 15 minutes 🏃
4863,Omega 3,meds,"Pill first, then chill 💊"
4864,Dance Practice,practice,Practice today? 🌍
4865,SIP,finance,Don't let the cart win 📈
4866,No Alcohol,quit,Plot twist: choose the healthy swap 🌿
4867,Speak English,practice,"Finish one lesson, bestie 🌍"
4868,Do The Thing,other,Main character move: do it right now ⭐
4869,Quit Porn,noporn,Gentle reminder: stay free today 🌱
4870,Namaz,prayer,"Light a candle, promise? 🕊"
4871,Guitar Practice,practice,"Play your scales, promise? 🎸"
4872,Sleep by 11,sleep,Bedtime era starts now 🌙
4873,Retention,nofap,Your willpower is growing 🔒
4874,SIP,finance,Review your spending fr 💰
4875,Glass of Water,hydration,Gentle reminder: finish that bottle 🥤
4876,Network,social,"Call your family, please? 💬"
4877,Call Grandparents,social,"Okay legend, call your mom 💬"
4878,Scalp Care,skincare,"Psst, apply your serum 🧴"
4879,Catch Up,social,Friendly nudge: plan a catch up 📞
4880,No Porn,noporn,Stay free today fr 🌱
4881,Digital Purity,noporn,"Close that tab, no cap 🌱"
4882,Reset Sunday,chores,"Clutter out, peace in 🧽"
4883,Strength Training,workout,"Lift something heavy, just 5 min 💪"
4884,To-Do List,focus,"Do your top task, no cap ⏳"
4885,Pomodoro,focus,"Hello hello, block your calendar ⏳"
4886,Pooja,prayer,"Blessed era, stay humble 🕊"
4887,Emotions,mood,"Check in with yourself, just 5 min 💭"
4888,Sprint Training,running,Friendly nudge: do a quick jog 🏃
4889,Feed Cat,pets,POV: food bowl time 🐱
4890,Groom Pet,pets,Future you says: take the dog out 🐱
4891,Bible Reading,prayer,Reminder: read a few verses 🙏
4892,Habit,other,"Yo, do it right now 🙌"
4893,Fasting,fasting,Skip the late snack fr 🕐
4894,Mouthwash,hygiene,"Lowkey, take a cold shower 🧼"
4895,10k Steps,walking,"Walk for ten minutes, just 5 min 🚶"
4896,Interval Run,running,"Go for a short run, no cap 🏃"
4897,No Doomscrolling,screen_break,Go offline for a bit now 📵
4898,Meditate,meditation,Let thoughts float by 🧘
4899,Keto,fasting,"Lowkey, keep the kitchen closed 🥑"
4900,Diet Plan,fasting,Stick to your diet now 🕐
4901,20 Pages,reading,Booktok would be proud 📖
4902,Wake at 6,wake,"Hello hello, get out of bed ⏰"
4903,Write Thoughts,journaling,"Write one gratitude, bestie 📓"
4904,Mental Health Check,mood,Small win: log your mood 💭
4905,Clean Room,chores,"Psst, start the laundry 🧺"
4906,Mental Health Check,mood,"Okay legend, log how you feel 💭"
4907,Study,studying,You + study time = iconic 📝
4908,Face Wash,skincare,Glow like you mean it 🌸
4909,Photography,creative,Shoot one photo rn 🎨
4910,Breathing,meditation,"Be present, no cap 🧘"
4911,Push Day,workout,Train hard today fr 🥇
4912,No Porn,noporn,POV: you go outside for a bit 🌱
4913,Codeforces,coding,Code for 30 minutes now 🚀
4914,Walk 30 Min,walking,Don't ghost your sneakers 🚶
4915,Call Mom,social,Future you says: plan a catch up 📞
4916,Mindfulness,meditation,Your sign to be present 🧘
4917,NoPorn,noporn,Gentle reminder: delete the trigger 🚫
4918,Tulsi,plants,Reminder: turn your pots 🌱
4919,Call Parents,social,"Check on your people, promise? 💬"
4920,Flowers,plants,Your plants is calling 💦
4921,Learn Spanish,practice,"Practice for 15 minutes, no excuses 🌍"
4922,Audiobook,reading,Your book misses you 📖
4923,No Junk,quit,"Lowkey, wait ten minutes first 🚭"
4924,Creatine,meds,Take your tablet today ⏰
4925,Kotlin Practice,coding,Small win: fix one bug 🚀
4926,Offline Hour,screen_break,Look far for 20 seconds today 👀
4927,Inhaler,meds,Vibe check: take your vitamins ⏰
4928,Phone Free Dinner,screen_break,"No cap, look far for 20 seconds 👀"
4929,Call Dad,social,You + family = iconic 🤝
4930,Less TikTok,screen_break,Rest your eyes now 📵
4931,10 Min Calm,meditation,"Meditate for 5 minutes, bestie 🧘"
4932,Glow Routine,skincare,"Okay legend, apply moisturizer 🌸"
4933,Less Caffeine,quit,Your lungs say thank you 🚭
4934,Breathing,meditation,"Psst, find your calm 🧘"
4935,Lecture Review,studying,Reminder: solve a mock test 🎓
4936,Read 10 Pages,reading,Real talk: read for 15 minutes 📖
4937,No Alcohol,quit,Real talk: say no today 🌿
4938,Sunscreen,skincare,"Okay legend, cleanse your face 🧴"
4939,Pilates,stretching,"Psst, flow for ten minutes 🧘"
4940,No Junk Food,meal,"Not to nag, but have your meal 🥗"
4941,Exercise,workout,"Hey, do a quick workout 💪"
4942,Pet Care,pets,"Hello hello, fill the water bowl 🐾"
4943,Insulin,meds,POV: you have your supplement 💊
4944,Design Practice,creative,"Hey, brainstorm one idea 💡"
4945,Vet Visit,pets,Real talk: feed your pet 🐾
4946,Quit Vaping,quit,Okay but clean living? 🌿
4947,Lunch,meal,Vibe check: eat your breakfast 🍳
4948,Gym,workout,Crush one set fr 🔥
4949,Audiobook,reading,Small win: move your bookmark 📚
4950,Call Grandma,social,"Lowkey, reply to messages 🤝"
4951,Call Parents,social,"Ahem, reply to messages 📞"
4952,5AM Club,wake,Future you says: wake up now ⏰
4953,Semester Prep,studying,"Solve ten questions, just 5 min 📝"
4954,Bedtime,sleep,Switch off the lights fr 🌙
4955,Content Creation,creative,"Hey bestie, make something new 🎬"
4956,Discipline Streak,nofap,"Stay busy today, superstar 👑"
4957,Kitchen Clean,chores,"Hey bestie, do the dishes 🧽"
4958,Brush Teeth,hygiene,POV: fresh breath time 🧼
4959,Eye Break,screen_break,Look out the window now 📵
4960,My Task,other,Friendly nudge: do it now ✅
4961,Poetry,creative,"Edit your video, bestie 💡"
4962,Brunch,meal,Quick one: grab some fruit 🍲
4963,Inbox Zero,focus,"Write your to-do list, promise? ⏳"
4964,Worship,prayer,Reminder: say your prayers 🕊
4965,Meditate,meditation,Vibe check: meditate for 5 minutes 🍃
4966,Read 10 Pages,reading,10 pages today? 🔖
4967,Brush Teeth,hygiene,Reminder: wash your hands 🧼
4968,Run 5K,running,"Hey, jog for 15 minutes 👟"
4969,No Porn,noporn,Stay free today - you got this 🧠
4970,Save Money,finance,"Review your spending, bestie 📈"
4971,Meet Friends,social,"Text a friend, please? 💬"
4972,Build App,coding,Open your IDE - you got this 💻
4973,Learn Python,coding,Ctrl+S your progress 💻
4974,My Task,other,Your sign to finish your task ✅
4975,Read Before Bed,reading,"Continue your story, superstar 📖"
4976,Serum,skincare,"Apply your serum, legend ✨"
4977,Screen Break,screen_break,Breaking news: rest your eyes 🔌
4978,100 Days of Code,coding,"Hey bestie, fix one bug 💻"
4979,Save Money,finance,"Hey, check your accounts 💸"
4980,Duolingo,practice,"Practice first, scroll later 🌍"
4981,Audiobook,reading,Gentle reminder: read one chapter 📖
4982,Skincare,skincare,"Okay legend, oil your hair 🌸"
4983,Floss,hygiene,"Okay legend, freshen up 🪥"
4984,Feel Good,mood,Mood today? 🫶
4985,Strength Training,workout,Start your workout and slay 🔥
4986,Plank,workout,Reminder: lift something heavy 🥇
4987,Read 10 Pages,reading,Real talk: pick up your book 🔖
4988,Kotlin Practice,coding,POV: you solve one problem 🚀
4989,Semester Prep,studying,"Revise, then relax 📝"
4990,Do The Thing,other,Start for 5 minutes fr ✅
4991,Feel Good,mood,Be kind to yourself today 🌈
4992,IF,fasting,"Break your fast gently, legend 🍵"
4993,Design Practice,creative,"Hey bestie, write for ten minutes 🎬"
4994,Feed Fish,pets,"Clean the litter box, bestie 🐱"
4995,Quit Vaping,quit,Pass on the drink now 💚
4996,Read 10 Pages,reading,Open your book today 📖
4997,Glow Routine,skincare,"Yo, oil your hair 🧴"
4998,Web Dev,coding,Write one function - you got this 🐛
4999,Push Day,workout,Workout done? 💪
5000,Lunch,meal,"Eat something healthy, please? 🥗"
5001,Call Mom,social,Okay but family? 📞
5002,8 Hours Sleep,sleep,Get some sleep now 😴
5003,Feed Fish,pets,"Take the dog out, just 5 min 🐱"
5004,Call Grandma,social,Text a friend and slay 💬
5005,Water Bottle,hydration,Main character move: have some water 💧
5006,Manga,reading,"Hey bestie, continue your story 🔖"
5007,Feel Good,mood,"Lowkey, log your mood 🫶"
5008,8 Hours Sleep,sleep,Breaking news: switch off the lights 🌙
5009,Weekly Plan,focus,Focus for 25 minutes and slay 🔕
5010,Evening Stretch,stretching,Roll out the mat 🤸
5011,Temple Visit,prayer,Plot twist: sit in prayer 🪔
5012,Sleep by 11,sleep,"Plug in and lie down, no cap 🌙"
5013,Moisturize,skincare,Oil your hair now 🌸
5014,Quit Porn,noporn,"Turn on your blocker, legend 🌱"
5015,Flexibility,stretching,"Hey bestie, do some yoga 🧘"
5016,GATE Prep,studying,Mock test? Bring it on 📚
5017,Offline Hour,screen_break,Close the reels fr 👀
5018,Drink 8 Glasses,hydration,It's giving hydration 💧
5019,Bath,hygiene,"Hey bestie, take a cold shower 🪥"
5020,Unplug,screen_break,Friendly nudge: look out the window 📵
5021,Reply Messages,social,"Reply to messages, please? 📞"
5022,Sober,quit,POV: you protect your quit streak 🌿
5023,Exercise,workout,Breaking news: show up and lift 🥇
5024,Call Parents,social,Small win: plan a catch up 🤝
5025,Power Nap,sleep,"Bedtime time? Yes, now. 🌙"
5026,Eat Salad,meal,"Prep a healthy meal, legend 🥗"
5027,How Am I Feeling,mood,Breaking news: take a deep breath 🫶
5028,Kotlin Practice,coding,"Code first, scroll later 🐛"
5029,Reminder,other,"Finish it today, just 5 min 🙌"
5030,Evening Stretch,stretching,Fix your posture rn 🤸
5031,Vitamin D3,meds,Your dose is waiting 💊
5032,Tulsi,plants,Friendly nudge: trim dead leaves 💦
5033,Cold Shower,hygiene,"Feel fresh, feel fab 🧼"
5034,No Nut,nofap,"One more day, warrior 👑"
5035,Call Parents,social,"Check on your people, no cap 🤝"
5036,No Alcohol,quit,"Hello hello, wait out the craving 💚"
5037,Audiobook,reading,Main character move: read five pages 📖
5038,YouTube Video,creative,"Lowkey, pick up your brush 💡"
5039,Web Dev,coding,"Open your IDE, just 5 min 🚀"
5040,Hair Oil,skincare,Apply moisturizer today ✨
5041,Bedtime,sleep,"Leave your phone outside, please? 🌙"
5042,Sprint Training,running,"Hello hello, do a quick jog 🏃"
5043,Skincare,skincare,POV: you do your skincare 🌸
5044,No Alcohol,quit,POV: you wait out the craving 💚
5045,Kitchen Clean,chores,"Fold your clothes, superstar 🧺"
5046,Plant Care,plants,Your sign to turn your pots 💦
5047,Hydration,hydration,"Ahem, take five sips 🥤"
5048,B12,meds,Gentle reminder: take your tablet ⏰
5049,Reset Sunday,chores,Your sign to wipe the table 🧺
5050,Treadmill Run,running,"Hey bestie, lace up and run 💨"
5051,Semester Prep,studying,Plot twist: solve a mock test 🎓
5052,10 Min Yoga,stretching,Plot twist: stretch for 5 minutes 🧘
5053,Wind Down,sleep,"Dream big, sleep now 🌙"
5054,Emotions,mood,Vibe check: write one feeling 💭
5055,Insulin,meds,POV: you take today's dose ⏰
5056,Marathon Prep,running,"Okay legend, go for a short run 🏃"
5057,Eye Break,screen_break,Okay but your eyes? 🔌
5058,Pay Bills,finance,Future you says: check your SIP 💸
5059,Tulsi,plants,Feed your plants today 💦
5060,Homework,studying,Gentle reminder: open your notes 📚
5061,Feel Good,mood,Real talk: take a deep breath 💭
5062,Assignment,studying,"Yo, finish your assignment 📚"
5063,20 Pages,reading,Real talk: continue your story 🔖
5064,No Snacking,fasting,Break your fast the smart way 🕐
5065,Neck Stretch,stretching,"Hey, stretch for 5 minutes 🧘"
5066,GitHub Commit,coding,Future you says: write some code 💻
5067,Chanting,prayer,"Lowkey, chant for 5 minutes 🙏"
5068,10k Steps,walking,"Take the stairs, no cap 🌳"
5069,Retention,nofap,"Hey, do 20 pushups instead 🧠"
5070,Drink 8 Glasses,hydration,"Hello hello, sip some water 🥤"
5071,Less Reels,screen_break,Reminder: lock your phone for a bit 👀
5072,No NSFW,noporn,"Lowkey, call a friend instead 🚫"
5073,Evening Walk,walking,"Psst, take the stairs 🚶"
5074,Check In,mood,"No cap, rate your day 🌈"
5075,Eating Window,fasting,"Okay legend, stick to your diet 🥑"
5076,Mindfulness,meditation,Okay but meditation? 🧘
5077,Balcony Garden,plants,"Water your plants, no cap 🌱"
5078,No NSFW,noporn,"Not to nag, but close that tab 🚫"
5079,Water Plants,plants,Quick one: trim dead leaves 🪴
5080,Take Medicine,meds,"Lowkey, take your capsule ⏰"
5081,Drums,practice,"Speak out loud, legend 🌍"
5082,Make Bed,chores,"Tidy up for 10 minutes, superstar 🧽"
5083,H2O,hydration,Dry vibes are not the vibe 💧
5084,Call Parents,social,Call your mom - you got this 🤝
5085,Evening Run,running,"Jog for 15 minutes, no cap 💨"
5086,Retinol,skincare,"Finish your routine, no excuses 🌸"
5087,No Doomscrolling,screen_break,"Ahem, look far for 20 seconds 👀"
5088,Reminder,other,Start for 5 minutes now 🙌
5089,How Am I Feeling,mood,Name your feeling and slay 💭
5090,Walk 30 Min,walking,"Okay legend, go around the park 🚶"
5091,Neck Stretch,stretching,Reminder: do a sun salutation 🧘
5092,Affirmations,journaling,"Ahem, write a brain dump 📓"
5093,Book Club,reading,"Yo, read one chapter 🔖"
5094,IMD Diet,fasting,Vibe check: sip some green tea 🥑
5095,Do The Thing,other,"Hey bestie, tick this off 🙌"
5096,Morning Prayer,prayer,"Hey, say a short prayer 🙏"
5097,Sober,quit,"Hey, protect your quit streak 🚭"
5098,Sprint Training,running,Warm up and jog and slay 🏃
5099,Build App,coding,Write some code and slay 💻
5100,Mental Health Check,mood,Name your feeling - you got this 🌈
5101,Plant Care,plants,"Feed your plants, legend 🌱"
5102,No Junk,quit,"Hey, skip the sugar today 🚭"
5103,Jogging,running,"Okay legend, chase a new PR 👟"
5104,Herb Garden,plants,Water the garden and slay 💦
5105,8 Hours Sleep,sleep,Real talk: sleep on time 🌙
5106,Hair Oil,skincare,"Ahem, cleanse your face ✨"
5107,Trek,walking,POV: fresh air time 👟
5108,Breathwork,meditation,"No cap, take ten deep breaths 🌿"
5109,Flexibility,stretching,Roll your neck - you got this 🤸
5110,Write Story,creative,"Yo, edit your video 🎨"
5111,Inhaler,meds,"One tablet, then relax 💊"
5112,Quit Vaping,quit,Craving now? 💚
5113,Stretch,stretching,Loosen your shoulders rn 🤸
5114,Book Club,reading,"Read ten pages, bestie 📚"
5115,Celibacy,nofap,Guard your focus 👑
5116,Creatine,meds,"Take today's dose, no cap ⏰"
5117,Serum,skincare,"Finish your routine, superstar ✨"
5118,Kotlin Practice,coding,"Push a commit, bestie 💻"
5119,Make Bed,chores,Fold your clothes - you got this 🧽
5120,BP Tablet,meds,"Take today's dose, legend 💊"
5121,Pay Bills,finance,"Not to nag, but check your budget 💸"
5122,No Junk,quit,Vibe check: chew gum instead 💚
5123,Feel Good,mood,"Take a kind pause, legend 🫶"
5124,Succulents,plants,Small win: mist your plants 🪴
5125,Self Help Book,reading,"Pick up your book, promise? 📖"
5126,Morning Pages,journaling,"Pen to paper, peace to mind 📓"
5127,Read a Chapter,reading,"Open your kindle, just 5 min 🔖"
5128,Shower,hygiene,POV: shower time 🦷
5129,Hydration,hydration,"Yo, finish that bottle 💧"
5130,Gym,workout,"Okay legend, get your sweat on 🥇"
5131,Study,studying,Quick one: finish your assignment 🎓
5132,No Junk,quit,"Ahem, wait ten minutes first 🌿"
5133,Cold Shower,hygiene,Breaking news: take a shower 🧼
5134,Groom Pet,pets,"Fill the bowl, win the love 🐱"
5135,Gardening,plants,Plot twist: give them water 🌱
5136,100 Days of Code,coding,Plot twist: write some code 🚀
5137,Focus Session,focus,Start a focus block now 🔕
5138,Clear Emails,focus,Planned today? 🎯
5139,Kindle,reading,"Not to nag, but read before bed 🔖"
5140,Read 10 Pages,reading,"Hey bestie, read ten pages 📚"
5141,Iron Tablet,meds,Small win: take your capsule 💊
5142,Chess Puzzle,practice,Okay but your lesson? 🎸
5143,No Junk,quit,"No cap, protect your quit streak 🚭"
5144,Wake Up Early,wake,Leave your bed today ⏰
5145,Digital Purity,noporn,"Psst, go outside for a bit 🚫"
5146,Vocab,practice,"Psst, pick up your instrument 🎵"
5147,My Task,other,Friendly nudge: show up today ⭐
5148,Breathing,meditation,"Meditate for 5 minutes, promise? 🍃"
5149,No Alcohol,quit,POV: you choose the healthy swap 🚭
5150,Post-dinner Walk,walking,Fresh air is calling 🌳
5151,Rise and Shine,wake,Start your morning and slay 🌅
5152,Morning Routine,wake,Vibe check: skip the snooze ⏰
5153,Wake Up,wake,"Hello, sunshine 🌅"
5154,Lecture Review,studying,"Study time time? Yes, now. 🎓"
5155,No PMO,nofap,"Okay legend, try a cold shower 🔒"
5156,Notes,studying,Knowledge is your flex 📚
5157,Eat Salad,meal,Small win: eat your breakfast 🍲
5158,Urge Control,nofap,Self control o'clock! 👑
5159,Daily Problem,coding,"Psst, write some code 🚀"
5160,Web Dev,coding,Future you says: finish one feature 🐛
5161,Lunch,meal,Breakfast skipped? 🍳
5162,Retention,nofap,Try a cold shower fr 🧠
5163,10 Min Calm,meditation,Sit in silence today 🍃
5164,Self Help Book,reading,"Okay legend, read for 15 minutes 📚"
5165,Eating Window,fasting,Log your fasting hours rn 🥑
5166,5000 Steps,walking,Main character move: go for a walk 🚶
5167,Check In,mood,POV: you be gentle with yourself 🫶
5168,My Task,other,"Do it now, legend ✅"
5169,Morning Yoga,stretching,"Lowkey, roll out your mat 🤸"
5170,Prayer,prayer,"Do your pooja, legend 🪔"
5171,Lights Off,sleep,"Close your eyes, please? 🌙"
5172,Therapy Notes,mood,Check in with yourself now 🫶
5173,Plan the Day,focus,Gentle reminder: block your calendar 🔕
5174,Ukulele,practice,Your instrument is calling 🌍
5175,Play with Dog,pets,Clean the litter box rn 🐾
5176,Track Expenses,finance,"Note today's spending, no excuses 📈"
5177,Early to Bed,sleep,Friendly nudge: get into bed 😴
5178,Quit Vaping,quit,"Psst, say no today 🚭"
5179,20 Pages,reading,Plot twist: pick up your book 📚
5180,Check Bank,finance,"Lowkey, check your accounts 💸"
5181,Gardening,plants,Reminder: feed your plants 🌱
5182,Meal Prep,meal,Quick one: add some veggies 🍳
5183,Retention,nofap,"Discipline time? Yes, now. 🔒"
5184,Shave,hygiene,"Brush brush, sparkle sparkle 🦷"
5185,HIIT,workout,Crush one set - you got this 💪
5186,Budget,finance,"Hey bestie, skip one impulse buy 📈"
5187,Wake Up,wake,It's giving morning 🌅
5188,Evening Stretch,stretching,Stretch your back today 🧘
5189,Less Caffeine,quit,POV: you wait ten minutes first 🚭
5190,No Sugar,quit,"Hey, chew gum instead 💚"
5191,Supplements,meds,"Check your meds, just 5 min 💊"
5192,Write Story,creative,Make something new and slay 🎨
5193,10 Min Yoga,stretching,Your sign to roll out your mat 🤸
5194,Side Project,coding,"Okay legend, practice one algorithm 💻"
5195,Evening Walk,walking,Walk o'clock! 🌳
5196,Check In,mood,Breaking news: take a kind pause 🫶
5197,Chest Day,workout,Reminder: hold a plank 🥇
5198,Celibacy,nofap,Plot twist: do 20 pushups instead 👑
5199,Prayer,prayer,"Hello hello, light a candle 🪔"
5200,Abs,workout,"Hey, move that body 🥇"
5201,Park Walk,walking,Quick one: go for a walk 👟
5202,Groceries,chores,Your room is calling 🧹
5203,Draw,creative,"Create, don't compare 🎬"
5204,Clear Emails,focus,Write your to-do list and slay 🎯
5205,Speak English,practice,Finish one lesson rn 🎵
5206,Stroll,walking,"Walk for fifteen minutes, no cap 🌳"
5207,Repot Plant,plants,"No cap, repot one plant 💦"
5208,No Snooze,wake,Vibe check: put your feet down 🌅
5209,Check Bank,finance,Budget check? 💸
5210,Speak English,practice,Practice > excuses 🌍
5211,Top 3 Tasks,focus,Small win: block your calendar 🎯
5212,No Snacking,fasting,Log your fasting hours and slay 🥑
5213,Mindfulness,meditation,Gentle reminder: find your calm 🌿
5214,Pay Bills,finance,Your wallet is calling 💸
5215,Draw,creative,"Yo, brainstorm one idea 🎨"
5216,Rise and Shine,wake,"Skip the snooze, superstar ⏰"
5217,Coding,coding,"Practice one algorithm, superstar 🚀"
5218,Dance Practice,practice,"Learn one new phrase, just 5 min 🎸"
5219,Craft,creative,Make something messy 🎬
5220,Sugar Free,quit,"No cap, skip the smoke break 🚭"
5221,Meal Prep,meal,"Eat a proper dinner, promise? 🍲"
5222,Shave,hygiene,Quick one: take a shower 🧼
5223,Repot Plant,plants,Vibe check: water the garden 🌱
5224,Leg Day,workout,Main character move: hit the gym 💪
5225,Less Reels,screen_break,"Keep your phone aside, promise? 📵"
5226,Breathing,meditation,Mind full or mindful? 🧘
5227,Thyroid Tablet,meds,"Take your pills, promise? ⏰"
5228,Less TikTok,screen_break,Breaking news: blink and look away 📵
5229,Porn Free,noporn,"Ahem, delete the trigger 🌱"
5230,Read Gita,prayer,Future you says: do your pooja 🪔
5231,Squats,workout,Friendly nudge: hit the gym 🔥
5232,Journal,journaling,"Yo, note your wins 📓"
5233,Budget,finance,"Money talks, track it 📈"
5234,3L Water,hydration,"Okay legend, take a big sip 🥤"
5235,Call Family,social,Call someone you love now 📞
5236,Diet,fasting,Stay in the fast today 🍵
5237,Morning Walk,walking,"Hey bestie, take a quick walk 👟"
5238,Task A,other,Gentle reminder: make progress today ✅
5239,Morning Yoga,stretching,"Ahem, do a forward fold 🤸"
5240,Quit Porn,noporn,"Freedom first, scroll later 🌱"
5241,Nicotine Free,quit,"Lowkey, protect your quit streak 🌿"
5242,Log Expenses,finance,Money mindful mode 📈
5243,Workout,workout,Start your workout - you got this 🔥
5244,Pooja,prayer,"Chant for 5 minutes, promise? 🙏"
5245,NoPorn,noporn,"Splash cold water, no cap 🚫"
5246,Morning Pill,meds,Real talk: take your pills 💊
5247,Repot Plant,plants,"Water your plants, just 5 min 🪴"
5248,Cold Shower,hygiene,"Use mouthwash, just 5 min 🪥"
5249,Run 5K,running,"Hello hello, run at easy pace 💨"
5250,Worship,prayer,Chant your mantra now 🕊
5251,Mantra,prayer,Small win: give thanks 🙏
5252,Mood Check,mood,"Check your mood, promise? 🌈"
5253,Jogging,running,Shoes laced? 👟
5254,Early to Bed,sleep,"Cozy time, no screens 😴"
5255,Read Before Bed,reading,Finish a chapter rn 📖
5256,100 Days of Code,coding,Bug hunting? 🐛
5257,Eye Break,screen_break,"Look away, legend 📵"
5258,Cut Nails,hygiene,Shower thoughts await 🧼
5259,Trek,walking,Go touch some grass 🚶
5260,Top 3 Tasks,focus,"Hey, plan your day 🎯"
5261,Speak English,practice,"Ahem, practice for 15 minutes 🌍"
5262,Play with Dog,pets,Gentle reminder: feed your cat 🐾
5263,Phone Free Dinner,screen_break,Instagram will survive 🔌
5264,Temple Visit,prayer,"Okay legend, give thanks 🙏"
5265,Routine,other,"Tick this off, legend ✅"
5266,Dance Practice,practice,Pick up your instrument now 🌍
5267,Rise and Shine,wake,POV: you get up now 🌅
5268,Mobility,stretching,"No cap, fix your posture 🤸"
5269,No Junk,quit,Gentle reminder: skip it today 💚
5270,3L Water,hydration,"Yo, chug some water 🥤"
5271,Call Dad,social,"Yo, reply to messages 💬"
5272,No Late Nights,sleep,Future you says: go to bed 😴
5273,IMD,fasting,"Hello hello, stick to your diet 🥑"
5274,Interval Run,running,Small win: go for a short run 💨
5275,Speak English,practice,Speak out loud fr 🎸
5276,Balcony Garden,plants,Plot twist: water your plants 💦
5277,Kindle,reading,"Hello hello, open your book 📖"
5278,Write Blog,creative,"Hello hello, shoot one photo 🎨"
5279,Check In,mood,Rate your day rn 🌈
5280,Gratitude List,journaling,Reflect on today and slay 📝
5281,Speak English,practice,Gentle reminder: finish one lesson 🌍
5282,Call Parents,social,"Lowkey, send a voice note 🤝"
5283,Work Block,focus,Friendly nudge: focus for 25 minutes 🔕
5284,Hike,walking,"Step outside, superstar 🚶"
5285,Morning Pages,journaling,"Hey, write in your journal 📝"
5286,Omega 3,meds,"No cap, have your supplement 💊"
5287,10k Steps,walking,Reminder: step outside 🚶
5288,Protein Intake,meal,"Grab some fruit, superstar 🍳"
5289,Journal,journaling,"Psst, write a brain dump 📝"
5290,Meet Friends,social,"Yo, call your family 🤝"
5291,Office Work,focus,POV: you do your top task 🎯
5292,Herb Garden,plants,Breaking news: check the soil 💦
5293,No PMO,nofap,Gentle reminder: leave your room 🧠
5294,Squats,workout,"Do 20 pushups, just 5 min 💪"
5295,Feed Bird,pets,"Yo, feed your dog 🐱"
5296,Call Grandparents,social,"Lowkey, text a friend 📞"
5297,Mood Check,mood,Take a kind pause today 🌈
5298,Sugar Free,quit,"Psst, skip the sugar today 💚"
5299,Make Bed,chores,"Tidy space, tidy mind 🧺"
5300,Call Grandparents,social,"Psst, plan a catch up 🤝"
5301,Early Riser,wake,Get up now fr ⏰
5302,Workout,workout,"Lift something heavy, superstar 💪"
5303,Glass of Water,hydration,"Take five sips, no excuses 🚰"
5304,Practice Habit,other,"Hey, make progress today 🙌"
5305,Hot Girl Walk,walking,"Yo, walk around the block 🚶"
5306,Nap,sleep,"Sleep on time, legend 🛌"
5307,Early Riser,wake,"Lowkey, splash some water ⏰"
5308,Reminder,other,Complete your goal rn ✅
5309,Self Control,nofap,Urge? Walk it off? 👑
5310,Floss,hygiene,Clean vibes only 🦷
5311,Hydrate,hydration,"Hey, fill up your bottle 🥤"
5312,Scalp Care,skincare,"Lowkey, pamper your skin ✨"
5313,Self Control,nofap,"Go to the gym instead, bestie 🧠"
5314,Skincare,skincare,Breaking news: cleanse your face 🧴
5315,Treadmill Run,running,Gentle reminder: chase a new PR 💨
5316,Shave,hygiene,Take a shower now 🦷
5317,No Alcohol,quit,Skip the smoke break today 🚭
5318,Savings Goal,finance,"Update your budget, promise? 💰"
5319,Plant Care,plants,"Yo, check your plants 🪴"
5320,Succulents,plants,Water your plants - you got this 💦
5321,Night Brush,hygiene,"Brush your teeth, superstar 🦷"
5322,Pullups,workout,"Workout first, scroll later 🔥"
5323,Pet Care,pets,"Walk your dog, superstar 🐶"
5324,No PMO,nofap,Real talk: do 20 pushups instead 👑
5325,Feed Fish,pets,"Give a treat, no cap 🐾"
5326,Gratitude List,journaling,List three good things now 📝
5327,Cut Nails,hygiene,"Take a quick bath, legend 🪥"
5328,Repot Plant,plants,"Lowkey, give them water 🪴"
5329,Web Dev,coding,Solve a LeetCode problem rn 🐛
5330,Morning Meditation,meditation,"Be present, superstar 🍃"
5331,Coding,coding,Merge your goals today 🐛
5332,Sun Salutation,stretching,"Hey, touch your toes 🤸"
5333,Minoxidil,skincare,Breaking news: apply moisturizer 🌸
5334,Revision,studying,"No cap, finish your assignment 🎓"
5335,Lunch Break,meal,"Ahem, grab some fruit 🥗"
5336,Write Blog,creative,"Psst, edit your video 💡"
5337,Podcast,creative,"Hey bestie, brainstorm one idea 🎬"
5338,SAT Prep,studying,"Study one chapter, just 5 min 🎓"
5339,Clean Room,chores,Don't ghost your room 🧽
5340,Insulin,meds,"Pop your supplement, bestie 💊"
5341,Walk,walking,"Walk for fifteen minutes, no excuses 👟"
5342,Wake at 6,wake,Your sign to get up now 🌅
5343,Posture Check,stretching,"Do a quick stretch, promise? 🤸"
5344,Stretch,stretching,"No cap, roll your neck 🧘"
5345,Stroll,walking,"Yo, take a short stroll 👟"
5346,Refill Bottle,hydration,"Hey bestie, drink a glass of water 💧"
5347,Jogging,running,"No cap, chase a new PR 🏃"
5348,DSA,coding,"Write some code, no cap 💻"
5349,3 Good Things,journaling,Vibe check: write one page 💭
5350,EMI,finance,Real talk: check your SIP 💰
5351,No Smoking,quit,"Hey, wait ten minutes first 💚"
5352,Less TikTok,screen_break,Rest your eyes - you got this 🔌
5353,Fast Until Noon,fasting,"Log your fasting hours, no excuses 🥑"
5354,Mood Log,mood,Do something kind for you today 💭
5355,Neck Stretch,stretching,Gentle reminder: stretch your back 🤸
5356,100 Days of Code,coding,POV: you write some code 🐛
5357,Savings Goal,finance,"Save a little today, legend 📈"
5358,Walk,walking,Breaking news: lace up and walk 🌳
5359,Cut Nails,hygiene,POV: you use mouthwash 🪥
5360,Vitamin D3,meds,POV: you take your vitamins 💊
5361,Multivitamin,meds,"Hello hello, take your dose ⏰"
5362,Night Journal,journaling,"Write in your journal, bestie 📓"
5363,Learn Python,coding,"Code, coffee, conquer 💻"
5364,Laundry,chores,"Lowkey, clean your desk 🧹"
5365,French,practice,Say it in a new language 🎸
5366,Diet,fasting,"Reminder: drink water, not snacks 🍵"
5367,No Junk Food,meal,"Hey, eat your breakfast 🍳"
5368,Hair Serum,skincare,Oil your hair rn ✨
5369,Violin,practice,"Do your lesson, no excuses 🎸"
5370,Feed Bird,pets,"Feed your pet, no excuses 🐶"
5371,Log Expenses,finance,Review your spending and slay 📈
5372,My Task,other,Plot twist: do it now 🙌
5373,Lunch,meal,"Eat a proper dinner, legend 🍳"
5374,Early Riser,wake,"Sun's up, so are you 🌅"
5375,Posture Check,stretching,"Roll out your mat, no cap 🤸"
5376,Gurbani,prayer,"Say a short prayer, please? 🕊"
5377,Morning Prayer,prayer,Read a few verses fr 🪔
5378,Therapy Notes,mood,"Be gentle with yourself, no cap 🫶"
5379,Gurbani,prayer,"Say your prayers, superstar 🕊"
5380,Night Journal,journaling,"Note your wins, superstar 📝"
5381,Hair Serum,skincare,Reminder: massage your scalp 🧴
5382,Manga,reading,Reminder: read five pages 📖
5383,Wake at 6,wake,"No cap, start your morning ⏰"
5384,Feed Fish,pets,Bowl full? 🐶
5385,No Junk Food,meal,"No cap, grab some fruit 🍳"
5386,Skincare,skincare,Breaking news: apply your serum 🧴
5387,Walk,walking,"Lowkey, stretch your legs 👟"
5388,Iron Tablet,meds,Take your medicine and slay ⏰
5389,Call Mom,social,"Reply to messages, promise? 🤝"
5390,Make Bed,chores,POV: you put things back 🧺
5391,Reminder,other,Small win: show up today ✅
5392,Strength Training,workout,"No cap, get your sweat on 💪"
5393,Call Grandparents,social,"Okay legend, text a friend 📞"
5394,GitHub Commit,coding,"Yo, refactor one file 🐛"
5395,NoPorn,noporn,Go outside for a bit fr 🌱
5396,No Sugar,quit,"Sobriety time? Yes, now. 💚"
5397,No NSFW,noporn,"Psst, delete the trigger 🧠"
5398,Meal Prep,meal,"Prep a healthy meal, no excuses 🥗"
5399,To-Do List,focus,"Hey, silence your phone 🔕"
5400,Cold Shower,hygiene,"Ahem, brush for two minutes 🦷"
5401,Less Caffeine,quit,"Chew gum instead, promise? 🌿"
5402,Treadmill Run,running,Your sign to start your run 💨
5403,Hot Girl Walk,walking,Your sign to walk for ten minutes 🌳
5404,Sun Salutation,stretching,Do a forward fold fr 🧘
5405,20-20-20,screen_break,"No cap, close the reels 👀"
5406,Challenge,other,Quick one: make progress today ⭐
5407,Protein Intake,meal,"Psst, eat a proper dinner 🍲"
5408,Pranayama,meditation,Breathe slowly for a minute rn 🌿
5409,Pooja,prayer,"Psst, light a candle 🕊"
5410,Journal,journaling,Jot down your thoughts fr 📓
5411,Glow Routine,skincare,Your skin needs you now 🧴
5412,Chess Puzzle,practice,"Hey, pick up your instrument 🎵"
5413,Drums,practice,Your sign to practice your scales 🎸
5414,Track Expenses,finance,"Hey, check your SIP 💸"
5415,Date Night,social,Plot twist: plan a catch up 💬
5416,Assignment,studying,Breaking news: study for 25 minutes 🎓
5417,Night Routine,skincare,Vibe check: pamper your skin ✨
5418,3 Good Things,journaling,Today had a story. Write it 📓
5419,Tulsi,plants,Give them sunlight fr 🪴
5420,NoPorn,noporn,Block that site now 🧠
5421,Audiobook,reading,"Hello hello, read before bed 📚"
5422,Groom Pet,pets,Small win: give a treat 🐱
5423,Power Nap,sleep,"Lowkey, take a power nap 😴"
5424,100 Days of Code,coding,Refactor one file and slay 🚀
5425,Low Carb,fasting,"Ahem, stick to your diet 🍵"
5426,LeetCode,coding,"Write one function, promise? 🐛"
5427,Gardening,plants,"Happy leaves, happy you 🌱"
5428,Study,studying,Quick one: make your notes 📝
5429,Pet Care,pets,Someone furry is hungry 🐾
5430,Walk Dog,pets,Quick one: clean the litter box 🐾
5431,Night Journal,journaling,"Fill today's page, no cap 💭"
5432,Discipline Streak,nofap,Quick one: stay busy today 👑
5433,Water,hydration,"Okay legend, chug some water 💧"
5434,Reading,reading,Future you says: finish a chapter 📖
5435,Photography,creative,"Yo, write a short poem 💡"
5436,Night Journal,journaling,"Write a brain dump, promise? 📝"
5437,Digital Detox,screen_break,Switch off notifications now 📵
5438,3 Good Things,journaling,"Jot down your thoughts, no excuses 📓"
5439,Floss,hygiene,"Hey, floss tonight 🧼"
5440,Creatine,meds,"No skipping, no cap ⏰"
5441,Rise and Shine,wake,Your sign to turn off the alarm 🌅
5442,Stretch,stretching,"Roll out your mat, please? 🤸"
5443,Guitar Practice,practice,Plot twist: do your lesson 🎸
5444,Sleep Early,sleep,Your bed is warm and waiting 🛌
5445,Chanting,prayer,Quick one: say a short prayer 🙏
5446,No Junk Food,meal,Fuel your body fr 🥗
5447,No Doomscrolling,screen_break,Don't leave your phone on read 👀
5448,Cardio,workout,POV: workout time 💪
5449,Sketch,creative,Reminder: write one paragraph 💡
5450,Night Journal,journaling,Unload your brain here 📝
5451,Read Gita,prayer,Prayer era starts now 🪔
5452,Hydrate,hydration,Chug some water rn 🥤
5453,Reading,reading,"Ahem, read for 15 minutes 🔖"
5454,Offline Hour,screen_break,"Ahem, rest your eyes 👀"
5455,No Late Nights,sleep,Gentle reminder: take a power nap 🌙
5456,Treadmill Run,running,"Run one easy km, no cap 💨"
5457,Tulsi,plants,Main character move: repot one plant 🌱
5458,18:6 Fast,fasting,Vibe check: keep the kitchen closed 🍵
5459,Feel Good,mood,You + self care = iconic 🌈
5460,Lunch Break,meal,"Hey, add some veggies 🥗"
5461,Sleep by 11,sleep,"Close the tabs, close your eyes 🛌"
5462,Lunch,meal,"Eat slowly today, bestie 🍲"
5463,Insulin,meds,Pop your supplement now 💊
5464,Protein Intake,meal,"Fuel your body, bestie 🍲"
5465,Low Carb,fasting,Eat a protein-rich meal and slay 🥑
5466,Therapy Notes,mood,"Take a deep breath, please? 🌈"
5467,Sugar Free,quit,Future you says: skip it today 🌿
5468,Neck Stretch,stretching,Real talk: flow for ten minutes 🤸
5469,Rise and Shine,wake,"Hello hello, splash some water 🐓"
5470,Discipline Streak,nofap,Mind over impulse 🧠
5471,Porn Free,noporn,Don't leave a clear mind on read 🌱
5472,Stretch,stretching,"Breathe in, stretch out 🧘"
5473,Savings Goal,finance,"Psst, log your expenses 💰"
5474,Clear Emails,focus,"Silence your phone, legend 🔕"
5475,Diary,journaling,Quick one: jot down your thoughts 📝
5476,Call Grandma,social,"Hey, check on your people 💬"
5477,No Alcohol,quit,Sugar crash? Not today 💚
5478,Routine,other,Your sign to make progress today ⭐
5479,Morning Walk,walking,Your sign to lace up and walk 🌳
5480,No PMO,nofap,Your streak is your crown 🔒
5481,Network,social,"Check on your people, superstar 💬"
5482,Discipline Streak,nofap,"Do 20 pushups instead, promise? 🔒"
5483,Lights Off,sleep,"Lowkey, say good night 😴"
5484,Mood Log,mood,Not a drill: self care time 🌈
5485,Chanting,prayer,"Take a moment to pray, please? 🕊"
5486,Laundry,chores,Start the laundry fr 🧽
5487,Stroll,walking,You + walk = iconic 🚶
5488,Quit Smoking,quit,"Pass on the drink, superstar 🌿"
5489,YouTube Video,creative,"Yo, make something new 🎬"
5490,Yoga,stretching,Quick one: do a forward fold 🧘
5491,Gratitude List,journaling,"Okay legend, list three good things 💭"
5492,Healthy Meal,meal,Friendly nudge: grab some fruit 🥗
5493,Sunscreen,skincare,POV: you do your night routine 🧴
5494,Track Expenses,finance,Future you says: update your budget 💸
5495,10 Min Yoga,stretching,Do some yoga today 🧘
5496,Balcony Garden,plants,Gentle reminder: trim dead leaves 💦
5497,No Distractions,focus,Focus era starts now 🎯
5498,Pet Care,pets,Walk your dog and slay 🐶
5499,Nicotine Free,quit,"Choose the healthy swap, please? 🌿"
5500,Goal,other,Keep your streak fr 🙌
5501,Homework,studying,Quick one: start a pomodoro 📝
5502,Mouthwash,hygiene,"Hey bestie, brush your teeth 🦷"
5503,Less Caffeine,quit,POV: clean living time 🌿
5504,Feel Good,mood,"Check in with yourself, promise? 💭"
5505,Shower,hygiene,"No cap, take a cold shower 🦷"
5506,Abs,workout,Small win: hold a plank 💪
5507,Back Stretch,stretching,Hold child's pose - you got this 🧘
5508,EMI,finance,Friendly nudge: review your spending 📈
5509,Track Expenses,finance,"No cap, note today's spending 📈"
5510,100 Days of Code,coding,Okay but code? 🚀
5511,Gratitude List,journaling,"Hey, jot down your thoughts 💭"
5512,Track Expenses,finance,Your sign to review your spending 💸
5513,Self Care,mood,"Psst, check in with yourself 💭"
5514,Succulents,plants,"Water your plants, superstar 🪴"
5515,Sleep Early,sleep,Wind down now? 🌙
5516,Study,studying,"Yo, solve a mock test 🎓"
5517,Self Control,nofap,"Lowkey, go for a walk now 🔒"
5518,Drink 8 Glasses,hydration,"Okay legend, grab a glass 🚰"
5519,Walk,walking,Walk for ten minutes now 👟
5520,Eat Veggies,meal,Your body ordered food 🍲
5521,Less Reels,screen_break,Main character move: rest your eyes 📵
5522,Bath,hygiene,Vibe check: trim your nails 🧼
5523,Painting,creative,"Psst, work on your project 🎨"
5524,Rise and Shine,wake,The sun beat you. Again? 🐓
5525,Flowers,plants,Plot twist: water the garden 💦
5526,Web Dev,coding,Logic > luck 🚀
5527,Dance Practice,practice,Future you says: do your lesson 🎸
5528,Mood Log,mood,Small win: check your mood 🌈
5529,Prayer,prayer,Small win: take a moment to pray 🪔
5530,Feed Cat,pets,"Not to nag, but feed your dog 🐱"
5531,Manga,reading,A few pages a day 🔖
5532,Dishes,chores,Your sign to clean your desk 🧺
5533,10k Steps,walking,Future you says: lace up and walk 👟
5534,French,practice,Small win: pick up your instrument 🌍
5535,Task A,other,"Easy task, big win ⭐"
5536,Box Breathing,meditation,"Not to nag, but find your calm 🍃"
5537,Early Riser,wake,Small win: put your feet down ⏰
5538,Flashcards,studying,"Revise yesterday's notes, promise? 📝"
5539,Check List,other,"Ahem, show up today ⭐"
5540,No Nut,nofap,"Stay busy today, promise? 👑"
5541,8 Hours Sleep,sleep,"Not to nag, but get some sleep 😴"
5542,Goal,other,"Lowkey, start for 5 minutes ✅"
5543,Bath,hygiene,Vibe check: floss tonight 🦷
5544,Diet,fasting,"Skip the late snack, no cap 🍵"
5545,20-20-20,screen_break,Plot twist: put your phone away 👀
5546,5AM Club,wake,"Ahem, wake up now 🌅"
5547,Savings Goal,finance,Plot twist: update your budget 💸
5548,Read News,reading,Finish a chapter now 📚
5549,Water Goal,hydration,"Not to nag, but sip some water 🚰"
5550,Morning Prayer,prayer,"Ahem, give thanks 🪔"
5551,16:8 Fasting,fasting,"Hold your fast, no cap 🥑"
5552,Temple Visit,prayer,Pause and pray 🙏
5553,Date Night,social,"Hey, plan a catch up 🤝"
5554,Office Work,focus,You + deep work = iconic 🔕
5555,No Porn,noporn,Real talk: turn on your blocker 🚫
5556,Scalp Care,skincare,"Do your night routine, just 5 min ✨"
5557,Phone Free Dinner,screen_break,"Hey bestie, close the reels 📵"
5558,Urge Control,nofap,"Lowkey, lock the phone, step out 👑"
5559,Bible Reading,prayer,"Lowkey, read one verse 🪔"
5560,Office Work,focus,"Clear your inbox, no excuses 🎯"
5561,Pet Care,pets,Friendly nudge: fill the water bowl 🐾
5562,Urge Control,nofap,Vibe check: go for a walk now 🔒
5563,Flashcards,studying,"Focus mode, scholar 📚"
5564,SPF,skincare,Main character move: moisturize now 🌸
5565,Call Dad,social,"Hello hello, call someone you love 💬"
5566,Discipline Streak,nofap,Vibe check: leave your room 👑
5567,Eat Fruit,meal,Add some veggies today 🥗
5568,Check List,other,Main character move: do it now ⭐
5569,Walk,walking,"Take a quick walk, superstar 🌳"
5570,Dinner,meal,Main character move: have your meal 🍳
5571,Rent,finance,"Update your budget, legend 💸"
5572,CTM Routine,skincare,POV: you cleanse your face ✨
5573,Evening Stretch,stretching,"Okay legend, stretch your back 🧘"
5574,Less Caffeine,quit,POV: you chew gum instead 🚭
5575,Flowers,plants,Your sign to check the soil 🪴
5576,Face Wash,skincare,Don't ghost your skin ✨
5577,Photography,creative,Create today? 🎨
5578,Breathwork,meditation,Focus on your breath rn 🧘
5579,Less TikTok,screen_break,"Ahem, keep your phone aside 👀"
5580,Quit Vaping,quit,Main character move: say no today 💚
5581,Design Practice,creative,Real talk: shoot one photo 💡
5582,No Junk Food,meal,Prep a healthy meal now 🥗
5583,Gratitude,journaling,"Write one gratitude, please? 📓"
5584,NoPorn,noporn,"Yo, turn on your blocker 🌱"
5585,Flexibility,stretching,POV: you flow for ten minutes 🧘
5586,No Snooze,wake,Sunrise is calling 🐓
5587,No Junk Food,meal,Quick one: have your meal 🍲
5588,Quit Smoking,quit,"Skip it today, legend 💚"
5589,Vitamins,meds,Take your vitamins - you got this 💊
5590,Wake Up,wake,Morning > excuses 🌅
5591,Goal,other,"Psst, get it done ⭐"
5592,Early Riser,wake,"No cap, open the curtains ⏰"
5593,Meet Friends,social,Friendly nudge: check on a friend 📞
5594,Check List,other,"Lowkey, keep your streak ⭐"
5595,Stretch,stretching,Flow for ten minutes rn 🤸
5596,Mood Check,mood,"Log how you feel, just 5 min 💭"
5597,Fasting,fasting,Eat inside your window fr 🕐
5598,Wake Up,wake,"5AM club energy, bestie 🐓"
5599,Poetry,creative,Main character move: edit your video 💡
5600,Call Grandma,social,"Hey bestie, call your mom 📞"
5601,Celibacy,nofap,"Reminder: lock the phone, step out 🔒"
5602,Jog,running,"Do a quick jog, just 5 min 💨"
5603,Plan the Day,focus,"Hello hello, work for 25 minutes 🔕"
5604,Groom Pet,pets,"Give some cuddles, just 5 min 🐾"
5605,Clean Room,chores,"No cap, clean the kitchen 🧺"
5606,5AM Club,wake,"Yo, get out of bed 🌅"
5607,Gratitude,journaling,What did today teach you? 📓
5608,No Late Nights,sleep,Your sign to take a power nap 😴
5609,Morning Routine,wake,Real talk: splash some water 🐓
5610,Guitar Practice,practice,Plot twist: finish one lesson 🎵
5611,18:6 Fast,fasting,POV: you stick to your diet 🕐
5612,Water Bottle,hydration,Hydration is calling 💧
5613,No PMO,nofap,"Try a cold shower, no excuses 🔒"
5614,No Soda,quit,"Psst, skip it today 🌿"
5615,Supplements,meds,Take your medicine fr ⏰
5616,Japanese,practice,"Hey, speak out loud 🎸"
5617,No Phone,screen_break,Plot twist: look out the window 👀
5618,Digital Purity,noporn,Splash cold water - you got this 🧠
5619,Marathon Prep,running,"Start your run, please? 🏃"
5620,Rest,sleep,Gentle reminder: sleep on time 😴
5621,Mood Log,mood,POV: you check your mood 🌈
5622,To-Do List,focus,"Lowkey, finish one task 🎯"
5623,Japanese,practice,Breaking news: learn five new words 🎸
5624,Early Riser,wake,"Sunrise, then chill ⏰"
5625,No Snacking,fasting,The fridge can wait 🥑
5626,Brunch,meal,It's giving food 🍲
5627,Grooming,hygiene,Brush your teeth fr 🪥
5628,Screen Break,screen_break,Close the reels today 🔌
5629,Grooming,hygiene,Breaking news: take a cold shower 🪥
5630,Walk 30 Min,walking,Take your thoughts for a walk 🌳
5631,Organize Desk,chores,"Psst, clean the kitchen 🧽"
5632,Mental Health Check,mood,Write one feeling - you got this 💭
5633,Draw,creative,Don't leave your sketchbook on read 🎨
5634,Quit Porn,noporn,Real talk: splash cold water 🌱
5635,Pooja,prayer,It's giving faith 🪔
5636,Practice Habit,other,"Do it now, no cap ✅"
5637,Reading,reading,Read one chapter rn 📚
5638,Tulsi,plants,"Ahem, repot one plant 🪴"
5639,Therapy Notes,mood,"Psst, name your feeling 🫶"
5640,Speak English,practice,Learn one new word 🎵
5641,Therapy Notes,mood,Reminder: log your mood 💭
5642,Wake Up Early,wake,Leave your bed rn 🐓
5643,Intermittent Fasting,fasting,Sip some green tea rn 🕐
5644,Quit Smoking,quit,Sugar urge? 🚭
5645,2L Water,hydration,"Water time? Yes, now. 🚰"
5646,New Habit,other,Future you says: show up today ⭐
5647,NoPorn,noporn,Your sign to splash cold water 🌱
5648,Gardening,plants,POV: you feed your plants 🌱
5649,Plant Care,plants,"Hey bestie, turn your pots 🌱"
5650,Gym,workout,"Gym time? Yes, now. 🔥"
5651,Tulsi,plants,"Turn your pots, just 5 min 💦"
5652,Weekly Plan,focus,"Hey, write your to-do list 🔕"
5653,Discipline Streak,nofap,Small win: do 20 pushups instead 👑
5654,Bedtime,sleep,"Ahem, switch off the lights 🛌"
5655,Morning Pill,meds,Your pillbox is still full ⏰
5656,Reset Sunday,chores,"Make your bed, make your day 🧹"
5657,Savings Goal,finance,"Pay your bills, no excuses 💸"
5658,Clean Mind,noporn,Keep your phone in another room now 🚫
5659,Water Plants,plants,"Okay legend, trim dead leaves 🌱"
5660,My Task,other,Vibe check: show up today ✅
5661,20-20-20,screen_break,Your sign to blink and look away 👀
5662,Night Brush,hygiene,Your toothbrush is calling 🦷
5663,Clean Mind,noporn,Quick one: splash cold water 🧠
5664,Shower,hygiene,"Take a shower, no excuses 🧼"
5665,Run 5K,running,"Hey, go for a short run 💨"
5666,Read News,reading,POV: reading time 📚
5667,Japanese,practice,Gentle reminder: speak out loud 🎵
5668,Bedtime,sleep,"Dim the lights, superstar 🛌"
5669,Couch to 5K,running,"Hey, hit the track 🏃"
5670,Water Bottle,hydration,Gentle reminder: have some water 🚰
5671,No Distractions,focus,Your sign to close extra tabs ⏳
5672,Semester Prep,studying,Friendly nudge: revise one topic 🎓
5673,Water Break,hydration,Chug some water and slay 🥤
5674,Neck Stretch,stretching,"Okay legend, flow for ten minutes 🤸"
5675,Hair Serum,skincare,Apply your serum and slay 🌸
5676,Offline Hour,screen_break,Brain rot? Not today 🔌
5677,Treadmill Run,running,"Hello hello, run one easy km 🏃"
5678,SIP,finance,Pay your bills and slay 💸
5679,No Junk Food,meal,Not a drill: food time 🥗
5680,French,practice,"Speak out loud, no excuses 🎵"
5681,Repot Plant,plants,Blooms need water 🌱
5682,Fast Until Noon,fasting,Gentle reminder: start your fast now 🍵
5683,SIP,finance,"Skip one impulse buy, just 5 min 💰"
5684,Pooja,prayer,"Faith time, five minutes 🙏"
5685,Pooja,prayer,Chant your mantra today 🪔
5686,Gurbani,prayer,"Hey, chant for 5 minutes 🪔"
5687,Worship,prayer,"Sit in prayer, no excuses 🪔"
5688,Flashcards,studying,Okay but your notes? 🎓
5689,Do The Thing,other,Get it done rn ⭐
5690,Painting,creative,Quick one: write for ten minutes 💡
5691,Pay Bills,finance,"Not to nag, but pay your bills 💰"
5692,Lecture Review,studying,Study one chapter now 📝
5693,Self Care,mood,Bad day? Still proud 💭
5694,GitHub Commit,coding,"Yo, open your IDE 💻"
5695,Wake at 6,wake,Vibe check: splash some water ⏰
5696,Healthy Meal,meal,POV: you prep a healthy meal 🍳
5697,Therapy Notes,mood,"Hello hello, check in with yourself 🫶"
5698,No Phone,screen_break,"Hey, look out the window 🔌"
5699,Urge Control,nofap,"Try a cold shower, bestie 👑"
5700,Laundry,chores,Put things back rn 🧺
5701,5AM Club,wake,"Not to nag, but wake up now 🐓"
5702,Mood Log,mood,"Okay, really? 🌈"
5703,Yoga,stretching,Do a sun salutation today 🤸
5704,To-Do List,focus,Your to-do list misses you ⏳
5705,Wind Down,sleep,"Ahem, start winding down 🛌"
5706,Temple Visit,prayer,Thank the universe today 🙏
5707,Task A,other,"Lowkey, complete your goal ⭐"
5708,Treadmill Run,running,Quick one: jog for 15 minutes 👟
5709,YouTube Video,creative,"Hey bestie, sketch for 10 minutes 💡"
5710,Serum,skincare,"Yo, put on sunscreen 🌸"
5711,Home Workout,workout,"Hello hello, show up and lift 🥇"
5712,Wake at 6,wake,Morning magic starts now 🐓
5713,DSA,coding,"Not to nag, but solve one problem 🚀"
5714,Read Gita,prayer,Quick one: give thanks 🕊
5715,Electrolytes,hydration,Small win: finish that bottle 🥤
5716,Quit Porn,noporn,"Yo, stay free today 🧠"
5717,Tulsi,plants,"Okay legend, water the garden 💦"
5718,Inbox Zero,focus,"Start a focus block, legend 🔕"
5719,Call Grandparents,social,Your people miss you 🤝
5720,Prayer,prayer,Real talk: say a short prayer 🕊
5721,Daily Problem,coding,Refactor one file - you got this 💻
5722,Vocab,practice,Real talk: speak out loud 🎸
5723,Do The Thing,other,Progress over perfection ✅
5724,Journal,journaling,Your journal is calling 💭
5725,Sleep by 11,sleep,"Close your eyes, just 5 min 😴"
5726,Journal,journaling,"Okay legend, write three lines 💭"
5727,Read a Chapter,reading,Your sign to continue your story 📚
5728,Water Goal,hydration,Not a drill: hydration time 💧
5729,Mood Check,mood,"Take a deep breath, promise? 🌈"
5730,Omega 3,meds,Your dose misses you ⏰
5731,Unplug,screen_break,"Reels can wait, life can't 📵"
5732,Feed Bird,pets,Brush your pet fr 🐱
5733,Write Thoughts,journaling,"Write your affirmations, no excuses 💭"
5734,Namaz,prayer,Your sign to do your pooja 🪔
5735,Check In,mood,Quick one: name your feeling 🫶
5736,Mental Health Check,mood,Plot twist: rate your day 🫶
5737,Flowers,plants,POV: you mist your plants 💦
5738,Check Bank,finance,"Check your SIP, no cap 💰"
5739,Craft,creative,"Hello hello, draw something small 🎬"
5740,Challenge,other,"Ahem, complete your goal 🙌"
5741,Mobility,stretching,Touch your toes today 🧘
5742,Check List,other,"Yo, show up today 🙌"
5743,Read Before Bed,reading,Read for 15 minutes today 🔖
5744,Poetry,creative,"Art time, artist 🎬"
5745,Call Family,social,Five minutes of love 📞
5746,18:6 Fast,fasting,POV: you sip some green tea 🥑
5747,Interval Run,running,"Lace up and run, no excuses 👟"
5748,Sprint Training,running,Go for a short run fr 🏃
5749,Strength Training,workout,Vibe check: warm up and go 🔥
5750,Feel Good,mood,"Lowkey, name your feeling 🫶"
5751,Routine,other,Do it now fr ⭐
5752,Flexibility,stretching,"Hello hello, touch your toes 🧘"
5753,Challenge,other,"Do it right now, please? ✅"
5754,Manga,reading,"Lowkey, read before bed 📖"
5755,20 Pages,reading,Real talk: read one chapter 📖
5756,Hair Serum,skincare,Small win: cleanse your face ✨
5757,Posture Check,stretching,Reminder: hold child's pose 🧘
5758,Call Parents,social,"Message a friend, please? 💬"
5759,Quit Vaping,quit,Wait out the craving today 💚
5760,Sober,quit,"Skip the sugar today, please? 💚"
5761,Intermittent Fasting,fasting,Not a drill: fasting time 🕐
5762,No Porn,noporn,Fill the void with goals 🧠
5763,Study,studying,"Solve ten questions, no cap 🎓"
5764,Inbox Zero,focus,"One thing at a time, boss 🎯"
5765,Water,hydration,Vibe check: chug some water 💧
5766,Mindfulness,meditation,Calm o'clock! 🍃
5767,Laundry,chores,"Ahem, take out the trash 🧹"
5768,5AM Club,wake,"Hey, turn off the alarm 🐓"
5769,Bath,hygiene,Brush for two minutes fr 🦷
5770,Home Workout,workout,Workout > excuses 🔥
5771,Weekly Plan,focus,Your sign to focus for 25 minutes 🎯
5772,Dishes,chores,Put things back today 🧽
5773,Hot Girl Walk,walking,Vibe check: take a quick walk 🌳
5774,No Soda,quit,"Lowkey, chew gum instead 🌿"
5775,Morning Meditation,meditation,"No cap, try a body scan 🌿"
5776,10 Min Yoga,stretching,"Not to nag, but touch your toes 🧘"
5777,IF,fasting,"Hold your fast, no excuses 🥑"
5778,Insulin,meds,"Take it with water, legend 💊"
5779,Rise and Shine,wake,"Ahem, get up now 🐓"
5780,Call Dad,social,"Okay legend, send a voice note 💬"
5781,Gratitude List,journaling,"Write a brain dump, no cap 📓"
5782,Budget,finance,Reminder: check your SIP 💸
5783,Singing,practice,Keep your Duolingo streak now 🎵
5784,Semester Prep,studying,"Make your notes, bestie 📝"
5785,Lift Weights,workout,Lift something heavy now 💪
5786,Wind Down,sleep,"Ahem, get into bed 🌙"
5787,Top 3 Tasks,focus,"Do your top task, bestie 🎯"
5788,Jogging,running,Sweaty selfie loading 🏃
5789,Workout,workout,Small win: warm up and go 💪
5790,Feed Fish,pets,"Lowkey, feed your dog 🐶"
5791,Walk,walking,Your sign to hit your step goal 🚶
5792,3L Water,hydration,Future you says: take five sips 🚰
5793,Gym,workout,Start your workout fr 💪
5794,Namaz,prayer,Gentle reminder: light the lamp 🙏
5795,Diary,journaling,Write a brain dump and slay 📓
5796,Read Novel,reading,Plot twist: read before bed 📚
5797,Content Creation,creative,"Shoot one photo, no excuses 🎨"
5798,IF,fasting,Small win: stay in the fast 🕐
5799,Diary,journaling,"Small notes, big clarity 📝"
5800,Morning Water,hydration,"Okay legend, fill up your bottle 🚰"
5801,Offline Hour,screen_break,"Rest your eyes, superstar 🔌"
5802,Screen Break,screen_break,"Hey bestie, go offline for a bit 🔌"
5803,Eat Salad,meal,"Eat on time, no cap 🍲"
5804,Build App,coding,"Fix one bug, superstar 🚀"
5805,Log Expenses,finance,"Check your budget, superstar 💰"
5806,Morning Routine,wake,"Not to nag, but get up now 🐓"
5807,Learn Spanish,practice,"Finish one lesson, promise? 🌍"
5808,Jog,running,"Yo, run one easy km 💨"
5809,Read 10 Pages,reading,Read like a main character 📚
5810,Pay Bills,finance,"No cap, check your SIP 💸"
5811,Diet Plan,fasting,Water during fast? 🥑
5812,Web Dev,coding,Not a drill: LeetCode time 💻
5813,8 Hours Sleep,sleep,"Okay legend, close your eyes 🛌"
5814,Feed Fish,pets,"Yo, walk your dog 🐾"
5815,Feed Dog,pets,Quick one: take the dog out 🐱
5816,Calorie Deficit,fasting,Friendly nudge: hold your fast 🍵
5817,Night Routine,skincare,Small win: do your skincare 🌸
5818,Breathwork,meditation,Find your calm fr 🧘
5819,Morning Yoga,stretching,Gentle reminder: roll out your mat 🧘
5820,No Soda,quit,Chew gum instead fr 💚
5821,Moisturize,skincare,"Oil your hair, promise? 🌸"
5822,Breakfast,meal,"Eat a proper dinner, no cap 🥗"
5823,Self Help Book,reading,Escape into a story 📖
5824,NoFap,nofap,Your NoFap streak is calling 🧠
5825,Exercise,workout,Friendly nudge: train hard today 🥇
5826,Drink Water,hydration,Grab a glass fr 🚰
5827,Shave,hygiene,Future you says: floss tonight 🦷
5828,Sober,quit,Small win: protect your quit streak 💚
5829,Read 10 Pages,reading,"Read for 15 minutes, superstar 📚"
5830,Walk,walking,"Stretch your legs, no cap 🚶"
5831,Pilates,stretching,Your sign to flow for ten minutes 🧘
5832,Clean Room,chores,Clean the kitchen - you got this 🧽
5833,Namaz,prayer,"Hey bestie, read one verse 🕊"
5834,Box Breathing,meditation,Calm is a superpower 🧘
5835,Bible Reading,prayer,"Hey bestie, read a few verses 🙏"
5836,Bedtime,sleep,"Start winding down, superstar 😴"
5837,Singing,practice,Hit the right notes today 🌍
5838,Hair Oil,skincare,"Hello hello, wash your face 🌸"
5839,Water Plants,plants,"Water the garden, no cap 🌱"
5840,Draw,creative,"Write a short poem, no excuses 🎬"
5841,Exam Prep,studying,"Study one chapter, please? 🎓"
5842,No Snooze,wake,"Skip the snooze, just 5 min 🌅"
5843,Digital Purity,noporn,"Block that site, no excuses 🚫"
5844,Digital Detox,screen_break,Switch off notifications today 📵
5845,Sober,quit,"No cap, wait ten minutes first 🚭"
5846,Walk 30 Min,walking,Real talk: walk around the block 🚶
5847,Save Money,finance,"Yo, log your expenses 💸"
5848,Diet,fasting,Reminder: stick to your diet 🍵
5849,Top 3 Tasks,focus,"Focus, then chill 🔕"
5850,Floss,hygiene,Brush for two minutes today 🧼
5851,No Soda,quit,Quick one: wait out the craving 🚭
5852,Running,running,Small win: lace up and run 💨
5853,3 Good Things,journaling,"List three good things, bestie 💭"
5854,Refill Bottle,hydration,POV: you sip some water 🥤
5855,Porn Free,noporn,Your clean streak is calling 🌱
5856,Minoxidil,skincare,"Not to nag, but finish your routine 🧴"
5857,No PMO,nofap,"Yo, go to the gym instead 👑"
5858,Self Help Book,reading,Your sign to open your kindle 📚
5859,EMI,finance,"Hello hello, save a little today 📈"
5860,Exam Prep,studying,"Yo, make your notes 📝"
5861,Revision,studying,"Revise yesterday's notes, just 5 min 📝"
5862,Quit Porn,noporn,"Lowkey, go outside for a bit 🚫"
5863,Run 5K,running,Do a quick jog rn 👟
5864,Iron Clothes,chores,"Clean home, happy you 🧽"
5865,Manga,reading,"Read one chapter, no cap 🔖"
5866,Sleep Early,sleep,Real talk: leave your phone outside 🛌
5867,Mindfulness,meditation,Be present and slay 🍃
5868,Unplug,screen_break,Okay but your phone? 👀
5869,Vocab,practice,"Pick up your instrument, please? 🎵"
5870,Ukulele,practice,Breaking news: practice your scales 🎵
5871,IMD Diet,fasting,"Hold your fast, superstar 🥑"
5872,Quit Smoking,quit,"Not to nag, but say no today 🚭"
5873,Squats,workout,Gentle reminder: hit the gym 🔥
5874,Feed Dog,pets,"Not to nag, but brush your pet 🐶"
5875,No Sugar,quit,"Lowkey, wait out the craving 🌿"
5876,Sprint Training,running,Go for a short run rn 🏃
5877,Gurbani,prayer,Breaking news: sit in prayer 🕊
5878,Pull Day,workout,"Hey, show up and lift 🥇"
5879,No Sugar,quit,"Say no today, no excuses 🚭"
5880,Weekly Plan,focus,Future you says: work for 25 minutes 🔕
5881,Balcony Garden,plants,"Mist your plants, please? 🪴"
5882,Less TikTok,screen_break,"No cap, rest your eyes 👀"
5883,Meditate,meditation,Calm > excuses 🧘
5884,Omega 3,meds,"Pill o'clock, don't forget 💊"
5885,Evening Run,running,Start your run rn 💨
5886,Night Brush,hygiene,Gentle reminder: freshen up 🦷
5887,Self Help Book,reading,Real talk: open your book 🔖
5888,Log Expenses,finance,"Savings first, scroll later 💸"
5889,Eye Break,screen_break,"Be offline, be fine 👀"
5890,Piano,practice,Your guitar is gathering dust 🎸
5891,EMI,finance,Savings > excuses 💸
5892,Cut Nails,hygiene,"Fresh breath, fresh start 🪥"
5893,Violin,practice,"Yo, practice for 15 minutes 🎸"
5894,Insulin,meds,"Take your pills, no cap ⏰"
5895,Deep Work,focus,"Inbox zero, hero ⏳"
5896,Groceries,chores,"Take out the trash, no cap 🧺"
5897,No Doomscrolling,screen_break,Your phone is waiting 👀
5898,Celibacy,nofap,Reminder: do 20 pushups instead 🧠
5899,Ukulele,practice,Real talk: learn five new words 🎸
5900,Less Reels,screen_break,"Switch off notifications, no cap 🔌"
5901,Plan the Day,focus,"Ahem, focus for 25 minutes 🎯"
5902,Photography,creative,Your story deserves telling 💡
5903,Reflect,journaling,"Okay legend, fill today's page 💭"
5904,Evening Walk,walking,"Take the stairs, superstar 👟"
5905,Park Walk,walking,Take a quick walk fr 🌳
5906,Morning Routine,wake,Friendly nudge: wake up now 🐓
5907,5AM Club,wake,Open the curtains rn ⏰
5908,8 Hours Sleep,sleep,"Count sheep, not reels 😴"
5909,Water Plants,plants,"Ahem, check your plants 🪴"
5910,2L Water,hydration,Small win: chug some water 💧
5911,Cook Dinner,meal,Lunch break is a human right 🥗
5912,Sugar Free,quit,Plot twist: protect your quit streak 🚭
5913,Power Nap,sleep,"Log off, bestie. Sleep on 🌙"
5914,Trek,walking,Window shopping counts too 🌳
5915,YouTube Video,creative,Your project misses you 💡
5916,Water Goal,hydration,Glass half empty? Fix it 💧
5917,Healthy Meal,meal,"Hello hello, eat on time 🍳"
5918,Walk Dog,pets,POV: you play with your pet 🐶
5919,B12,meds,"Pop your supplement, no cap 💊"
5920,Couch to 5K,running,Reminder: lace up and run 👟
5921,Vitamin D3,meds,"Okay legend, pop your supplement 💊"
5922,Flashcards,studying,"Small sessions, big marks 📝"
5923,Pull Day,workout,"Lowkey, hold a plank 💪"
5924,No Distractions,focus,Plan your day fr ⏳
5925,Sober,quit,Protect your quit streak fr 🌿
5926,Draw,creative,Breaking news: pick up your brush 🎬
5927,Focus Session,focus,"Hello hello, start a focus block 🔕"
5928,Do The Thing,other,Breaking news: do it right now 🙌
5929,Nap,sleep,Shh... bedtime 🛌
5930,Morning Pages,journaling,"Hey, write three lines 📝"
5931,Mobility,stretching,"Do some yoga, promise? 🧘"
5932,Run 5K,running,Jog for 15 minutes now 👟
5933,Side Project,coding,"Ahem, write some code 🚀"
5934,NoPorn,noporn,Breaking news: turn on your blocker 🧠
5935,Sober,quit,"Okay legend, wait ten minutes first 💚"
5936,Groom Pet,pets,"Hey, feed your pet 🐶"
5937,Clear Emails,focus,Write your to-do list today 🎯
5938,Floss,hygiene,"Hey bestie, freshen up 🪥"
5939,Discipline Streak,nofap,"Stay strong today, no excuses 🧠"
5940,No Nut,nofap,"Go for a walk now, no excuses 🧠"
5941,Clean Mind,noporn,Future you says: close that tab 🌱
5942,Guitar Practice,practice,"Learn one new phrase, superstar 🌍"
5943,Running,running,Do a quick jog fr 👟
5944,Homework,studying,Open your notes rn 🎓
5945,Unplug,screen_break,"Look far for 20 seconds, no excuses 👀"
5946,Stretch,stretching,Small win: hold child's pose 🤸
5947,Therapy Notes,mood,"Lowkey, take a kind pause 🫶"
5948,Notes,studying,"Hey, open your notes 📝"
5949,Iron Clothes,chores,"Sweep the floor, no excuses 🧹"
5950,No Late Nights,sleep,POV: you say good night 🛌
5951,BP Tablet,meds,"Take it with water, promise? ⏰"
5952,Call Grandparents,social,Call your mom today 📞
5953,Walk Dog,pets,"Psst, feed your cat 🐶"
5954,Work Block,focus,POV: you focus for 25 minutes ⏳
5955,Run 3 KM,running,Real talk: lace up and run 👟
5956,Diet,fasting,"Hey bestie, hold your fast 🍵"
5957,Book Club,reading,Vibe check: open your kindle 📖
5958,Rise and Shine,wake,Snooze button is a liar 🐓
5959,No Junk,quit,Choose the healthy swap rn 💚
5960,Worship,prayer,Main character move: read one verse 🙏
5961,Lunch,meal,POV: you eat your breakfast 🍲
5962,Worship,prayer,Your sign to light the lamp 🙏
5963,Water Break,hydration,"Ahem, sip some water 💧"
5964,Wind Down,sleep,Your pillow misses you 🛌
5965,Long Run,running,"Run at easy pace, bestie 💨"
5966,Daily Problem,coding,"Write some code, superstar 💻"
5967,Breakfast,meal,"Grab some fruit, no excuses 🍳"
5968,Book Club,reading,Reminder: read one chapter 📖
5969,Lunch Break,meal,"Not to nag, but eat on time 🍳"
5970,LeetCode,coding,"Okay legend, refactor one file 🚀"
5971,Celibacy,nofap,Breaking news: go for a walk now 👑
5972,Work Block,focus,Vibe check: close extra tabs 🔕
5973,Water Break,hydration,POV: you finish that bottle 🥤
5974,Kindle,reading,Read one chapter - you got this 📖
5975,Write Story,creative,Future you says: shoot one photo 🎨
5976,Clean Mind,noporn,"Hey, block that site 🧠"
5977,Speak English,practice,Plot twist: practice for 15 minutes 🌍
5978,Quit Porn,noporn,"Stay free today, no cap 🌱"
5979,LeetCode,coding,Main character move: open your IDE 💻
5980,Neck Stretch,stretching,Your hamstrings said help 🧘
5981,No Doomscrolling,screen_break,POV: you look out the window 👀
5982,Morning Prayer,prayer,POV: faith time 🪔
5983,Invest,finance,"Check your budget, just 5 min 💸"
5984,Tulsi,plants,Small win: check your plants 🪴
5985,Violin,practice,Real talk: finish one lesson 🌍
5986,Cardio,workout,"Train hard today, superstar 🔥"
5987,Night Brush,hygiene,"Take a quick bath, no excuses 🪥"
5988,Bible Reading,prayer,"Say your prayers, promise? 🪔"
5989,Wake Up,wake,Breaking news: get up now ⏰
5990,Feel Good,mood,"Rate your day, no cap 🫶"
5991,Flexibility,stretching,"Stretch it out, legend 🧘"
5992,Self Care,mood,Breaking news: name your feeling 💭
5993,Learn Python,coding,"Yo, finish one feature 🐛"
5994,Clean Room,chores,"Yo, clean your desk 🧽"
5995,Steps Goal,walking,Small win: take a short stroll 👟
5996,Cook Dinner,meal,Eat your breakfast and slay 🍲
5997,Assignment,studying,Start a pomodoro now 📚
5998,Morning Workout,workout,"Gym first, scroll later 🔥"
5999,Healthy Snack,meal,Friendly nudge: have your meal 🥗
6000,Hair Oil,skincare,"Wash your face, please? 🌸"
6001,Offline Hour,screen_break,Lock your phone for a bit rn 🔌
6002,Healthy Snack,meal,"Good food, good mood 🥗"
6003,Write Blog,creative,"Creator era, go post 💡"
6004,Creatine,meds,"Okay legend, take your vitamins 💊"
6005,Lecture Review,studying,"Finish your assignment, promise? 📝"
6006,Mental Health Check,mood,Vibe check: be gentle with yourself 💭
6007,Journal,journaling,Fill today's page now 💭
6008,Reading,reading,"Open your book, please? 📚"
6009,Notes,studying,Breaking news: solve ten questions 📚
6010,Text a Friend,social,Your best friend misses you 📞
6011,Invest,finance,Breaking news: log your expenses 💰
6012,Painting,creative,"Write a short poem, legend 🎨"
6013,Podcast,creative,"Shoot one photo, superstar 🎨"
6014,Feed Bird,pets,"Psst, give a treat 🐱"
6015,Therapy Notes,mood,Vibe check: log your mood 🌈
6016,Morning Run,running,Small win: run one easy km 💨
6017,IMD Diet,fasting,Real talk: sip some green tea 🕐
6018,Content Creation,creative,Quick one: write a short poem 🎨
6019,UPSC Prep,studying,Academic weapon mode: ON 📚
6020,Repot Plant,plants,"Yo, give them sunlight 🪴"
6021,Wake at 6,wake,Rise and shine and slay 🌅
6022,No Alcohol,quit,"Protect your quit streak, no cap 💚"
6023,Posture Check,stretching,Your sign to do a sun salutation 🤸
6024,Moisturize,skincare,Your sign to oil your hair 🌸
6025,Omega 3,meds,"Lowkey, have your supplement ⏰"
6026,Calorie Deficit,fasting,"Hello hello, break your fast gently 🍵"
6027,Back Stretch,stretching,"Fix your posture, no cap 🧘"
6028,Drink 8 Glasses,hydration,Real talk: take a big sip 💧
6029,NoPorn,noporn,"Phone down, chin up 🚫"
6030,Nap,sleep,"Not to nag, but get into bed 🌙"
6031,Daily Problem,coding,"Finish one feature, superstar 💻"
6032,No NSFW,noporn,"Yo, go outside for a bit 🌱"
6033,Stroll,walking,Main character move: step outside 🚶
6034,Supplements,meds,Breaking news: take your medicine ⏰
6035,Ukulele,practice,Practice your scales now 🎵
6036,Leg Day,workout,"Start your workout, promise? 💪"
6037,IMD,fasting,"Log your fasting hours, please? 🥑"
6038,DSA,coding,"Lowkey, code for 30 minutes 🐛"
6039,Home Workout,workout,"Crush one set, no excuses 🔥"
6040,Text a Friend,social,"Hello hello, check on your people 🤝"
6041,Water Plants,plants,"Check your plants, bestie 🌱"
6042,Brisk Walk,walking,"No cap, walk for ten minutes 🚶"
6043,Read Novel,reading,Vibe check: pick up your book 🔖
6044,Iron Tablet,meds,Don't leave your vitamins on read ⏰
6045,Flashcards,studying,"Okay legend, review your flashcards 📝"
6046,3 Good Things,journaling,Jot down your thoughts rn 📓
6047,Assignment,studying,Plot twist: finish your assignment 🎓
6048,Shave,hygiene,"Hey, use mouthwash 🧼"
6049,Urge Control,nofap,"Stay disciplined, legend 👑"
6050,Healthy Snack,meal,Plot twist: add some protein 🍲
6051,Lunch,meal,You can't run on empty 🍲
6052,SIP,finance,"Ahem, save a little today 💸"
6053,NoFap,nofap,"Okay legend, go to the gym instead 👑"
6054,Write Thoughts,journaling,"Write in your journal, please? 💭"
6055,Call Parents,social,Your sign to call your family 📞
6056,Box Breathing,meditation,"Sit in silence, legend 🌿"
6057,Feel Good,mood,Your sign to log how you feel 💭
6058,Meal Prep,meal,"Not to nag, but add some protein 🍲"
6059,YouTube Video,creative,"Hello hello, write one paragraph 🎨"
6060,Gardening,plants,"Hello hello, check the soil 🪴"
6061,50 Pushups,workout,"Warm up and go, promise? 💪"
6062,Iron Clothes,chores,Vibe check: start the laundry 🧺
6063,Discipline Streak,nofap,Redirect your energy fr 🔒
6064,Shower,hygiene,"Wash your hands, just 5 min 🦷"
6065,Feed Cat,pets,"Walk your dog, please? 🐱"
6066,Stroll,walking,"Yo, walk for ten minutes 👟"
6067,Write Thoughts,journaling,"Reflect on today, promise? 📓"
6068,Habit,other,"Yo, get it done ⭐"
6069,Hair Serum,skincare,"Yo, apply moisturizer ✨"
6070,Push Day,workout,"Hello hello, train hard today 🥇"
6071,Feed Fish,pets,"Yo, give some cuddles 🐶"
6072,Read a Chapter,reading,Real talk: read ten pages 📖
6073,Chanting,prayer,Sit in prayer fr 🪔
6074,Namaz,prayer,Sit in prayer and slay 🙏
6075,Herb Garden,plants,Green thumb time 💦
6076,Lunch,meal,Friendly nudge: add some protein 🍲
6077,EMI,finance,"Skip one impulse buy, bestie 📈"
6078,Reset Sunday,chores,Dishes won't wash themselves 🧽
6079,Worship,prayer,"Do your pooja, superstar 🪔"
6080,No Doomscrolling,screen_break,"Go offline for a bit, no excuses 🔌"
6081,Vocab,practice,Quick one: do your lesson 🎵
6082,No Distractions,focus,"Write your to-do list, no excuses ⏳"
6083,Read News,reading,The next chapter misses you 🔖
6084,Declutter,chores,"Wipe the table, promise? 🧽"
6085,Top 3 Tasks,focus,Close extra tabs now ⏳
6086,Marathon Prep,running,"Psst, do a quick jog 💨"
6087,NoPorn,noporn,"Block that site, superstar 🚫"
6088,Inhaler,meds,Plot twist: take your capsule 💊
6089,Feed Bird,pets,"Feed your pet, legend 🐱"
6090,Vet Visit,pets,Fresh water for the furball 🐱
6091,B12,meds,"Take your dose, just 5 min ⏰"
6092,Unplug,screen_break,"Okay legend, blink and look away 👀"
6093,Sugar Free,quit,Protect your quit streak now 💚
6094,Breathing,meditation,Real talk: meditate for 5 minutes 🌿
6095,Repot Plant,plants,Trim dead leaves and slay 💦
6096,Dance Practice,practice,"Practice your scales, legend 🎵"
6097,Savings Goal,finance,"Review your spending, just 5 min 💸"
6098,Lunch,meal,"No cap, have lunch now 🍳"
6099,IMD,fasting,"Okay legend, sip some green tea 🥑"
6100,Wake Up Early,wake,Up already? 🐓
6101,Rise and Shine,wake,Sunrise > excuses 🐓
6102,Retention,nofap,Stay strong today - you got this 👑
6103,No Late Nights,sleep,"Hello hello, get some sleep 🛌"
6104,Lunch Walk,walking,"Walk for ten minutes, please? 🚶"
6105,Flowers,plants,"Hey, check your plants 🌱"
6106,Namaz,prayer,Quick one: read a few verses 🕊
6107,No Porn,noporn,Swap the scroll for a stroll 🧠
6108,Dishes,chores,Friendly nudge: sweep the floor 🧺
6109,Breathing,meditation,"Yo, try a body scan 🌿"
6110,Text a Friend,social,"Psst, call your family 🤝"
6111,Plank,workout,POV: you show up and lift 🥇
6112,Less Caffeine,quit,You + sobriety = iconic 🌿
6113,Shave,hygiene,Real talk: take a cold shower 🧼
6114,Celibacy,nofap,Stay disciplined now 🔒
6115,Scalp Care,skincare,"Hey bestie, oil your hair 🌸"
6116,Drink 8 Glasses,hydration,Plot twist: refill your bottle 💧
6117,H2O,hydration,POV: you fill up your bottle 🥤
6118,Sleep Early,sleep,"Lowkey, leave your phone outside 🛌"
6119,Check In,mood,"Lowkey, log how you feel 💭"
6120,Repot Plant,plants,Breaking news: give them water 🌱
6121,Abs,workout,"Hey, train hard today 🔥"
6122,Daily Goal,other,"Get it done, bestie ⭐"
6123,Rent,finance,Skip one impulse buy rn 📈
6124,Feed Dog,pets,"Lowkey, give some cuddles 🐶"
6125,50 Pushups,workout,Crush one set today 💪
6126,Plant Care,plants,"Leaf it to you, champ 💦"
6127,Cook Dinner,meal,Small win: grab some fruit 🥗
6128,Unplug,screen_break,Your sign to rest your eyes 👀
6129,Temple Visit,prayer,"Hey bestie, do your pooja 🕊"
6130,Guitar Practice,practice,"Practice now, perform later 🎸"
6131,Read News,reading,Your book needs you now 🔖
6132,Semester Prep,studying,Future you says: open your notes 📚
6133,Groom Pet,pets,Play with your pet and slay 🐶
6134,Learn Korean,practice,Vibe check: speak out loud 🎵
6135,Less Reels,screen_break,"Hello hello, keep your phone aside 👀"
6136,Design Practice,creative,Idea brewing? 💡
6137,Breathing,meditation,Real talk: be present 🌿
6138,Serum,skincare,Massage your scalp today 🧴
6139,Flowers,plants,Repot one plant fr 💦
6140,Reminder,other,"Start for 5 minutes, legend ✅"
6141,Practice Habit,other,Plot twist: keep your streak ⭐
6142,20-20-20,screen_break,Reels are a trap 📵
6143,Bible Reading,prayer,"No cap, sit in prayer 🕊"
6144,3L Water,hydration,Glow starts with a glass 🚰
6145,Daily Goal,other,"Hey, complete your goal ✅"
6146,Sun Salutation,stretching,Stretch your back rn 🤸
6147,No Smoking,quit,"Breathe through the craving, legend 💚"
6148,Hydration,hydration,"Hydrate now, legend 💧"
6149,Plan the Day,focus,Your sign to work for 25 minutes 🔕
6150,Call Mom,social,"Call someone you love, superstar 💬"
6151,Write Thoughts,journaling,Best part of today? 📝
6152,Worship,prayer,"Yo, light the lamp 🪔"
6153,Nicotine Free,quit,"No cap, skip it today 🚭"
6154,Read Novel,reading,Friendly nudge: read before bed 🔖
6155,Lights Off,sleep,Real talk: dim the lights 🛌
6156,Call Parents,social,Reminder: check on a friend 🤝
6157,Protein Intake,meal,Prep a healthy meal rn 🍲
6158,Bath,hygiene,Shower time? 🪥
6159,No Nut,nofap,"No cap, stay busy today 🧠"
6160,Reflect,journaling,Not a drill: gratitude time 💭
6161,Plan the Day,focus,POV: you clear your inbox 🔕
6162,Date Night,social,Check on your people now 📞
6163,Plan the Day,focus,"Silence your phone, just 5 min ⏳"
6164,Herb Garden,plants,"Lowkey, repot one plant 💦"
6165,Celibacy,nofap,"Hello hello, do 20 pushups instead 🔒"
6166,Mood Log,mood,POV: you write one feeling 💭
6167,Yoga,stretching,Do some yoga - you got this 🧘
6168,Vocab,practice,POV: you pick up your instrument 🎵
6169,Drums,practice,"Psst, keep your Duolingo streak 🌍"
6170,Chanting,prayer,"Ahem, sit in prayer 🙏"
6171,Learn Korean,practice,Small win: practice your scales 🎸
6172,Lunch,meal,Eat your breakfast now 🍲
6173,Porn Free,noporn,"Not to nag, but delete the trigger 🌱"
6174,Podcast,creative,Friendly nudge: work on your project 💡
6175,Evening Run,running,Real talk: go for a short run 💨
6176,Kindle,reading,Plot twist: finish a chapter 🔖
6177,Pilates,stretching,"No cap, loosen your shoulders 🤸"
6178,Therapy Notes,mood,"Psst, log how you feel 🫶"
6179,Coding,coding,Open your IDE today 💻
6180,Keto,fasting,Stay in the fast fr 🕐
6181,Lecture Review,studying,"Solve a mock test, superstar 📝"
6182,Doodle,creative,Reminder: draw something small 🎬
6183,Hydration,hydration,Take five sips fr 🚰
6184,100 Days of Code,coding,"Hey bestie, code for 30 minutes 💻"
6185,Porn Free,noporn,"Go outside for a bit, no excuses 🚫"
6186,GitHub Commit,coding,"Psst, write one function 🚀"
6187,Learn Spanish,practice,POV: you finish one lesson 🎸
6188,Bath,hygiene,"Psst, wash your hands 🪥"
6189,Clean Mind,noporn,"Close that tab, please? 🚫"
6190,Grooming,hygiene,"No cap, use mouthwash 🧼"
6191,Retinol,skincare,The mirror is waiting ✨
6192,Namaz,prayer,"Chant your mantra, promise? 🕊"
6193,Violin,practice,"Learn five new words, no excuses 🎵"
6194,Evening Walk,walking,"Lowkey, walk for ten minutes 🚶"
6195,Call Family,social,Reminder: send a voice note 🤝
6196,Craft,creative,POV: you pick up your brush 🎬
6197,Early Riser,wake,Reminder: skip the snooze 🐓
6198,Hike,walking,Hit your step goal rn 🌳
6199,No Social Media,screen_break,Real talk: look out the window 🔌
6200,Wake Up,wake,Future you says: start your morning 🐓
6201,Organize Desk,chores,Dishes waiting? 🧺
6202,Pay Bills,finance,Review your spending today 💸
6203,IMD Diet,fasting,POV: you stay in the fast 🕐
6204,Bedtime,sleep,"Okay legend, say good night 🛌"
6205,Reminder,other,POV: you start for 5 minutes ⭐
6206,Push Day,workout,"Lift something heavy, promise? 💪"
6207,Side Project,coding,"No cap, push a commit 💻"
6208,Laundry,chores,"Wipe the table, legend 🧽"
6209,SAT Prep,studying,"Revise one topic, bestie 📚"
6210,Morning Prayer,prayer,"Read a few verses, superstar 🪔"
6211,Design Practice,creative,Breaking news: draw something small 💡
6212,Personal Goal,other,"Okay legend, get it done 🙌"
6213,Eat Fruit,meal,Quick one: eat a proper dinner 🥗
6214,Catch Up,social,Plot twist: text a friend 📞
6215,Intermittent Fasting,fasting,Autophagy is doing its thing 🍵
6216,Design Practice,creative,Brainstorm one idea rn 🎬
6217,Practice Habit,other,"Complete your goal, please? ✅"
6218,Check In,mood,Gentle reminder: rate your day 🫶
6219,Rent,finance,"Note today's spending, please? 📈"
6220,Morning Prayer,prayer,"Hey, sit in prayer 🙏"
6221,No Junk,quit,Say no today fr 🚭
6222,Hair Serum,skincare,Glow mode: ON 🌸
6223,5AM Club,wake,"Lowkey, turn off the alarm ⏰"
6224,Evening Run,running,"No cap, go for a run 💨"
6225,Play with Dog,pets,"Feed your dog, no cap 🐶"
6226,Drink 8 Glasses,hydration,"Fill up your bottle, promise? 🚰"
6227,Breathing,meditation,"Yo, close your eyes and breathe 🧘"
6228,Flexibility,stretching,"Ahem, hold child's pose 🧘"
6229,Sugar Free,quit,Real talk: wait out the craving 🚭
6230,Quit Porn,noporn,Turn on your blocker now 🧠
6231,Plant Care,plants,"Repot one plant, no excuses 💦"
6232,Shave,hygiene,Friendly nudge: take a shower 🪥
6233,Clean Room,chores,"Start the laundry, please? 🧹"
6234,IMD Diet,fasting,Your sign to hold your fast 🥑
6235,Marathon Prep,running,"Morning miles, happy smiles 💨"
6236,Vitamin D3,meds,Reminder: take your medicine ⏰
6237,Morning Workout,workout,Gentle reminder: do a quick workout 🥇
6238,Porn Free,noporn,"Psst, stay clean today 🧠"
6239,Speak English,practice,"No cap, learn five new words 🌍"
6240,Jogging,running,Outrun your excuses 👟
6241,Feel Good,mood,"Log how you feel, promise? 🫶"
6242,Eye Break,screen_break,"Okay legend, rest your eyes 👀"
6243,Call Grandma,social,"Plan a catch up, bestie 🤝"
6244,No Distractions,focus,Focus for 25 minutes today 🎯
6245,Kotlin Practice,coding,"Okay legend, write some code 🚀"
6246,Night Routine,skincare,"Apply moisturizer, just 5 min 🌸"
6247,Plant Care,plants,"Lowkey, turn your pots 🪴"
6248,Pullups,workout,Vibe check: start your workout 🔥
6249,Self Help Book,reading,"Hey bestie, read five pages 📚"
6250,LeetCode,coding,"Push a commit, no excuses 🐛"
6251,Cardio,workout,Your muscles miss you 🔥
6252,Call Grandparents,social,Small win: call your family 💬
6253,Push Day,workout,Do 20 pushups now 💪
6254,Chest Day,workout,"Beast mode, activate 🥇"
6255,2L Water,hydration,"Yo, fill up your bottle 🥤"
6256,Singing,practice,"Psst, learn one new phrase 🌍"
6257,Low Carb,fasting,Keep the kitchen closed today 🕐
6258,20:4 Fast,fasting,"Your sign to drink water, not snacks 🕐"
6259,Reply Messages,social,"Lowkey, call your family 💬"
6260,No PMO,nofap,"Psst, lock the phone, step out 🧠"
6261,Walk Dog,pets,"Play with your pet, please? 🐾"
6262,Water,hydration,"Yo, take five sips 💧"
6263,Fasting,fasting,"Keep the kitchen closed, legend 🕐"
6264,Feel Good,mood,Rate your day today 🌈
6265,Multivitamin,meds,"Hey bestie, pop your supplement 💊"
6266,Quit Vaping,quit,Your heart is healing 🚭
6267,No PMO,nofap,Future you says: try a cold shower 👑
6268,Intermittent Fasting,fasting,"Okay legend, skip the late snack 🍵"
6269,Vocab,practice,Vibe check: practice your scales 🌍
6270,Stroll,walking,"Walk for ten minutes, legend 🌳"
6271,Tulsi,plants,Trim dead leaves today 🌱
6272,HIIT,workout,"Yo, crush one set 💪"
6273,Litter Box,pets,"Fill the water bowl, promise? 🐶"
6274,No NSFW,noporn,Reminder: delete the trigger 🌱
6275,Early Riser,wake,Future you says: get up now 🌅
6276,Craft,creative,Work on your project fr 💡
6277,Pet Care,pets,Clean the litter box today 🐶
6278,Workout,workout,Hold a plank now 🔥
6279,Debug,coding,"Hey, write one function 🚀"
6280,Pet Care,pets,POV: you take the dog out 🐾
6281,No Soda,quit,Breathe through the craving and slay 🚭
6282,Water Bottle,hydration,Future you says: sip some water 💧
6283,Brush Teeth,hygiene,Reminder: brush your teeth 🦷
6284,Yoga,stretching,"Roll your neck, please? 🤸"
6285,Work Block,focus,"Hey bestie, write your to-do list 🎯"
6286,Feed Fish,pets,Clean the litter box now 🐾
6287,Steps Goal,walking,"Step outside, no excuses 🌳"
6288,Workout,workout,"Hit the gym, superstar 💪"
6289,Evening Stretch,stretching,"Hello hello, stretch your back 🧘"
6290,Japanese,practice,Small win: keep your Duolingo streak 🎸
6291,Warm Water,hydration,Real talk: refill your bottle 💧
6292,Water Goal,hydration,Finish that bottle rn 🚰
6293,My Task,other,"Psst, finish it today ⭐"
6294,Park Walk,walking,Take a quick walk and slay 🚶
6295,Budget,finance,Plot twist: check your budget 💰
6296,Do The Thing,other,"Yo, finish your task ⭐"
6297,Read Before Bed,reading,"Not to nag, but continue your story 📚"
6298,Office Work,focus,"Hey bestie, block your calendar 🔕"
6299,Top 3 Tasks,focus,Reminder: silence your phone ⏳
6300,Water Bottle,hydration,Grab a glass now 🚰
6301,No Phone,screen_break,"Ahem, lock your phone for a bit 🔌"
6302,Pills,meds,Gentle reminder: take your dose ⏰
6303,To-Do List,focus,"Silence your phone, no excuses ⏳"
6304,Read News,reading,Plot twist: read one chapter 🔖
6305,Gurbani,prayer,Say your prayers now 🕊
6306,No Nut,nofap,"Stay disciplined, no excuses 🧠"
6307,Water Goal,hydration,Friendly nudge: take a big sip 💧
6308,Check List,other,Vibe check: do it now ⭐
6309,Stroll,walking,"Walk around the block, superstar 🚶"
6310,Audiobook,reading,"Hey bestie, pick up your book 📚"
6311,Groceries,chores,Vibe check: clean your desk 🧽
6312,Plan the Day,focus,"Big goals, tiny steps 🎯"
6313,B12,meds,Take your pills fr ⏰
6314,Gurbani,prayer,Okay but faith? 🙏
6315,Clear Emails,focus,"Focus now, freedom later 🎯"
6316,Moisturize,skincare,"Hey, massage your scalp ✨"
6317,Calisthenics,workout,Your sign to move that body 🔥
6318,Personal Goal,other,Quick one: start for 5 minutes ✅
6319,Reply Messages,social,Future you says: reply to messages 💬
6320,No Snooze,wake,Plot twist: put your feet down ⏰
6321,Vocab,practice,"Practice your scales, superstar 🎵"
6322,No Spend Day,finance,"Pay your bills, bestie 💸"
6323,Quit Vaping,quit,Sober and shining 💚
6324,Feed Fish,pets,Food bowl era starts now 🐾
6325,Digital Purity,noporn,"Not to nag, but stay free today 🌱"
6326,Text a Friend,social,"Text a friend, just 5 min 🤝"
6327,Sleep Early,sleep,Start winding down and slay 🛌
6328,Plant Care,plants,Don't ghost the garden 💦
6329,Gratitude,journaling,"Write one page, superstar 📓"
6330,Healthy Snack,meal,Plot twist: eat your breakfast 🍳
6331,Screen Break,screen_break,Breaking news: go offline for a bit 🔌
6332,Couch to 5K,running,Vibe check: lace up and run 🏃
6333,Keto,fasting,Real talk: stick to your diet 🕐
6334,Iron Tablet,meds,POV: you take your medicine 💊
6335,Gratitude List,journaling,POV: you write your affirmations 💭
6336,Hydrate,hydration,Gentle reminder: chug some water 💧
6337,Iron Tablet,meds,Quick one: take your medicine ⏰
6338,Meditation,meditation,"Yo, focus on your breath 🌿"
6339,Pullups,workout,Reminder: do 20 pushups 🔥
6340,Plant Care,plants,"Mist your plants, superstar 🪴"
6341,Healthy Meal,meal,Small win: have lunch now 🍲
6342,Evening Run,running,Reminder: go for a short run 💨
6343,Screen Break,screen_break,"Lowkey, close the reels 📵"
6344,Wind Down,sleep,Switch off the lights and slay 🛌
6345,No Junk,quit,"Ahem, say no today 🌿"
6346,UPSC Prep,studying,Real talk: revise yesterday's notes 🎓
6347,Discipline Streak,nofap,"Hey bestie, do 20 pushups instead 🔒"
6348,Thyroid Tablet,meds,Plot twist: take your tablet ⏰
6349,Flexibility,stretching,Roll your neck fr 🤸
6350,To-Do List,focus,Reminder: work for 25 minutes ⏳
6351,Daily Goal,other,"Ahem, make progress today ✅"
6352,Intermittent Fasting,fasting,"Keep the kitchen closed, please? 🍵"
6353,No Phone,screen_break,Unplug for ten 👀
6354,N2,nofap,Discipline builds kings 🧠
6355,No Porn,noporn,Turn on your blocker fr 🧠
6356,Digital Purity,noporn,Breaking news: stay clean today 🚫
6357,16:8 Fasting,fasting,"Log your fasting hours, promise? 🍵"
6358,Edit Video,creative,Vibe check: make something new 💡
6359,Mental Health Check,mood,Reminder: write one feeling 💭
6360,5AM Club,wake,Splash some water and slay 🌅
6361,Clear Emails,focus,Quick one: start a focus block ⏳
6362,Pilates,stretching,"Okay legend, loosen your shoulders 🤸"
6363,Pills,meds,Future you says: take your tablet ⏰
6364,Electrolytes,hydration,Have some water and slay 💧
6365,Trek,walking,"Leave the phone, take the path 👟"
6366,Call Grandma,social,"Check on your people, no excuses 📞"
6367,Call Mom,social,"Okay legend, plan a catch up 📞"
6368,Kindle,reading,POV: you pick up your book 🔖
6369,Treadmill Run,running,Main character move: hit the track 🏃
6370,Lunch,meal,Add some veggies rn 🍲
6371,Vitamin D3,meds,Don't skip the small stuff 💊
6372,Healthy Meal,meal,"Ahem, fuel your body 🍲"
6373,Inhaler,meds,Friendly nudge: check your meds ⏰
6374,3 Good Things,journaling,Vibe check: write a brain dump 📝
6375,3 Good Things,journaling,"Reflect on today, superstar 📝"
6376,No Porn,noporn,"Splash cold water, superstar 🌱"
6377,Hike,walking,"Go for a walk, promise? 👟"
6378,Less TikTok,screen_break,"Not to nag, but close the reels 👀"
6379,Homework,studying,Breaking news: revise one topic 📚
6380,Early Riser,wake,Main character move: get up now ⏰
6381,Walk 30 Min,walking,Small win: step outside 👟
6382,Walk 30 Min,walking,"Ten minutes, big difference 🌳"
6383,Intermittent Fasting,fasting,Sip some green tea and slay 🕐
6384,Mood Check,mood,Need a break? 💭
6385,Water,hydration,Plants drink more than you 💧
6386,Mouthwash,hygiene,"Ahem, take a cold shower 🧼"
6387,BP Tablet,meds,"Pop your supplement, legend ⏰"
6388,Violin,practice,"Play your scales, superstar 🌍"
6389,Rise and Shine,wake,"Not to nag, but skip the snooze ⏰"
6390,Kindle,reading,Plot twist: read ten pages 📚
6391,3 Good Things,journaling,"Yo, write your affirmations 💭"
6392,Warm Water,hydration,"Water first, coffee later 💧"
6393,Chanting,prayer,"Ahem, light the lamp 🪔"
6394,BP Tablet,meds,Take your medicine now 💊
6395,No Snooze,wake,"Lowkey, wake up now 🌅"
6396,Walk 30 Min,walking,Steps don't take themselves 🌳
6397,5AM Club,wake,"Start your morning, bestie 🐓"
6398,3L Water,hydration,Drink some water fr 🥤
6399,Eat Breakfast,meal,"Eat slowly today, no excuses 🍳"
6400,8 Hours Sleep,sleep,Your brain needs a reboot 🛌
6401,Flexibility,stretching,Reminder: stretch for 5 minutes 🧘
6402,Pranayama,meditation,Friendly nudge: find your calm 🍃
6403,N2,nofap,"Stay focused, king 🔒"
6404,Jog,running,"Psst, go for a short run 👟"
6405,Goal,other,Don't break the chain ⭐
6406,Read a Chapter,reading,Quick one: read for 15 minutes 🔖
6407,Check List,other,"Hello hello, show up today 🙌"
6408,Lunch Walk,walking,Go for a walk and slay 🚶
6409,Work Block,focus,Quick one: finish one task 🔕
6410,No NSFW,noporn,Reminder: call a friend instead 🧠
6411,Pranayama,meditation,Reminder: focus on your breath 🧘
6412,Text a Friend,social,"Hello hello, call your family 📞"
6413,Mindfulness,meditation,"Sit and breathe, no excuses 🍃"
6414,BP Tablet,meds,"Okay legend, take today's dose 💊"
6415,Wake Up Early,wake,"Lowkey, rise and shine 🌅"
6416,Dance Practice,practice,"Learn five new words, superstar 🌍"
6417,Repot Plant,plants,"Repot one plant, bestie 🪴"
6418,Box Breathing,meditation,Try a body scan today 🍃
6419,Minoxidil,skincare,Your skin is calling 🌸
6420,Pranayama,meditation,"Do box breathing, bestie 🍃"
6421,Pomodoro,focus,"Close extra tabs, legend 🔕"
6422,Quit Smoking,quit,Pass on the drink and slay 🌿
6423,EMI,finance,"Note today's spending, just 5 min 💰"
6424,Wake at 6,wake,"Rise and shine, just 5 min ⏰"
6425,Plan the Day,focus,Real talk: write your to-do list 🎯
6426,Reset Sunday,chores,"Okay legend, tidy up for 10 minutes 🧽"
6427,Sugar Free,quit,Your sign to chew gum instead 💚
6428,Digital Purity,noporn,Reminder: go outside for a bit 🚫
6429,Digital Detox,screen_break,"Take a screen break, promise? 📵"
6430,Practice Habit,other,Small win: finish your task 🙌
6431,Track Expenses,finance,Okay but savings? 📈
6432,Prayer,prayer,"Light a candle, no cap 🙏"
6433,Mouthwash,hygiene,Freshen up rn 🦷
6434,Self Help Book,reading,"Hello hello, read for 15 minutes 📖"
6435,Morning Pages,journaling,"No cap, reflect on today 📝"
6436,Cut Nails,hygiene,Wash your hands rn 🦷
6437,Write Thoughts,journaling,"Write one page, just 5 min 📓"
6438,Breathwork,meditation,Be here now 🍃
6439,Water Goal,hydration,"Chug some water, no excuses 🚰"
6440,Wake at 6,wake,"Hello hello, skip the snooze 🐓"
6441,Draw,creative,Real talk: brainstorm one idea 🎬
6442,Cold Shower,hygiene,"Yo, trim your nails 🦷"
6443,Content Creation,creative,Blank page? Fill it 🎨
6444,Gratitude List,journaling,"Write your affirmations, superstar 📓"
6445,Early to Bed,sleep,"Hey bestie, sleep on time 🛌"
6446,Box Breathing,meditation,"Ahem, breathe slowly for a minute 🧘"
6447,Check Bank,finance,Update your budget fr 💸
6448,Eat Veggies,meal,Breaking news: eat a proper dinner 🍲
6449,Flashcards,studying,Solve a mock test fr 📚
6450,No Junk,quit,"Choose the healthy swap, just 5 min 🌿"
6451,Morning Run,running,Breaking news: warm up and jog 🏃
6452,Make Bed,chores,Take out the trash rn 🧽
6453,Neck Stretch,stretching,Joints need love too 🧘
6454,LeetCode,coding,"Fix one bug, no excuses 💻"
6455,10k Steps,walking,Your sign to go for a walk 👟
6456,Exam Prep,studying,Open your notes and slay 📚
6457,Calisthenics,workout,The dumbbells are lonely 🔥
6458,Retinol,skincare,"Sun's out, SPF on 🌸"
6459,Practice Habit,other,"Get it done, promise? ⭐"
6460,Porn Free,noporn,"Go outside for a bit, promise? 🧠"
6461,Kotlin Practice,coding,Reminder: finish one feature 🚀
6462,No Alcohol,quit,"Skip it today, superstar 💚"
6463,Retention,nofap,"Leave your room, legend 🔒"
6464,No Soda,quit,Your sign to choose the healthy swap 🌿
6465,Hair Oil,skincare,"Yo, wash your face ✨"
6466,Healthy Snack,meal,"Eat a proper dinner, please? 🍲"
6467,Grooming,hygiene,"Hello hello, floss tonight 🦷"
6468,NoFap,nofap,Leave your room and slay 🧠
6469,No Soda,quit,"Habit broken, life open 🌿"
6470,French,practice,"Not to nag, but speak out loud 🌍"
6471,Budget,finance,"Hello hello, check your accounts 💸"
6472,Mental Health Check,mood,Main character move: check your mood 🌈
6473,SPF,skincare,Moisturize now - you got this 🌸
6474,B12,meds,"Take your medicine, no excuses ⏰"
6475,Gym,workout,"Psst, show up and lift 💪"
6476,Worship,prayer,"Okay legend, light a candle 🙏"
6477,Neck Stretch,stretching,Unknot your shoulders 🧘
6478,Lunch Walk,walking,Breaking news: take the stairs 🌳
6479,Sunscreen,skincare,Oil your hair fr ✨
6480,Rise and Shine,wake,"No cap, get up now ⏰"
6481,No Doomscrolling,screen_break,"Hello hello, put your phone away 📵"
6482,Flashcards,studying,Your sign to revise one topic 📝
6483,Jogging,running,Run like the WiFi is ahead 💨
6484,Worship,prayer,You + faith = iconic 🙏
6485,Affirmations,journaling,Note to self: write 💭
6486,Inhaler,meds,"Not to nag, but take your medicine 💊"
6487,Speak English,practice,Practice era starts now 🎵
6488,Reflect,journaling,"No cap, write a brain dump 💭"
6489,Drums,practice,Practice your scales - you got this 🎸
6490,Affirmations,journaling,"List three good things, superstar 📓"
6491,Flowers,plants,Plot twist: check your plants 🌱
6492,Meditate,meditation,Vibe check: sit in silence 🌿
6493,Mindfulness,meditation,Quick one: find your calm 🧘
6494,Multivitamin,meds,Your sign to take your medicine ⏰
6495,5000 Steps,walking,Quick one: stretch your legs 🌳
6496,Cook Dinner,meal,"Food first, scroll later 🥗"
6497,Typing Practice,practice,"Keep your Duolingo streak, legend 🌍"
6498,Flexibility,stretching,Real talk: do a forward fold 🤸
6499,Check Bank,finance,Bills paid? 💰
6500,Codeforces,coding,Reminder: solve one problem 🐛
6501,Quit Vaping,quit,Quick one: choose the healthy swap 🚭
6502,IMD,fasting,The fast is fast-ing 🥑
6503,Laundry,chores,Don't leave a clean home on read 🧽
6504,Meditation,meditation,Small win: take ten deep breaths 🌿
6505,Speak English,practice,"Finish one lesson, no excuses 🌍"
6506,Gardening,plants,Quick one: feed your plants 🪴
6507,Reset Sunday,chores,"Wipe the table, no excuses 🧺"
6508,Organize Desk,chores,"Sweep the floor, bestie 🧺"
6509,Podcast,creative,Plot twist: edit your video 🎬
6510,Read 10 Pages,reading,Your sign to open your book 📖
6511,Laundry,chores,"Start the laundry, no cap 🧹"
6512,My Task,other,"Finish it today, bestie ⭐"
6513,Herb Garden,plants,Garden time? 🪴
6514,Pay Bills,finance,Quick one: check your budget 💸
6515,Urge Control,nofap,Real talk: stay busy today 🧠
6516,Litter Box,pets,Play with your pet today 🐶
6517,LeetCode,coding,Arrays won't sort themselves 🐛
6518,Refill Bottle,hydration,Friendly nudge: hydrate now 💧
6519,GATE Prep,studying,"Yo, open your notes 📚"
6520,Notes,studying,"Okay legend, make your notes 🎓"
6521,No PMO,nofap,Future you is watching 🧠
6522,Vacuum,chores,Your sign to do the dishes 🧽
6523,No Porn,noporn,Not a drill: freedom time 🧠
6524,Affirmations,journaling,"Not to nag, but fill today's page 💭"
6525,Read Before Bed,reading,"Hey, read one chapter 📚"
6526,Write Thoughts,journaling,Your thoughts deserve paper 📓
6527,Feed Cat,pets,Friendly nudge: play with your pet 🐱
6528,Night Routine,skincare,Plot twist: oil your hair 🧴
6529,Breathwork,meditation,Real talk: do box breathing 🌿
6530,Sober,quit,"No cap, breathe through the craving 🌿"
6531,Pilates,stretching,"Lowkey, stretch your back 🤸"
6532,Wake Up Early,wake,Start your morning now 🐓
6533,Flowers,plants,The garden is calling 🌱
6534,Pooja,prayer,Sit in prayer rn 🕊
6535,Side Project,coding,"Okay legend, write one function 🚀"
6536,Morning Pill,meds,Your health has a reminder ⏰
6537,Semester Prep,studying,"Yo, study for 25 minutes 🎓"
6538,Screen Break,screen_break,Eyes tired? 👀
6539,No Sugar,quit,Plot twist: skip the smoke break 🚭
6540,Wake at 6,wake,Splash some water rn ⏰
6541,No NSFW,noporn,Block that site rn 🧠
6542,GATE Prep,studying,Your notes needs you now 📝
6543,Sunscreen,skincare,"Finish your routine, just 5 min 🌸"
6544,Debug,coding,Reminder: practice one algorithm 🐛
6545,Abs,workout,"Crush one set, superstar 🥇"
6546,No Nut,nofap,Redirect that energy 👑
6547,Brisk Walk,walking,Walk for ten minutes rn 🌳
6548,Abs,workout,"Okay legend, start your workout 💪"
6549,SIP,finance,Gentle reminder: check your accounts 📈
6550,Night Routine,skincare,Future you says: massage your scalp 🧴
6551,No Soda,quit,Proud of every clean day 🚭
6552,Hydrate,hydration,"Hey bestie, fill up your bottle 🚰"
6553,Workout,workout,Do a quick workout and slay 🥇
6554,No Distractions,focus,Your to-do list needs you now 🎯
6555,Pilates,stretching,"Fix your posture, please? 🧘"
6556,Quit Porn,noporn,"Hey bestie, turn on your blocker 🚫"
6557,Chess Puzzle,practice,Reminder: practice for 15 minutes 🎵
6558,Succulents,plants,Small win: water your plants 💦
6559,Mock Test,studying,Small win: study for 25 minutes 🎓
6560,Edit Video,creative,"Pick up your brush, please? 🎬"
6561,Eat On Time,meal,Your sign to add some protein 🍳
6562,Retention,nofap,Reminder: protect your streak 🧠
6563,Self Control,nofap,Friendly nudge: stay disciplined 🧠
6564,SIP,finance,"Wallet check, quick one 💰"
6565,Gardening,plants,Your sign to feed your plants 🌱
6566,Hike,walking,"Lace up and walk, no excuses 👟"
6567,Box Breathing,meditation,Plot twist: sit and breathe 🧘
6568,Clear Emails,focus,"Yo, write your to-do list 🔕"
6569,Craft,creative,Paint your mood 🎬
6570,No NSFW,noporn,Vibe check: turn on your blocker 🧠
6571,Less Reels,screen_break,"Blink and look away, just 5 min 📵"
6572,Dishes,chores,"Clean space, clear mind 🧺"
6573,Groom Pet,pets,"Give some cuddles, legend 🐾"
6574,Meditate,meditation,"No cap, meditate for 5 minutes 🧘"
6575,No NSFW,noporn,Stay free today and slay 🚫
6576,Learn Korean,practice,POV: you learn five new words 🌍
6577,Ukulele,practice,Real talk: do your lesson 🌍
6578,Practice Habit,other,Your streak is calling 🙌
6579,Craft,creative,"Write for ten minutes, superstar 🎬"
6580,Early Riser,wake,Reminder: turn off the alarm 🌅
6581,Reply Messages,social,"Call your mom, promise? 🤝"
6582,Keto,fasting,"Hold your fast, legend 🥑"
6583,Coding,coding,"Refactor one file, just 5 min 🐛"
6584,Practice Habit,other,"Tick it off, superstar 🙌"
6585,Call Grandma,social,Reminder: reply to messages 💬
6586,Web Dev,coding,"Lowkey, solve a LeetCode problem 💻"
6587,Clean Room,chores,Gentle reminder: clean your desk 🧺
6588,100 Days of Code,coding,"Hey bestie, refactor one file 🚀"
6589,Self Care,mood,"Log how you feel, superstar 🫶"
6590,Reading,reading,"Open your book, no cap 📚"
6591,B12,meds,Your sign to take it with water ⏰
6592,Wake Up Early,wake,Vibe check: rise and shine 🐓
6593,Habit,other,Real talk: tick this off 🙌
6594,Exercise,workout,Your sign to hit the gym 🥇
6595,EMI,finance,Real talk: review your spending 💸
6596,5AM Club,wake,"Leave your bed, superstar 🐓"
6597,Lunch,meal,"Hey, add some protein 🥗"
6598,Hike,walking,"Yo, go around the park 🌳"
6599,50 Pushups,workout,"Crush it, then brag 🔥"
6600,Jog,running,"Hey bestie, go for a short run 🏃"
6601,Post-dinner Walk,walking,Your step count is shy 👟
6602,Call Parents,social,"Hello hello, message a friend 🤝"
6603,Call Family,social,Reply to messages fr 🤝
6604,Laundry,chores,Clean your desk fr 🧽
6605,EMI,finance,Gentle reminder: check your budget 💸
6606,Strength Training,workout,Future you says: hit the gym 💪
6607,Catch Up,social,Check on your people fr 💬
6608,EMI,finance,"Hey bestie, note today's spending 💸"
6609,Water Bottle,hydration,POV: you take five sips 🥤
6610,Repot Plant,plants,Keep the green alive 💦
6611,Write Thoughts,journaling,Fill today's page and slay 📝
6612,Do The Thing,other,Gentle reminder: start for 5 minutes 🙌
6613,Duolingo,practice,Lesson time? 🌍
6614,Pay Bills,finance,"Not to nag, but check your SIP 📈"
6615,Morning Water,hydration,Drink a glass of water today 🥤
6616,Water,hydration,Take a big sip fr 🚰
6617,Practice Habit,other,"Little by little, a lot ✅"
6618,Declutter,chores,Load the washing machine and slay 🧽
6619,Side Project,coding,Open your IDE fr 🐛
6620,N2,nofap,"Redirect your energy, no cap 👑"
6621,Self Control,nofap,Plot twist: try a cold shower 🔒
6622,Eat Fruit,meal,Breaking news: add some protein 🥗
6623,Inbox Zero,focus,Eat the frog today ⏳
6624,Wind Down,sleep,Plot twist: say good night 🌙
6625,Flowers,plants,"Hey bestie, repot one plant 🌱"
6626,Box Breathing,meditation,"Not to nag, but be present 🍃"
6627,No Alcohol,quit,"Protect your quit streak, superstar 💚"
6628,No Sugar,quit,Reminder: wait ten minutes first 🚭
6629,Porn Free,noporn,Choose real over pixels 🧠
6630,5000 Steps,walking,"Hello hello, go for a walk 🚶"
6631,GATE Prep,studying,"Solve a mock test, please? 🎓"
6632,Bath,hygiene,"Two minutes, then bed 🧼"
6633,Work Block,focus,Okay but your to-do list? ⏳
6634,Call Family,social,Main character move: plan a catch up 📞
6635,Painting,creative,POV: you write for ten minutes 🎨
6636,Call Dad,social,"Call your family, bestie 🤝"
6637,Sleep by 11,sleep,"Not to nag, but go to bed 🛌"
6638,Couch to 5K,running,Jog for 15 minutes and slay 👟
6639,Self Control,nofap,Control is the flex 🧠
6640,Unplug,screen_break,Don't ghost your phone 🔌
6641,YouTube Video,creative,Sketch for 10 minutes now 🎬
6642,5AM Club,wake,Small win: skip the snooze 🐓
6643,Early to Bed,sleep,Bedtime o'clock! 😴
6644,Steps Goal,walking,POV: you step outside 🚶
6645,Namaz,prayer,Your sign to read a few verses 🙏
6646,Exam Prep,studying,"Study time first, scroll later 🎓"
6647,Clean Mind,noporn,Quick one: delete the trigger 🌱
6648,Meditation,meditation,"Hello hello, sit in silence 🍃"
6649,Glow Routine,skincare,"Do your skincare, bestie 🧴"
6650,Deep Work,focus,"Lowkey, write your to-do list ⏳"
6651,LeetCode,coding,"Open your IDE, legend 🚀"
6652,Check List,other,"Okay legend, complete your goal 🙌"
6653,Savings Goal,finance,"Yo, check your budget 💰"
6654,Box Breathing,meditation,Friendly nudge: try a body scan 🌿
6655,Neck Stretch,stretching,Okay but your mat? 🧘
6656,Pilates,stretching,"Loosen your shoulders, promise? 🤸"
6657,Check List,other,"Not to nag, but show up today ✅"
6658,Eye Break,screen_break,"Go offline for a bit, legend 👀"
6659,Eat Fruit,meal,"Add some protein, legend 🍲"
6660,Clean Mind,noporn,"No cap, close that tab 🧠"
6661,Flexibility,stretching,Your sign to stretch for 5 minutes 🤸
6662,Sun Salutation,stretching,Roll out your mat rn 🧘
6663,Vet Visit,pets,"Refill the food bowl, promise? 🐾"
6664,Jogging,running,Warm up and jog today 👟
6665,Screen Break,screen_break,"Switch off notifications, no excuses 👀"
6666,Pills,meds,Main character move: take your pills 💊
6667,Sleep Early,sleep,Recharge mode: ON 🛌
6668,Retention,nofap,Gentle reminder: stay strong today 🧠
6669,No NSFW,noporn,Vibe check: delete the trigger 🌱
6670,5AM Club,wake,Get out of bed now 🐓
6671,Brush Teeth,hygiene,Take a cold shower fr 🧼
6672,Read Novel,reading,"Hey, move your bookmark 📚"
6673,Insulin,meds,Vibe check: take your capsule 💊
6674,Quit Vaping,quit,"Lowkey, skip the smoke break 🚭"
6675,Night Journal,journaling,Write three lines fr 📓
6676,Sunscreen,skincare,Gentle reminder: finish your routine 🌸
6677,Bible Reading,prayer,"Not to nag, but do your pooja 🙏"
6678,Jogging,running,Vibe check: warm up and jog 👟
6679,Namaz,prayer,Your quiet time misses you 🕊
6680,Journal,journaling,Breaking news: write a brain dump 💭
6681,Sleep by 11,sleep,Go to bed today 🌙
6682,IMD Diet,fasting,"Yo, drink water, not snacks 🥑"
6683,Diet,fasting,"Hey, start your fast now 🕐"
6684,N2,nofap,"Discipline, then chill 👑"
6685,Daily Goal,other,"Psst, finish your task ⭐"
6686,Read Before Bed,reading,Read one chapter fr 📚
6687,No Sugar,quit,"Psst, protect your quit streak 💚"
6688,Intermittent Fasting,fasting,Quick one: stick to your diet 🍵
6689,Diary,journaling,Real talk: write your affirmations 💭
6690,Wake Up,wake,Splash some water fr 🌅
6691,Flowers,plants,"A little water, a lot of life 🪴"
6692,Chanting,prayer,Gentle reminder: chant your mantra 🪔
6693,Organize Desk,chores,Clean your desk now 🧹
6694,Rest,sleep,"Leave your phone outside, just 5 min 😴"
6695,BP Tablet,meds,Real talk: pop your supplement ⏰
6696,Low Carb,fasting,Breaking news: stick to your diet 🥑
6697,Run 5K,running,"No cap, run at easy pace 🏃"
6698,No Smoking,quit,"Hey, breathe through the craving 🌿"
6699,10 Min Calm,meditation,Take ten deep breaths rn 🍃
6700,Meditate,meditation,Main character move: find your calm 🧘
6701,Shower,hygiene,"No cap, wash your hands 🧼"
6702,Quit Porn,noporn,Future you says: block that site 🧠
6703,Skincare,skincare,Gentle reminder: cleanse your face 🧴
6704,Lunch,meal,Food era starts now 🥗
6705,Morning Pages,journaling,Don't leave the diary on read 📝
6706,Feed Fish,pets,"Food bowl, then chill 🐾"
6707,Push Day,workout,Do a quick workout now 💪
6708,Mindfulness,meditation,Sit and breathe - you got this 🧘
6709,Call Dad,social,"No cap, check on your people 💬"
6710,Strength Training,workout,Quick one: do 20 pushups 💪
6711,Mindfulness,meditation,Reminder: sit in silence 🍃
6712,Network,social,Real talk: check on your people 📞
6713,Clean Room,chores,Put things back and slay 🧺
6714,Rise and Shine,wake,Not a drill: morning time 🌅
6715,3L Water,hydration,Refill your bottle today 🥤
6716,Log Expenses,finance,"Skip one impulse buy, legend 💰"
6717,Warm Water,hydration,Real talk: chug some water 🥤
6718,CTM Routine,skincare,"Put on sunscreen, superstar ✨"
6719,Prayer,prayer,Gentle reminder: sit in prayer 🪔
6720,NoPorn,noporn,"Hey, stay free today 🌱"
6721,Therapy Notes,mood,"Hey, check your mood 💭"
6722,20 Pages,reading,Open your book and slay 📖
6723,Balcony Garden,plants,"Mist your plants, no excuses 💦"
6724,Meditation,meditation,"Lowkey, focus on your breath 🧘"
6725,Feed Fish,pets,Food bowl o'clock! 🐶
6726,Read News,reading,"Move your bookmark, bestie 📚"
6727,NoFap,nofap,Reminder: stay strong today 🧠
6728,Quit Porn,noporn,Small win: go outside for a bit 🧠
6729,Flexibility,stretching,"Stretch your back, no cap 🤸"
6730,Web Dev,coding,POV: you code for 30 minutes 🚀
6731,Groceries,chores,Plot twist: clean the kitchen 🧹
6732,Gym,workout,"Hit the gym, no excuses 🔥"
6733,Bible Reading,prayer,"Faith, then chill 🕊"
6734,Brush Teeth,hygiene,"Hey, brush your teeth 🦷"
6735,Learn Korean,practice,"Okay legend, finish one lesson 🎵"
6736,Healthy Snack,meal,Quick one: have lunch now 🍳
6737,Temple Visit,prayer,Main character move: give thanks 🙏
6738,Pomodoro,focus,Silence your phone and slay 🔕
6739,Call Dad,social,"Hey bestie, call someone you love 📞"
6740,Feel Good,mood,Log how you feel fr 💭
6741,Journal,journaling,Write three lines and slay 📓
6742,Early to Bed,sleep,"No cap, switch off the lights 🌙"
6743,Meet Friends,social,Plan a catch up fr 💬
6744,Affirmations,journaling,Grateful for what? 📝
6745,Learn Spanish,practice,"Keep your Duolingo streak, promise? 🎸"
6746,No Phone,screen_break,"Digital detox, go 👀"
6747,Cold Shower,hygiene,Breaking news: floss tonight 🧼
6748,Mock Test,studying,POV: you study one chapter 📝
6749,IMD Diet,fasting,Reminder: skip the late snack 🍵
6750,Breathing,meditation,"Hey bestie, meditate for 5 minutes 🧘"
6751,Self Control,nofap,Real talk: go for a walk now 🧠
6752,Phone Free Dinner,screen_break,Plot twist: rest your eyes 📵
6753,No Late Nights,sleep,Get some sleep and slay 🌙
6754,Abs,workout,Do a quick workout rn 💪
6755,Gratitude,journaling,Write in your journal fr 💭
6756,Reading,reading,"No cap, read before bed 📚"
6757,Serum,skincare,Future you says: put on sunscreen ✨
6758,Prayer,prayer,Vibe check: light a candle 🙏
6759,Codeforces,coding,Gentle reminder: fix one bug 🚀
6760,Typing Practice,practice,Fluency is a daily habit 🌍
6761,Iron Tablet,meds,"Hey, pop your supplement ⏰"
6762,Therapy Notes,mood,"Hey bestie, take a deep breath 🌈"
6763,Hair Serum,skincare,Glow > excuses 🧴
6764,To-Do List,focus,"Ahem, silence your phone 🔕"
6765,20:4 Fast,fasting,"Close your eating window, superstar 🥑"
6766,Hair Oil,skincare,Glow o'clock! 🧴
6767,Notes,studying,"Hey, start a pomodoro 🎓"
6768,Call Family,social,A phone call is calling 📞
6769,Log Expenses,finance,"Move money to savings, legend 📈"
6770,Codeforces,coding,"Code for 30 minutes, no cap 🐛"
6771,Chanting,prayer,Reminder: take a moment to pray 🪔
6772,Hair Oil,skincare,"Psst, put on sunscreen 🌸"
6773,IF,fasting,Still fasting? 🕐
6774,NoPorn,noporn,"Yo, close that tab 🧠"
6775,Refill Bottle,hydration,"Take a big sip, no cap 🚰"
6776,Morning Run,running,"Hit the track, just 5 min 💨"
6777,Jog,running,"Hello hello, go for a run 🏃"
6778,Save Money,finance,"Review your spending, promise? 📈"
6779,Pet Care,pets,"Hey, give some cuddles 🐱"
6780,Flexibility,stretching,Do some yoga and slay 🧘
6781,Iron Tablet,meds,"Tiny pill, mighty you 💊"
6782,Night Brush,hygiene,"Take a quick bath, just 5 min 🦷"
6783,BP Tablet,meds,Medicine era starts now 💊
6784,Photography,creative,Vibe check: sketch for 10 minutes 💡
6785,Plan the Day,focus,Reminder: start a focus block ⏳
6786,Wake at 6,wake,Your sign to open the curtains ⏰
6787,Diary,journaling,Small win: write in your journal 📝
6788,Quit Porn,noporn,"Ahem, block that site 🌱"
6789,Groceries,chores,Reminder: clean the kitchen 🧹
6790,Track Expenses,finance,Your sign to update your budget 💰
6791,Reminder,other,Breaking news: complete your goal 🙌
6792,Power Nap,sleep,Main character move: sleep on time 😴
6793,Interval Run,running,"No cap, do a quick jog 🏃"
6794,Deep Work,focus,Write your to-do list fr 🎯
6795,Cold Shower,hygiene,POV: you brush your teeth 🧼
6796,Homework,studying,Revise yesterday's notes and slay 📚
6797,NoPorn,noporn,"Splash cold water, legend 🚫"
6798,B12,meds,"Psst, take your medicine 💊"
6799,Eating Window,fasting,"Hey, stick to your diet 🥑"
6800,Dance Practice,practice,Do your lesson and slay 🎸
6801,Gardening,plants,"Not to nag, but check your plants 💦"
6802,Stretch,stretching,Plot twist: roll your neck 🧘
6803,Practice Habit,other,"Start for 5 minutes, promise? ⭐"
6804,Work Block,focus,Breaking news: write your to-do list 🔕
6805,Make Bed,chores,"Psst, tidy up for 10 minutes 🧽"
6806,Piano,practice,"Lowkey, keep your Duolingo streak 🎸"
6807,Diary,journaling,Brain dump time 💭
6808,Feed Cat,pets,"Refill the food bowl, please? 🐱"
6809,No Smoking,quit,Plot twist: say no today 🌿
6810,Clean Mind,noporn,"Splash cold water, no excuses 🚫"
6811,Podcast,creative,Plot twist: write one paragraph 🎨
6812,Sleep by 11,sleep,Friendly nudge: start winding down 🛌
6813,No Sugar,quit,Quick one: chew gum instead 🚭
6814,Feed Cat,pets,"Yo, refill the food bowl 🐱"
6815,Deep Work,focus,"Okay legend, write your to-do list 🎯"
6816,Check In,mood,"Hey bestie, check in with yourself 🫶"
6817,Pull Day,workout,"Get your sweat on, legend 💪"
6818,Lights Off,sleep,Vibe check: plug in and lie down 🛌
6819,Cold Shower,hygiene,"Ahem, take a shower 🦷"
6820,Piano,practice,Reminder: speak out loud 🎵
6821,Brisk Walk,walking,"Hello hello, lace up and walk 🌳"
6822,N2,nofap,"Vibe check: lock the phone, step out 👑"
6823,20 Pages,reading,"Continue your story, bestie 📚"
6824,Offline Hour,screen_break,"No cap, look out the window 🔌"
6825,Chest Day,workout,Leg day? 💪
6826,Quit Vaping,quit,"Hey bestie, protect your quit streak 🌿"
6827,Clean Room,chores,"Not to nag, but make your bed 🧺"
6828,NoPorn,noporn,"Okay legend, turn on your blocker 🚫"
6829,HIIT,workout,"Hey bestie, hold a plank 🔥"
6830,Quit Smoking,quit,"Wait ten minutes first, bestie 🌿"
6831,Meditate,meditation,Small win: find your calm 🍃
6832,Bible Reading,prayer,Light a candle and slay 🙏
6833,Gratitude List,journaling,"Psst, reflect on today 📓"
6834,Refill Bottle,hydration,Thirst is a red flag 🥤
6835,Journal,journaling,"Count blessings, not likes 📝"
6836,Cold Shower,hygiene,"Take a shower, no cap 🪥"
6837,Power Nap,sleep,"Say good night, just 5 min 😴"
6838,Morning Pill,meds,Medicine o'clock! ⏰
6839,Night Journal,journaling,"Okay legend, write one page 📝"
6840,Organize Desk,chores,"No cap, do the dishes 🧺"
6841,Calorie Deficit,fasting,Keep the kitchen closed fr 🥑
6842,Quit Porn,noporn,Main character move: stay free today 🚫
6843,10 Min Yoga,stretching,"Roll out your mat, superstar 🧘"
6844,Treadmill Run,running,Do your intervals today 💨
6845,No PMO,nofap,Streak safe? 🧠
6846,Gratitude List,journaling,"Write a brain dump, bestie 📝"
6847,Side Project,coding,Your streak needs a commit 💻
6848,Daily Goal,other,Do it now - you got this 🙌
6849,Exam Prep,studying,Finish your assignment fr 📝
6850,Box Breathing,meditation,Breaking news: take ten deep breaths 🧘
6851,No Porn,noporn,Plot twist: stay clean today 🌱
6852,Mindfulness,meditation,Reminder: find your calm 🧘
6853,No Phone,screen_break,Eyes need rest too 📵
6854,Early Riser,wake,"Turn off the alarm, bestie ⏰"
6855,Date Night,social,"Reply to messages, no cap 🤝"
6856,Vocab,practice,Plot twist: pick up your instrument 🎸
6857,Log Expenses,finance,"Not to nag, but update your budget 📈"
6858,Meditation,meditation,Your sign to sit and breathe 🍃
6859,IF,fasting,Hold your fast rn 🍵
6860,No Junk,quit,"Psst, chew gum instead 🌿"
6861,Evening Run,running,"Warm up and jog, no cap 👟"
6862,Play with Dog,pets,Walk your dog today 🐾
6863,Mantra,prayer,Blessings are counting on you 🙏
6864,Shave,hygiene,"Brush for two minutes, just 5 min 🧼"
6865,Invest,finance,"Check your SIP, promise? 📈"
6866,Call Grandparents,social,Future you says: call your dad 📞
6867,No Sugar,quit,"Hey bestie, say no today 🌿"
6868,Self Control,nofap,"Yo, stay disciplined 🧠"
6869,Lights Off,sleep,Switch off the lights rn 🛌
6870,No Soda,quit,Sober looks good on you 💚
6871,Clean Mind,noporn,Your clean streak is waiting 🧠
6872,Supplements,meds,"Take your dose, superstar 💊"
6873,Sober,quit,"Hello hello, chew gum instead 🚭"
6874,Reply Messages,social,Vibe check: call someone you love 🤝
6875,Web Dev,coding,Code > excuses 🐛
6876,Rise and Shine,wake,"Hey, get up now 🐓"
6877,10k Steps,walking,Plot twist: step outside 🚶
6878,Codeforces,coding,Your repo is waiting 💻
6879,Morning Pages,journaling,"Hey bestie, list three good things 💭"
6880,Pilates,stretching,"Flow for ten minutes, no excuses 🤸"
6881,Morning Run,running,Run one easy km today 👟
6882,Iron Tablet,meds,"Okay legend, take it with water ⏰"
6883,Savings Goal,finance,"Know your numbers, champ 💸"
6884,Quit Smoking,quit,"Money saved, health gained 💚"
6885,Brush Teeth,hygiene,"Psst, use mouthwash 🪥"
6886,Digital Detox,screen_break,Your phone is calling 👀
6887,Run 5K,running,"No cap, hit the track 👟"
6888,Savings Goal,finance,"Check your accounts, promise? 📈"
6889,Flexibility,stretching,"Roll out your mat, bestie 🤸"
6890,Pills,meds,Vitamin D? Don't skip it ⏰
6891,2L Water,hydration,Had water yet? 💧
6892,Face Wash,skincare,Friendly nudge: finish your routine ✨
6893,Learn Korean,practice,"Hello hello, learn one new phrase 🌍"
6894,Hair Oil,skincare,"Do your night routine, promise? 🧴"
6895,Laundry,chores,Laundry o'clock! 🧺
6896,Chess Puzzle,practice,Reminder: keep your Duolingo streak 🎵
6897,SIP,finance,Gentle reminder: save a little today 📈
6898,Treadmill Run,running,Real talk: go for a run 💨
6899,Personal Goal,other,"Not to nag, but keep your streak 🙌"
6900,Lecture Review,studying,Not a drill: study time time 📝
6901,Duolingo,practice,Future you says: play your scales 🎵
6902,Personal Goal,other,"Win the day, one tick ✅"
6903,Wind Down,sleep,"Hey bestie, dim the lights 😴"
6904,3L Water,hydration,Friendly nudge: drink up 💧
6905,Pomodoro,focus,Plot twist: plan your day ⏳
6906,16:8 Fasting,fasting,The diet misses you 🥑
6907,Morning Walk,walking,Quick one: walk around the block 🚶
6908,Call Dad,social,Love is a phone call away 🤝
6909,Read Gita,prayer,Friendly nudge: light the lamp 🕊
6910,Kitchen Clean,chores,Take out the trash now 🧹
6911,20:4 Fast,fasting,"Okay legend, stay in the fast 🥑"
6912,Read 10 Pages,reading,Open your kindle rn 📚
6913,Celibacy,nofap,Locked in era 🧠
6914,Assignment,studying,"Psst, make your notes 🎓"
6915,Mood Check,mood,Gentle reminder: check your mood 🫶
6916,No Social Media,screen_break,Your eyes needs you now 👀
6917,Water Goal,hydration,Main character move: take a big sip 💧
6918,B12,meds,Take your dose and slay 💊
6919,Bedtime,sleep,"Go to bed, no cap 🛌"
6920,Supplements,meds,"No cap, take your capsule 💊"
6921,Litter Box,pets,Real talk: take the dog out 🐶
6922,Track Expenses,finance,Small win: skip one impulse buy 📈
6923,Mood Log,mood,"Hey, do something kind for you 💭"
6924,Read Novel,reading,"Open your kindle, bestie 📚"
6925,Feed Fish,pets,Quick one: play with your pet 🐱
6926,Phone Free Dinner,screen_break,Screen time o'clock! 📵
6927,Call Grandma,social,"Send a voice note, superstar 📞"
6928,Steps Goal,walking,"Hey, stretch your legs 👟"
6929,Herb Garden,plants,"Check the soil, superstar 💦"
6930,8 Hours Sleep,sleep,Eight hours is the move 🛌
6931,Hair Oil,skincare,"Apply your serum, promise? 🌸"
6932,Text a Friend,social,Your friends needs you now 📞
6933,Eating Window,fasting,"Yo, stick to your diet 🕐"
6934,Vocab,practice,Practice for 15 minutes now 🌍
6935,Check In,mood,Your sign to write one feeling 💭
6936,Plan the Day,focus,Gentle reminder: work for 25 minutes 🔕
6937,Yoga,stretching,"Hello hello, roll out your mat 🤸"
6938,Read News,reading,POV: you read five pages 🔖
6939,Routine,other,"Ahem, do it right now ⭐"
6940,Read a Chapter,reading,The next chapter needs you now 🔖
6941,Eat Breakfast,meal,"Eat on time, bestie 🍳"
6942,Web Dev,coding,LeetCode > excuses 💻
6943,NoPorn,noporn,"Delete the trigger, legend 🌱"
6944,Sugar Free,quit,Count the money saved 🌿
6945,Omega 3,meds,Friendly nudge: pop your supplement ⏰
6946,Affirmations,journaling,Gratitude changes everything 📓
6947,Feed Cat,pets,"Refill the food bowl, legend 🐱"
6948,Morning Walk,walking,"Okay legend, stretch your legs 👟"
6949,Push Day,workout,Rep it out! 🥇
6950,Call Grandparents,social,Real talk: reply to messages 🤝
6951,Practice Habit,other,Yesterday you would be proud ⭐
6952,Bath,hygiene,Reminder: use mouthwash 🦷
6953,50 Pushups,workout,The barbell is calling 🥇
6954,Breathing,meditation,Take ten deep breaths fr 🌿
6955,Invest,finance,"Okay legend, move money to savings 💸"
6956,Reply Messages,social,"Psst, reply to messages 🤝"
6957,No NSFW,noporn,Real life > screen life 🧠
6958,Power Nap,sleep,POV: bedtime time 🛌
6959,Piano,practice,Gentle reminder: do your lesson 🎵
6960,Vacuum,chores,"Okay legend, clean your desk 🧹"
6961,Tulsi,plants,Friendly nudge: give them sunlight 🌱
6962,N2,nofap,"Hey, stay disciplined 🔒"
6963,Eat Veggies,meal,"Not to nag, but fuel your body 🍲"
6964,Stretch,stretching,"Okay legend, roll your neck 🤸"
6965,18:6 Fast,fasting,"Hold your fast, bestie 🕐"
6966,No NSFW,noporn,Clean today? 🧠
6967,Pet Care,pets,"Yo, feed your pet 🐾"
6968,Affirmations,journaling,One line is enough 📝
6969,Hike,walking,"Go for a walk, just 5 min 🌳"
6970,Glass of Water,hydration,You + water = iconic 🚰
6971,Self Control,nofap,"Hello hello, stay busy today 🧠"
6972,Read a Chapter,reading,Future you says: read for 15 minutes 📖
6973,Therapy Notes,mood,Check in with yourself fr 🫶
6974,Clean Room,chores,Wipe the table now 🧹
6975,Vitamin D3,meds,Future you says: take your capsule ⏰
6976,Plant Care,plants,"Dry soil, sad plant 💦"
6977,Pooja,prayer,Take a moment to pray now 🙏
6978,Pooja,prayer,"Do your pooja, just 5 min 🕊"
6979,GitHub Commit,coding,Reminder: solve a LeetCode problem 🐛
6980,Log Expenses,finance,Savings is calling 📈
6981,Water Break,hydration,"Have some water, bestie 🚰"
6982,Make Bed,chores,Clean the kitchen fr 🧺
6983,Serum,skincare,"Wash your face, no excuses ✨"
6984,Hydrate,hydration,"Hey bestie, chug some water 💧"
6985,Hair Oil,skincare,"Finish your routine, promise? ✨"
6986,LeetCode,coding,Finish one feature today 🚀
6987,Mindfulness,meditation,"Yo, meditate for 5 minutes 🌿"
6988,Laundry,chores,Do the dishes today 🧹
6989,Hydration,hydration,"Fill up your bottle, please? 💧"
6990,Diet Plan,fasting,Reminder: close your eating window 🍵
6991,Sleep Early,sleep,"Dim the lights, promise? 🌙"
6992,Gratitude List,journaling,"Jot down your thoughts, just 5 min 💭"
6993,Gurbani,prayer,"Yo, chant your mantra 🪔"
6994,Morning Run,running,"Run happy, run free 👟"
6995,Office Work,focus,"Hey, focus for 25 minutes ⏳"
6996,Flowers,plants,"Give them water, bestie 💦"
6997,Morning Pages,journaling,"Write three lines, no excuses 📝"
6998,Worship,prayer,Friendly nudge: give thanks 🙏
6999,Clear Emails,focus,"Hey, block your calendar 🔕"
7000,Porn Free,noporn,"Ahem, close that tab 🌱"
7001,Early Riser,wake,"Okay legend, start your morning ⏰"
7002,Multivitamin,meds,"Take your capsule, no excuses ⏰"
7003,Morning Routine,wake,Friendly nudge: leave your bed ⏰
7004,Flowers,plants,Future you says: water the garden 🌱
7005,Chanting,prayer,"Say your prayers, no excuses 🙏"
7006,Creatine,meds,"Take your vitamins, bestie 💊"
7007,No Sugar,quit,Your sign to wait out the craving 🚭
7008,20 Pages,reading,Breaking news: read before bed 🔖
7009,Litter Box,pets,Vibe check: feed your pet 🐱
7010,Litter Box,pets,"Lowkey, feed your cat 🐾"
7011,Repot Plant,plants,Breaking news: check your plants 🌱
7012,Play with Dog,pets,Real talk: give a treat 🐶
7013,Dishes,chores,Make your bed fr 🧹
7014,Sprint Training,running,"Hey bestie, run at easy pace 🏃"
7015,Track Expenses,finance,"Yo, review your spending 💰"
7016,NoPorn,noporn,"Turn on your blocker, please? 🌱"
7017,Balcony Garden,plants,Not a drill: green babies time 🪴
7018,Design Practice,creative,Brainstorm one idea - you got this 💡
7019,50 Pushups,workout,"Get your sweat on, superstar 🥇"
7020,Feel Good,mood,"Feelings are valid, log them 🌈"
7021,3 Good Things,journaling,Okay but the diary? 📝
7022,Namaz,prayer,"Okay legend, light the lamp 🙏"
7023,New Habit,other,Main character move: tick this off ✅
7024,Flashcards,studying,"Yo, revise yesterday's notes 📚"
7025,Affirmations,journaling,"One page, one breath 📝"
7026,Wake Up Early,wake,"Yo, splash some water ⏰"
7027,Temple Visit,prayer,"Yo, read one verse 🙏"
7028,Hair Serum,skincare,Do your night routine today 🌸
7029,Pranayama,meditation,"Hey, find your calm 🍃"
7030,Intermittent Fasting,fasting,Hold your fast - you got this 🍵
7031,Network,social,"Check on a friend, no cap 🤝"
7032,Groom Pet,pets,"Feed your dog, bestie 🐾"
7033,Namaz,prayer,Quick one: do your pooja 🕊
7034,Drink 8 Glasses,hydration,Sip some water rn 🥤
7035,No Doomscrolling,screen_break,Lock your phone for a bit now 👀
7036,Reflect,journaling,Small win: write a brain dump 📓
7037,EMI,finance,Okay but your wallet? 💸
7038,Reading,reading,Continue your story rn 📖
7039,LeetCode,coding,Code today? 💻
7040,NoFap,nofap,POV: self control time 👑
7041,2L Water,hydration,"Okay legend, finish that bottle 🚰"
7042,No PMO,nofap,"Lowkey, do 20 pushups instead 👑"
7043,Affirmations,journaling,Write a brain dump now 📓
7044,Diet Plan,fasting,"Hey, eat a protein-rich meal 🍵"
7045,Pooja,prayer,"Light the lamp, promise? 🪔"
7046,Mobility,stretching,"Ahem, do some yoga 🤸"
7047,No Porn,noporn,Small win: close that tab 🧠
7048,Box Breathing,meditation,"Sit in silence, please? 🍃"
7049,Reflect,journaling,"Write one gratitude, promise? 📝"
7050,Night Routine,skincare,"Hey bestie, moisturize now 🧴"
7051,Call Family,social,"Okay legend, call your family 💬"
7052,New Habit,other,"Lowkey, make progress today 🙌"
7053,DSA,coding,Finish one feature - you got this 🚀
7054,Daily Problem,coding,"Finish one feature, legend 🐛"
7055,EMI,finance,Check your SIP fr 📈
7056,Early Riser,wake,"Rise and shine, legend ⏰"
7057,Leg Day,workout,Your sign to do a quick workout 🥇
7058,Hair Oil,skincare,"Massage your scalp, just 5 min ✨"
7059,Less Caffeine,quit,"Wait out the craving, no cap 🌿"
7060,Feel Good,mood,"Mood log, two seconds 💭"
7061,Mental Health Check,mood,Main character move: log your mood 🌈
7062,Hot Girl Walk,walking,Quick one: take the stairs 👟
7063,Log Expenses,finance,"Skip one impulse buy, no excuses 📈"
7064,Design Practice,creative,"Work on your project, bestie 💡"
7065,Emotions,mood,"No cap, name your feeling 🌈"
7066,Drink 8 Glasses,hydration,Water > excuses 🚰
7067,NoFap,nofap,"Yo, go for a walk now 🔒"
7068,Calisthenics,workout,Lift something heavy and slay 💪
7069,Morning Yoga,stretching,Breaking news: do some yoga 🤸
7070,Litter Box,pets,"Clean the litter box, no excuses 🐶"
7071,Organize Desk,chores,Your sign to fold your clothes 🧺
7072,Water Plants,plants,Real talk: water your plants 🌱
7073,3L Water,hydration,Future you says: drink up 💧
7074,Vet Visit,pets,Feed your cat today 🐶
7075,Celibacy,nofap,Leave your room rn 🧠
7076,Top 3 Tasks,focus,POV: focus time 🔕
7077,Self Care,mood,Write one feeling and slay 💭
7078,Homework,studying,You're smarter than you think 📚
7079,Coconut Water,hydration,Okay but water? 💧
7080,Check In,mood,"Proud of you, honestly 🫶"
7081,Wake Up,wake,Friendly nudge: open the curtains 🐓
7082,Reading,reading,Your sign to pick up your book 🔖
7083,50 Pushups,workout,Lift something heavy rn 💪
7084,SPF,skincare,"Cleanse your face, just 5 min 🌸"
7085,Take Out Trash,chores,Load the washing machine fr 🧽
7086,10 Min Calm,meditation,"Focus on your breath, no cap 🌿"
7087,Kotlin Practice,coding,Commit something today 🚀
7088,GATE Prep,studying,Real talk: open your notes 📝
7089,Reply Messages,social,"Ring ring, it's family 📞"
7090,Water Bottle,hydration,"Yo, have some water 🥤"
7091,Clean Room,chores,"Lowkey, do the dishes 🧽"
7092,Reset Sunday,chores,Friendly nudge: take out the trash 🧹
7093,No PMO,nofap,"Go to the gym instead, legend 🧠"
7094,Pooja,prayer,Say your prayers fr 🕊
7095,Debug,coding,Quick one: code for 30 minutes 💻
7096,Write Thoughts,journaling,"Hey, write a brain dump 📓"
7097,Dinner,meal,"Have your meal, please? 🥗"
7098,No PMO,nofap,Breaking news: try a cold shower 🧠
7099,Calorie Deficit,fasting,"Eat a protein-rich meal, legend 🕐"
7100,Gurbani,prayer,"Prayer time, don't miss it 🪔"
7101,Groom Pet,pets,"Psst, feed your dog 🐾"
7102,Gardening,plants,Plant parent duty 💦
7103,Reflect,journaling,"Note your wins, no cap 📓"
7104,Quit Porn,noporn,Delete the trigger and slay 🌱
7105,Run 3 KM,running,"Do a quick jog, promise? 👟"
7106,Pullups,workout,Plot twist: show up and lift 🥇
7107,Kitchen Clean,chores,"Lowkey, fold your clothes 🧹"
7108,Pooja,prayer,Plot twist: chant for 5 minutes 🪔
7109,Cut Nails,hygiene,"Okay legend, take a quick bath 🪥"
7110,Declutter,chores,Future you says: clean your desk 🧹
7111,Mouthwash,hygiene,"Hey bestie, take a quick bath 🧼"
7112,Breathwork,meditation,Breaking news: sit and breathe 🌿
7113,Porn Free,noporn,"Hello hello, call a friend instead 🚫"
7114,50 Pushups,workout,POV: you crush one set 🥇
7115,Rise and Shine,wake,"Wake up now, legend 🌅"
7116,Celibacy,nofap,You are not your urges 👑
7117,5AM Club,wake,Breaking news: start your morning 🌅
7118,OMAD,fasting,Snack urge? 🥑
7119,Mobility,stretching,Friendly nudge: stretch your back 🧘
7120,Wake Up,wake,"Start your morning, superstar ⏰"
7121,Balcony Garden,plants,Reminder: give them water 🪴
7122,5AM Club,wake,Awake yet? 🌅
7123,10 Min Calm,meditation,"No cap, sit in silence 🌿"
7124,Feed Fish,pets,"Feed your cat, superstar 🐾"
7125,Vacuum,chores,"Okay legend, do the dishes 🧺"
7126,Pills,meds,Gentle reminder: take your capsule ⏰
7127,Plant Care,plants,Plot twist: give them sunlight 🌱
7128,Treadmill Run,running,Run at easy pace now 👟
7129,Leg Day,workout,"Pump it up, legend 🔥"
7130,Lecture Review,studying,Your sign to finish your assignment 🎓
7131,Mouthwash,hygiene,Future you says: take a shower 🪥
7132,Duolingo,practice,Learn five new words rn 🎸
7133,Night Brush,hygiene,Plot twist: take a quick bath 🧼
7134,Coconut Water,hydration,"Your cells are thirsty, bestie 💧"
7135,Feed Cat,pets,Walkies time? 🐱
7136,Prayer,prayer,Give thanks now 🕊
7137,Post-dinner Walk,walking,"Hit your step goal, superstar 🚶"
7138,Check In,mood,"Check in with yourself, legend 🌈"
7139,Daily Problem,coding,"Hello hello, write one function 🚀"
7140,LeetCode,coding,"Refactor one file, bestie 🐛"
7141,Challenge,other,"Finish your task, no excuses 🙌"
7142,Steps Goal,walking,"Hey, take a quick walk 👟"
7143,Eat Salad,meal,Have lunch now fr 🍳
7144,Call Parents,social,"Call someone you love, bestie 💬"
7145,Run 5K,running,Run at easy pace rn 🏃
7146,NoPorn,noporn,Stay clean today and slay 🧠
7147,Iron Clothes,chores,Gentle reminder: sweep the floor 🧺
7148,Dance Practice,practice,Reminder: learn five new words 🎵
7149,5AM Club,wake,"Not to nag, but leave your bed ⏰"
7150,Sugar Free,quit,Wait out the craving now 🌿
7151,Reset Sunday,chores,"Yo, do the dishes 🧺"
7152,Practice Habit,other,"No cap, finish your task ✅"
7153,Wake Up Early,wake,Real talk: start your morning ⏰
7154,Cook Dinner,meal,Grab some fruit today 🍲
7155,Edit Video,creative,Plot twist: write for ten minutes 🎨
7156,Wind Down,sleep,Tomorrow-you needs this 🛌
7157,Gratitude,journaling,"Note your wins, just 5 min 📓"
7158,Protein Intake,meal,"Chew slow, glow more 🍲"
7159,Emotions,mood,"Yo, check in with yourself 💭"
7160,Clean Room,chores,"Bed made, day made 🧹"
7161,Offline Hour,screen_break,"Close the reels, promise? 🔌"
7162,No Doomscrolling,screen_break,"Hello hello, go offline for a bit 📵"
7163,Drums,practice,Your teacher would be proud 🎵
7164,Mental Health Check,mood,"Rate your day, bestie 💭"
7165,Violin,practice,"Practice, then chill 🎸"
7166,Eat Veggies,meal,"Psst, add some protein 🍳"
7167,UPSC Prep,studying,Your sign to make your notes 📝
7168,Retinol,skincare,Oil your hair today 🌸
7169,Porn Free,noporn,"Okay legend, call a friend instead 🧠"
7170,HIIT,workout,"Ahem, get your sweat on 🔥"
7171,Feed Fish,pets,"Play with your pet, no cap 🐶"
7172,Cold Shower,hygiene,Reminder: take a shower 🧼
7173,Balcony Garden,plants,"Give them sunlight, no excuses 🌱"
7174,Urge Control,nofap,"Hey bestie, lock the phone, step out 🧠"
7175,My Task,other,Vibe check: keep your streak ✅
7176,Mood Check,mood,Write one feeling rn 🌈
7177,Self Help Book,reading,"Read ten pages, no cap 📖"
7178,Serum,skincare,Gentle reminder: apply your serum ✨
7179,Write Blog,creative,Write one paragraph today 🎬
7180,To-Do List,focus,Real talk: clear your inbox ⏳
7181,Lunch Walk,walking,"Hello hello, hit your step goal 🚶"
7182,Diary,journaling,"List three good things, no excuses 💭"
7183,BP Tablet,meds,Take your capsule today ⏰
7184,Check In,mood,"Log how you feel, no cap 🌈"
7185,Reflect,journaling,Diary time? 📓
7186,Morning Pages,journaling,Real talk: write a brain dump 📝
7187,Savings Goal,finance,"Pay your bills, no cap 💸"
7188,Coding,coding,Push a commit and slay 💻
7189,No Nut,nofap,The urge is temporary 🧠
7190,Feel Good,mood,"Ahem, do something kind for you 🫶"
7191,No Junk Food,meal,"Plate up, champ 🍳"
7192,GitHub Commit,coding,"Finish one feature, no excuses 💻"
7193,Jogging,running,"Do your intervals, just 5 min 💨"
7194,No Doomscrolling,screen_break,"Hey, keep your phone aside 📵"
7195,Dinner,meal,Your sign to eat your breakfast 🍲
7196,Cold Shower,hygiene,"Not to nag, but floss tonight 🪥"
7197,Evening Stretch,stretching,"Roll your neck, legend 🧘"
7198,Japanese,practice,Play your scales and slay 🎵
7199,Posture Check,stretching,Ten minutes of calm 🤸
7200,Vocab,practice,"Pick up your instrument, legend 🌍"
7201,Emotions,mood,"How are you, really? 🫶"
7202,Plank,workout,"Hey bestie, show up and lift 💪"
7203,Feel Good,mood,Real talk: log how you feel 💭
7204,Sleep Early,sleep,The moon says hi 😴
7205,Early to Bed,sleep,"Sleep on time, superstar 🛌"
7206,Self Control,nofap,Protect your streak rn 🔒
7207,Emotions,mood,Future you says: take a kind pause 🌈
7208,Porn Free,noporn,A clear mind is calling 🧠
7209,Play with Dog,pets,"No cap, feed your dog 🐱"
7210,Screen Break,screen_break,Keep your phone aside rn 🔌
7211,Habit,other,Your streak misses you 🙌
7212,Worship,prayer,"Give thanks, bestie 🕊"
7213,Bible Reading,prayer,Sit in prayer today 🪔
7214,Call Family,social,"Hey, text a friend 📞"
7215,Water,hydration,Main character move: chug some water 🚰
7216,Brisk Walk,walking,"Lowkey, go for a walk 🌳"
7217,Kindle,reading,"Open your book, bestie 📖"
7218,No Snooze,wake,"Okay legend, get out of bed ⏰"
7219,Mock Test,studying,You + revision = iconic 📝
7220,Debug,coding,Plot twist: refactor one file 🐛
7221,Quit Porn,noporn,Keep your clean streak alive rn 🚫
7222,Morning Yoga,stretching,"Psst, fix your posture 🤸"
7223,Sunscreen,skincare,"Cleanse your face, bestie 🧴"
7224,Groceries,chores,"Do the dishes, please? 🧺"
7225,Succulents,plants,"Give them water, just 5 min 💦"
7226,Trek,walking,"Walk around the block, please? 🚶"
7227,Doodle,creative,Draw something small today 🎨
7228,Check Bank,finance,POV: you check your SIP 💸
7229,Codeforces,coding,"Psst, refactor one file 🚀"
7230,GitHub Commit,coding,"Hey, code for 30 minutes 🐛"
7231,Groceries,chores,"Hello hello, sweep the floor 🧺"
7232,Marathon Prep,running,Small win: start your run 💨
7233,Lecture Review,studying,"Hello hello, solve a mock test 📚"
7234,Iron Clothes,chores,Do the dishes fr 🧹
7235,Singing,practice,Reminder: learn one new phrase 🎸
7236,Low Carb,fasting,Window closed. Kitchen closed. 🕐
7237,Dance Practice,practice,Small win: speak out loud 🎵
7238,Marathon Prep,running,Quick one: run at easy pace 💨
7239,Water,hydration,Take a big sip and slay 🚰
7240,Debug,coding,Quick one: open your IDE 🐛
7241,Intermittent Fasting,fasting,Late-night snack? Not today 🥑
7242,10 Min Calm,meditation,Meditation is calling 🌿
7243,Nicotine Free,quit,"Wait ten minutes first, please? 💚"
7244,Pills,meds,"Hey bestie, take today's dose 💊"
7245,Write Blog,creative,First line written? 🎬
7246,Chess Puzzle,practice,Pick up your instrument rn 🎵
7247,100 Days of Code,coding,"Hello hello, write some code 💻"
7248,Organize Desk,chores,Put things back fr 🧺
7249,Eating Window,fasting,"Hello hello, eat a protein-rich meal 🍵"
7250,Podcast,creative,Vibe check: brainstorm one idea 💡
7251,10 Min Calm,meditation,Five minutes of nothing 🧘
7252,Flowers,plants,Gentle reminder: give them sunlight 🪴
7253,Revision,studying,Reminder: study for 25 minutes 📚
7254,Digital Purity,noporn,"Call a friend instead, no excuses 🌱"
7255,Couch to 5K,running,Vibe check: run at easy pace 🏃
7256,Feed Fish,pets,"Feed your dog, please? 🐱"
7257,Read 10 Pages,reading,"Pick up your book, no cap 🔖"
7258,NoPorn,noporn,Close that tab fr 🌱
7259,Gratitude,journaling,Gratitude is calling 📓
7260,EMI,finance,"Check your accounts, no cap 💰"
7261,Mood Check,mood,"Be gentle with yourself, promise? 💭"
7262,Web Dev,coding,"Code for 30 minutes, no excuses 🐛"
7263,Chess Puzzle,practice,"Psst, speak out loud 🎸"
7264,Wake at 6,wake,"Hey bestie, put your feet down ⏰"
7265,Make Bed,chores,Reminder: make your bed 🧹
7266,Evening Run,running,Okay but the road? 👟
7267,Water Plants,plants,"Give them water, please? 🪴"
7268,Pooja,prayer,Quick one: light a candle 🪔
7269,NoPorn,noporn,Reminder: stay free today 🧠
7270,Habit,other,"Make progress today, just 5 min 🙌"
7271,Check In,mood,Breaking news: rate your day 💭
7272,B12,meds,"Take your vitamins, promise? ⏰"
7273,Rise and Shine,wake,"Turn off the alarm, just 5 min 🌅"
7274,10 Min Calm,meditation,Real talk: focus on your breath 🍃
7275,Breakfast,meal,Feed the machine 🥗
7276,Rest,sleep,"Ahem, dim the lights 🛌"
7277,Multivitamin,meds,Meds taken? 💊
7278,Worship,prayer,Prayer time? 🕊
7279,No Snooze,wake,"Rise and shine, superstar ⏰"
7280,Invest,finance,Your sign to check your budget 📈
7281,Diet Plan,fasting,Close your eating window now 🍵
7282,Feed Bird,pets,"Okay legend, play with your pet 🐾"
7283,Iron Clothes,chores,Declutter like a boss 🧽
7284,Kotlin Practice,coding,Reminder: fix one bug 🐛
7285,Floss,hygiene,Breaking news: brush your teeth 🦷
7286,Do The Thing,other,"Make progress today, bestie ⭐"
7287,Less Caffeine,quit,"Hey bestie, skip it today 💚"
7288,2L Water,hydration,"Ahem, take a big sip 💧"
7289,Call Dad,social,Your squad needs you 🤝
7290,Weekly Plan,focus,Future you says: close extra tabs 🎯
7291,Nicotine Free,quit,"Skip the sugar today, just 5 min 💚"
7292,SAT Prep,studying,"No cap, revise one topic 📚"
7293,Violin,practice,Your sign to pick up your instrument 🌍
7294,Pet Care,pets,"Bark bark, food time 🐾"
7295,Omega 3,meds,Small win: have your supplement ⏰
7296,No Phone,screen_break,"Phone break, brain break 🔌"
7297,Quit Porn,noporn,Your brain is healing 🧠
7298,Do The Thing,other,Reminder: get it done ✅
7299,YouTube Video,creative,"Sketch for 10 minutes, please? 💡"
7300,Reading,reading,Your story is paused 📖
7301,Sketch,creative,Reminder: make something new 🎬
7302,Emotions,mood,"Write one feeling, just 5 min 💭"
7303,20-20-20,screen_break,Not a drill: screen time time 👀
7304,Water Plants,plants,"Give them sunlight, promise? 🌱"
7305,Night Journal,journaling,Plot twist: write in your journal 📝
7306,Breathwork,meditation,"Focus on your breath, promise? 🍃"
7307,Nap,sleep,Dim the lights rn 😴
7308,Morning Yoga,stretching,"Do some yoga, just 5 min 🤸"
7309,Walk Dog,pets,Real talk: feed your dog 🐱
7310,Audiobook,reading,"Finish a chapter, please? 📚"
7311,Cold Shower,hygiene,POV: you wash your hands 🦷
7312,Supplements,meds,Friendly nudge: take your dose ⏰
7313,Tulsi,plants,"Watering can, assemble! 💦"
7314,Debug,coding,"Psst, solve one problem 🚀"
7315,Water Plants,plants,Breaking news: mist your plants 🪴
7316,Morning Routine,wake,"Open the curtains, no excuses ⏰"
7317,Cold Shower,hygiene,"Hello hello, take a cold shower 🦷"
7318,Rise and Shine,wake,"Hey, start your morning 🌅"
7319,Morning Routine,wake,Gentle reminder: open the curtains ⏰
7320,Reply Messages,social,"Lowkey, message a friend 🤝"
7321,Fasting,fasting,Future you says: start your fast now 🕐
7322,Gratitude,journaling,Your sign to write one page 📝
7323,UPSC Prep,studying,Exams don't revise themselves 📝
7324,Water Plants,plants,Reminder: check your plants 💦
7325,Mobility,stretching,"Yo, roll your neck 🧘"
7326,Sleep by 11,sleep,Get into bed today 😴
7327,Hair Oil,skincare,Vibe check: apply moisturizer ✨
7328,Glow Routine,skincare,"Cleanse your face, superstar 🧴"
7329,Supplements,meds,"Okay legend, take your medicine ⏰"
7330,Organize Desk,chores,Small win: start the laundry 🧹
7331,Night Brush,hygiene,Freshen up fr 🦷
7332,Sunscreen,skincare,Vibe check: massage your scalp ✨
7333,Cold Shower,hygiene,Quick one: brush your teeth 🪥
7334,Eat Breakfast,meal,Main character move: grab some fruit 🍲
7335,10 Min Calm,meditation,"Protect your peace, bestie 🧘"
7336,No Alcohol,quit,Real talk: pass on the drink 💚
7337,Self Care,mood,"Check your mood, no cap 💭"
7338,No Snooze,wake,Friendly nudge: start your morning 🌅
7339,Namaz,prayer,"Ahem, say a short prayer 🙏"
7340,Herb Garden,plants,"Psst, check the soil 🪴"
7341,Drums,practice,Future you says: speak out loud 🎸
7342,Home Workout,workout,"Lowkey, lift something heavy 💪"
7343,Electrolytes,hydration,"Have some water, just 5 min 💧"
7344,Shower,hygiene,Gentle reminder: take a quick bath 🦷
7345,Poetry,creative,"Write a short poem, no cap 🎨"
7346,Nap,sleep,POV: you get into bed 😴
7347,10 Min Calm,meditation,"Hey, meditate for 5 minutes 🌿"
7348,Hike,walking,Real talk: go around the park 🚶
7349,Eating Window,fasting,Fast going strong? 🕐
7350,Neck Stretch,stretching,Hold child's pose today 🧘
7351,Repot Plant,plants,Breaking news: turn your pots 🪴
7352,Morning Meditation,meditation,It's giving meditation 🌿
7353,Date Night,social,Reply to messages - you got this 📞
7354,Pullups,workout,"Yo, show up and lift 🔥"
7355,Quit Porn,noporn,"Hey, stay clean today 🌱"
7356,Morning Meditation,meditation,"Hello hello, do box breathing 🧘"
7357,No PMO,nofap,POV: you do 20 pushups instead 👑
7358,Temple Visit,prayer,"Spiritual recharge, now 🙏"
7359,Network,social,"Call your mom, legend 🤝"
7360,Cold Shower,hygiene,"Hey bestie, take a shower 🪥"
7361,Morning Workout,workout,"Hey bestie, move that body 🥇"
7362,No PMO,nofap,"POV: you lock the phone, step out 🔒"
7363,Evening Stretch,stretching,Small win: fix your posture 🧘
7364,20 Pages,reading,You + reading = iconic 🔖
7365,Revision,studying,One more topic? 📚
7366,Daily Problem,coding,Debug mode: ON 🐛
7367,Feel Good,mood,Quick one: log your mood 💭
7368,Meditation,meditation,Try a body scan and slay 🧘
7369,50 Pushups,workout,"No cap, train hard today 🥇"
7370,Study,studying,Make your notes - you got this 🎓
7371,Hydrate,hydration,"Psst, take five sips 💧"
7372,Pooja,prayer,Take a moment to pray fr 🪔
7373,Edit Video,creative,"Work on your project, promise? 🎬"
7374,Morning Yoga,stretching,"Hello hello, do a sun salutation 🧘"
7375,Plant Care,plants,Small win: water the garden 💦
7376,GATE Prep,studying,"Okay legend, study for 25 minutes 📝"
7377,Call Grandparents,social,Breaking news: check on a friend 💬
7378,50 Pushups,workout,"Hello hello, warm up and go 💪"
7379,Lights Off,sleep,Sleepy girl era activated 🛌
7380,Call Grandparents,social,Your sign to reply to messages 💬
7381,Pranayama,meditation,"Hey, try a body scan 🧘"
7382,Homework,studying,Pomodoro? 🎓
7383,Posture Check,stretching,"Hello hello, do a forward fold 🤸"
7384,No Alcohol,quit,"Clean living, then chill 🌿"
7385,Vet Visit,pets,Fill the water bowl rn 🐶
7386,Nap,sleep,"Plug in and lie down, please? 🛌"
7387,Read Before Bed,reading,Open your book fr 🔖
7388,Feel Good,mood,Future you says: write one feeling 🌈
7389,Home Workout,workout,Future you says: crush one set 💪
7390,16:8 Fasting,fasting,Friendly nudge: stick to your diet 🕐
7391,Unplug,screen_break,Vibe check: put your phone away 👀
7392,Mood Log,mood,Reminder: name your feeling 🫶
7393,Photography,creative,"Sketch for 10 minutes, bestie 🎬"
7394,My Task,other,Plot twist: finish it today 🙌
7395,Walk,walking,"Ahem, stretch your legs 🌳"
7396,Wake at 6,wake,"Get up now, promise? ⏰"
7397,3 Good Things,journaling,"Write your affirmations, no cap 📝"
7398,Flowers,plants,The garden needs you now 🌱
7399,Codeforces,coding,Vibe check: open your IDE 🐛
7400,Routine,other,"Okay legend, do it now 🙌"
7401,Healthy Snack,meal,"Lowkey, eat on time 🍳"
7402,Couch to 5K,running,Your running shoes is calling 💨
7403,Call Mom,social,POV: you call your mom 🤝
7404,N2,nofap,"Yo, redirect your energy 🧠"
7405,Mood Log,mood,"No cap, be gentle with yourself 💭"
7406,Cut Nails,hygiene,"Take a cold shower, superstar 🧼"
7407,Morning Routine,wake,Turn off the alarm rn 🌅
7408,Build App,coding,"Build it, break it, fix it 💻"
7409,Mindfulness,meditation,"Close your eyes and breathe, no cap 🌿"
7410,OMAD,fasting,"Eat inside your window, promise? 🍵"
7411,Learn Korean,practice,"Learn five new words, just 5 min 🎵"
7412,Interval Run,running,"Run, then chill 💨"
7413,Digital Purity,noporn,"Close that tab, superstar 🚫"
7414,Posture Check,stretching,Yoga girlie hours 🧘
7415,Porn Free,noporn,Keep your clean streak alive fr 🌱
7416,N2,nofap,"Psst, stay disciplined 🧠"
7417,Insulin,meds,Gentle reminder: take your medicine ⏰
7418,Gratitude List,journaling,Quick one: fill today's page 📝
7419,Evening Walk,walking,"Psst, stretch your legs 👟"
7420,No Porn,noporn,Vibe check: go outside for a bit 🚫
7421,Retention,nofap,Friendly nudge: protect your streak 👑
7422,Meet Friends,social,Breaking news: call your family 💬
7423,Play with Dog,pets,"Give a treat, please? 🐾"
7424,Mood Log,mood,"Check your mood, superstar 💭"
7425,Emotions,mood,Future you says: take a deep breath 🌈
7426,18:6 Fast,fasting,"Drink water, not snacks today 🕐"
7427,Clean Mind,noporn,"Hello hello, stay free today 🌱"
7428,Mantra,prayer,Small win: do your pooja 🙏
7429,Sun Salutation,stretching,"Hey, fix your posture 🧘"
7430,JEE Prep,studying,Small win: study one chapter 📝
7431,Wake Up Early,wake,POV: you put your feet down ⏰
7432,Wind Down,sleep,"Get some sleep, superstar 🌙"
7433,Edit Video,creative,Don't ghost your canvas 🎨
7434,Nicotine Free,quit,Friendly nudge: skip it today 💚
7435,Digital Detox,screen_break,"Put your phone away, just 5 min 👀"
7436,HIIT,workout,Show up and lift and slay 🔥
7437,Plant Care,plants,Friendly nudge: feed your plants 💦
7438,Date Night,social,"Check on a friend, no excuses 🤝"
7439,Doodle,creative,Sketch for 10 minutes today 💡
7440,My Task,other,"Hey bestie, finish it today 🙌"
7441,Iron Clothes,chores,Wipe the table rn 🧺
7442,Early to Bed,sleep,"Get into bed, no cap 🛌"
7443,Design Practice,creative,"Draw something small, bestie 🎬"
7444,Pay Bills,finance,"Review your spending, please? 💰"
7445,Meet Friends,social,"Ahem, check on your people 💬"
7446,Long Run,running,"Zoom zoom, bestie 👟"
7447,Lunch Break,meal,Your stomach growled. We heard 🍲
7448,Practice Habit,other,Small win: finish it today 🙌
7449,Typing Practice,practice,"Talent is just reps, bestie 🎵"
7450,Typing Practice,practice,Main character move: speak out loud 🎵
7451,Call Grandma,social,Small win: reply to messages 💬
7452,Web Dev,coding,"No cap, fix one bug 🐛"
7453,No Sugar,quit,"Sobriety, then chill 🌿"
7454,Vacuum,chores,Your room called. It's messy 🧺
7455,No Late Nights,sleep,Small win: sleep on time 😴
7456,20 Pages,reading,"Open your kindle, no cap 📚"
7457,Mindfulness,meditation,"Ahem, be present 🌿"
7458,H2O,hydration,"No cap, take five sips 💧"
7459,Plan the Day,focus,"Block your calendar, no excuses ⏳"
7460,Night Brush,hygiene,Your sign to take a cold shower 🦷
7461,Read Gita,prayer,"Fold your hands, free your mind 🕊"
7462,Iron Clothes,chores,"Okay legend, sweep the floor 🧽"
7463,Power Nap,sleep,Go to bed now 🌙
7464,Call Grandparents,social,"Yo, plan a catch up 💬"
7465,Shave,hygiene,Small win: take a quick bath 🧼
7466,Water,hydration,"Chug some water, superstar 🥤"
7467,Gratitude List,journaling,"Fill today's page, superstar 📝"
7468,Groom Pet,pets,"Hello hello, give some cuddles 🐱"
7469,SPF,skincare,Reminder: oil your hair ✨
7470,Feed Fish,pets,Vibe check: give a treat 🐶
7471,Gratitude,journaling,"Ahem, write in your journal 📓"
7472,Feed Dog,pets,"Okay legend, take the dog out 🐶"
7473,Evening Walk,walking,Your shoes want an outing 🚶
7474,Feel Good,mood,"Hello hello, take a deep breath 🌈"
7475,No Soda,quit,"Hey, pass on the drink 💚"
7476,SPF,skincare,Quick one: apply moisturizer 🧴
7477,Meet Friends,social,"Not to nag, but call your dad 🤝"
7478,Early Riser,wake,"Okay legend, open the curtains 🐓"
7479,Codeforces,coding,"Solve a LeetCode problem, no cap 🚀"
7480,Offline Hour,screen_break,Friendly nudge: blink and look away 🔌
7481,Mental Health Check,mood,How are you feeling? 💭
7482,Retinol,skincare,"Lowkey, oil your hair 🌸"
7483,No Distractions,focus,Close extra tabs and slay 🎯
7484,Herb Garden,plants,"Hey, trim dead leaves 🪴"
7485,Mouthwash,hygiene,Brush your teeth - you got this 🧼
7486,Morning Routine,wake,Alarm rang. You heard it 🐓
7487,5000 Steps,walking,"Ahem, take a quick walk 👟"
7488,UPSC Prep,studying,"Revision time? Yes, now. 🎓"
7489,Call Dad,social,Plan a catch up today 💬
7490,Walk Dog,pets,"Feed your cat, promise? 🐶"
7491,Evening Stretch,stretching,Your spine says hello 🧘
7492,Box Breathing,meditation,"Sit and breathe, please? 🍃"
7493,Interval Run,running,"Psst, jog for 15 minutes 🏃"
7494,No Sugar,quit,You quit. You win. 🚭
7495,Pomodoro,focus,Future you says: clear your inbox 🎯
7496,Laundry,chores,Vibe check: tidy up for 10 minutes 🧽
7497,Mindfulness,meditation,"Meditate for 5 minutes, no excuses 🧘"
7498,Read News,reading,"No cap, read for 15 minutes 📚"
7499,Kindle,reading,"Okay legend, finish a chapter 📚"
7500,Manga,reading,"Lowkey, read for 15 minutes 📖"
7501,Face Wash,skincare,"Okay legend, do your night routine 🌸"
7502,Jog,running,Future you says: run at easy pace 👟
7503,Morning Pill,meds,Have your supplement and slay 💊
7504,Rest,sleep,Plot twist: get into bed 🌙
7505,Speak English,practice,"Hey bestie, practice your scales 🌍"
7506,Call Grandparents,social,"Okay legend, call someone you love 🤝"
7507,Early Riser,wake,"Turn off the alarm, legend ⏰"
7508,Rest,sleep,"Ahem, go to bed 🛌"
7509,Mindfulness,meditation,"Quiet mind, loud life 🌿"
7510,Doodle,creative,"Pick up your brush, legend 🎨"
7511,Vitamins,meds,"Take your tablet, legend 💊"
7512,N2,nofap,Quick one: stay disciplined 👑
7513,Wake Up Early,wake,Breaking news: wake up now ⏰
7514,Lecture Review,studying,Make your notes now 📝
7515,Nap,sleep,POV: you close your eyes 🛌
7516,Iron Tablet,meds,"Okay legend, take your capsule 💊"
7517,Budget,finance,"Move money to savings, promise? 💸"
7518,Back Stretch,stretching,Posture okay? 🧘
7519,Repot Plant,plants,"Okay legend, mist your plants 💦"
7520,Gardening,plants,"Water the garden, just 5 min 💦"
7521,Breakfast,meal,"Yo, eat your breakfast 🍳"
7522,Organize Desk,chores,"No cap, load the washing machine 🧽"
7523,Nicotine Free,quit,"Okay legend, chew gum instead 🚭"
7524,Phone Free Dinner,screen_break,Vibe check: blink and look away 👀
7525,Write Story,creative,Real talk: sketch for 10 minutes 🎬
7526,Photography,creative,"Write one paragraph, superstar 🎬"
7527,Goal,other,"Lowkey, do it now ⭐"
7528,Write Blog,creative,"Write a short poem, promise? 💡"
7529,Call Mom,social,Call someone you love fr 🤝
7530,Invest,finance,"Log your expenses, superstar 💸"
7531,Water Plants,plants,Give them water today 🪴
7532,Read 10 Pages,reading,POV: you read before bed 🔖
7533,Balcony Garden,plants,Bloom where you're planted 💦
7534,No Distractions,focus,Real talk: do your top task ⏳
7535,Reply Messages,social,Plot twist: check on your people 📞
7536,Feel Good,mood,How's your heart today? 🌈
7537,Call Mom,social,POV: family time 🤝
7538,Vet Visit,pets,"Hey, feed your cat 🐾"
7539,Meal Prep,meal,Eat on time and slay 🍳
7540,Eat Salad,meal,"Hey bestie, grab some fruit 🍳"
7541,Do The Thing,other,"Do it now, please? ⭐"
7542,Bath,hygiene,"No cap, brush for two minutes 🦷"
7543,Urge Control,nofap,Leave your room today 👑
7544,Hydrate,hydration,"Hydrate now, superstar 🥤"
7545,Read 10 Pages,reading,Plot twist: move your bookmark 📚
7546,Photography,creative,Small win: sketch for 10 minutes 🎨
7547,Meditate,meditation,"Find your calm, no cap 🍃"
7548,Grooming,hygiene,"Hey bestie, wash your hands 🦷"
7549,Vocab,practice,"Okay legend, do your lesson 🎵"
7550,Multivitamin,meds,"Healthy girl era, take it 💊"
7551,Sleep Early,sleep,POV: you start winding down 🌙
7552,Feel Good,mood,Breathe. You've got this. 🌈
7553,Bath,hygiene,Your sign to freshen up 🦷
7554,Journal,journaling,Your sign to reflect on today 📓
7555,Lunch Walk,walking,Walk > excuses 🚶
7556,Piano,practice,"Hey, keep your Duolingo streak 🎵"
7557,Morning Prayer,prayer,Plot twist: do your pooja 🪔
7558,No Junk,quit,"Say no, feel proud 💚"
7559,Sun Salutation,stretching,Tight hips? Not today 🤸
7560,Wake at 6,wake,Plot twist: get out of bed 🌅
7561,Shave,hygiene,Take a shower fr 🧼
7562,Mock Test,studying,Review your flashcards rn 🎓
7563,3 Good Things,journaling,Manifest it on paper 📝
7564,EMI,finance,"Lowkey, skip one impulse buy 📈"
7565,Tulsi,plants,"Okay legend, give them sunlight 🪴"
7566,Iron Clothes,chores,Clean the kitchen today 🧽
7567,UPSC Prep,studying,"Study for 25 minutes, just 5 min 📝"
7568,Duolingo,practice,"No cap, do your lesson 🌍"
7569,Daily Problem,coding,Rubber duck is waiting 💻
7570,GitHub Commit,coding,"Yo, fix one bug 💻"
7571,Mouthwash,hygiene,"Freshen up, superstar 🧼"
7572,Keto,fasting,Breaking news: start your fast now 🍵
7573,Evening Walk,walking,Step outside and slay 🌳
7574,Study,studying,"Notes are waiting, scholar 📚"
7575,Mantra,prayer,"Do your pooja, promise? 🕊"
7576,Rent,finance,Small win: note today's spending 📈
7577,Trek,walking,"Hey, walk for ten minutes 🚶"
7578,Podcast,creative,Don't leave your canvas on read 🎬
7579,Pills,meds,"Take your tablet, bestie 💊"
7580,No Phone,screen_break,"Okay legend, put your phone away 📵"
7581,Vet Visit,pets,Reminder: clean the litter box 🐶
7582,No Porn,noporn,"Stay free today, legend 🧠"
7583,Lift Weights,workout,"Do 20 pushups, bestie 🥇"
7584,Morning Workout,workout,Gym time? 💪
7585,No Snooze,wake,"Hey bestie, wake up now ⏰"
7586,No Phone,screen_break,"Yo, take a screen break 🔌"
7587,No Doomscrolling,screen_break,"Switch off notifications, please? 👀"
7588,Hot Girl Walk,walking,"Hey, take a short stroll 🚶"
7589,To-Do List,focus,Block your calendar now 🔕
7590,Morning Routine,wake,Early bird gets the peace 🌅
7591,Supplements,meds,"Take your dose, no excuses 💊"
7592,Log Expenses,finance,"Check your accounts, legend 💸"
7593,Gratitude List,journaling,Write your affirmations rn 💭
7594,No Soda,quit,"Pass on the drink, please? 💚"
7595,Treadmill Run,running,Go for a run now 🏃
7596,Craft,creative,"No cap, draw something small 🎨"
7597,Iron Clothes,chores,"Clean the kitchen, please? 🧺"
7598,10 Min Calm,meditation,"Be present, please? 🍃"
7599,50 Pushups,workout,Hold a plank fr 💪
7600,Play with Dog,pets,"No cap, feed your pet 🐱"
7601,Morning Yoga,stretching,"Touch your toes, legend 🤸"
7602,Content Creation,creative,"Okay legend, sketch for 10 minutes 🎬"
7603,Supplements,meds,"Psst, pop your supplement 💊"
7604,Bible Reading,prayer,Prayer o'clock! 🪔
7605,Fast Until Noon,fasting,"Drink water, not snacks and slay 🥑"
7606,Photography,creative,"Make something new, promise? 🎬"
7607,Worship,prayer,Vibe check: give thanks 🙏
7608,Wake Up,wake,Start your morning - you got this 🌅
7609,Morning Yoga,stretching,"Hello hello, do some yoga 🧘"
7610,Typing Practice,practice,Muscle memory loading 🌍
7611,Self Care,mood,Reminder: take a kind pause 🫶
7612,Office Work,focus,Plot twist: start a focus block 🔕
7613,Goal,other,"Do it now, superstar ⭐"
7614,Stretch,stretching,"Stretch for 5 minutes, no cap 🧘"
7615,Box Breathing,meditation,Sit in silence fr 🌿
7616,Push Day,workout,"Move that body, no cap 💪"
7617,Read Before Bed,reading,"Not to nag, but finish a chapter 📖"
7618,Abs,workout,Do 20 pushups and slay 💪
7619,Learn Spanish,practice,Your instrument needs you now 🎸
7620,Wake Up Early,wake,You + sunrise = iconic 🐓
7621,No Sugar,quit,Sobriety o'clock! 🚭
7622,Reading,reading,Small win: continue your story 📖
7623,Grooming,hygiene,"Take a shower, bestie 🪥"
7624,Water Plants,plants,Friendly nudge: water your plants 🪴
7625,Water Plants,plants,Future you says: trim dead leaves 🪴
7626,Personal Goal,other,"Okay legend, start for 5 minutes ⭐"
7627,Mood Log,mood,"Okay legend, check your mood 💭"
7628,Glass of Water,hydration,"Hello hello, take five sips 💧"
7629,Retinol,skincare,Small win: finish your routine 🌸
7630,Evening Walk,walking,"Ahem, walk around the block 🚶"
7631,Stretch,stretching,Stretch for 5 minutes fr 🧘
7632,Squats,workout,"Train hard today, bestie 💪"
7633,Morning Walk,walking,Step outside today 🚶
7634,Breathing,meditation,"Lowkey, be present 🍃"
7635,Check In,mood,"Ahem, name your feeling 🫶"
7636,Gratitude List,journaling,Future you says: write three lines 📓
7637,Call Grandparents,social,Don't leave your friends on read 📞
7638,2L Water,hydration,Drink a glass of water fr 💧
7639,Weekly Plan,focus,"Locked in, no notifications 🔕"
7640,Kindle,reading,"Hello hello, pick up your book 📚"
7641,10k Steps,walking,"Hey, step outside 🚶"
7642,Flowers,plants,Give them water fr 🌱
7643,LeetCode,coding,"Refactor one file, legend 🚀"
7644,Namaz,prayer,Light the lamp now 🙏
7645,Omega 3,meds,"Take your pills, legend 💊"
7646,GATE Prep,studying,Solve a mock test and slay 🎓
7647,Cold Shower,hygiene,"Hello hello, brush your teeth 🪥"
7648,Laundry,chores,Vibe check: wipe the table 🧺
7649,Morning Run,running,Your sign to go for a run 👟
7650,Water Bottle,hydration,Water you waiting for? 💧
7651,Cook Dinner,meal,"Grab some fruit, legend 🥗"
7652,NoFap,nofap,"Leave your room, promise? 🔒"
7653,Breathwork,meditation,"Find your calm, just 5 min 🌿"
7654,Treadmill Run,running,"Do a quick jog, legend 👟"
7655,Reading,reading,"Ten pages, zero excuses 🔖"
7656,Read Gita,prayer,"Psst, chant your mantra 🙏"
7657,Take Out Trash,chores,"Psst, do the dishes 🧺"
7658,Dishes,chores,"Ahem, put things back 🧹"
7659,Write Story,creative,"Write one paragraph, no excuses 🎬"
7660,Warm Water,hydration,Plot twist: chug some water 💧
7661,French,practice,Do your lesson - you got this 🎸
7662,Water,hydration,Reminder: hydrate now 🚰
7663,Serum,skincare,"Oil your hair, bestie 🌸"
7664,Early to Bed,sleep,Sleep is calling 🌙
7665,Morning Prayer,prayer,"Chant for 5 minutes, no cap 🕊"
7666,Wake Up,wake,"Get up now, legend 🐓"
7667,Read 10 Pages,reading,Gentle reminder: continue your story 🔖
7668,Shave,hygiene,Fresh breath > excuses 🧼
7669,Quit Porn,noporn,Friendly nudge: go outside for a bit 🧠
7670,Succulents,plants,POV: green babies time 💦
7671,Early Riser,wake,Skip the snooze today 🐓
7672,My Task,other,"No cap, make progress today 🙌"
7673,Morning Pill,meds,Take your tablet and slay ⏰
7674,Tulsi,plants,Quick one: mist your plants 🪴
7675,Emotions,mood,Breaking news: log how you feel 🫶
7676,IF,fasting,"Hey, skip the late snack 🕐"
7677,Run 3 KM,running,Plot twist: go for a run 👟
7678,Flexibility,stretching,Reminder: fix your posture 🤸
7679,Water Plants,plants,"Lowkey, mist your plants 💦"
7680,JEE Prep,studying,"Start a pomodoro, legend 📚"
7681,Porn Free,noporn,Plot twist: delete the trigger 🌱
7682,SPF,skincare,"Apply moisturizer, bestie 🧴"
7683,Affirmations,journaling,"Hello hello, jot down your thoughts 📝"
7684,French,practice,"Play your scales, no excuses 🎸"
7685,Check List,other,"Complete your goal, no excuses 🙌"
7686,Read a Chapter,reading,"Yo, move your bookmark 📚"
7687,Prayer,prayer,"Light a candle, bestie 🕊"
7688,Mental Health Check,mood,"Psst, log your mood 🌈"
7689,Warm Water,hydration,POV: you have some water 💧
7690,Practice Habit,other,"Keep your streak, no excuses ✅"
7691,No Late Nights,sleep,Close your eyes - you got this 🌙
7692,Floss,hygiene,"Fresh breath time? Yes, now. 🪥"
7693,No Snooze,wake,Your sign to put your feet down 🌅
7694,Balcony Garden,plants,Check your plants rn 🪴
7695,Water Break,hydration,Sip some water now 🥤
7696,GATE Prep,studying,Locked in study arc 📚
7697,Walk 30 Min,walking,Take the stairs today 🌳
7698,Litter Box,pets,"Play with your pet, legend 🐱"
7699,SPF,skincare,"Okay legend, put on sunscreen 🧴"
7700,Home Workout,workout,Gym is calling 🔥
7701,No Doomscrolling,screen_break,Take a screen break now 👀
7702,Box Breathing,meditation,Vibe check: focus on your breath 🧘
7703,No Social Media,screen_break,Blink and look away now 🔌
7704,EMI,finance,POV: you check your accounts 💰
7705,Quit Vaping,quit,Vibe check: wait out the craving 🌿
7706,8 Hours Sleep,sleep,"Bedtime, then chill 🌙"
7707,Floss,hygiene,"Use mouthwash, bestie 🪥"
7708,Water Goal,hydration,Vibe check: take a big sip 🚰
7709,3L Water,hydration,Breaking news: hydrate now 🚰
7710,Flexibility,stretching,Breaking news: flow for ten minutes 🤸
7711,Study,studying,"Hello hello, make your notes 📝"
7712,Craft,creative,"Work on your project, superstar 💡"
7713,Notes,studying,Quick one: review your flashcards 🎓
7714,Design Practice,creative,"Creativity first, scroll later 💡"
7715,Grooming,hygiene,Use mouthwash rn 🦷
7716,Night Brush,hygiene,"Hey bestie, brush for two minutes 🪥"
7717,Feed Cat,pets,"Take the dog out, no cap 🐱"
7718,Side Project,coding,"LeetCode, then chill 💻"
7719,To-Do List,focus,Work for 25 minutes rn ⏳
7720,Read Novel,reading,Gentle reminder: open your book 📖
7721,Mantra,prayer,Peace is a prayer away 🪔
7722,How Am I Feeling,mood,"Do something kind for you, superstar 💭"
7723,Pullups,workout,This workout? Easy W 💪
7724,JEE Prep,studying,"Hey bestie, finish your assignment 📚"
7725,Gardening,plants,Check your plants and slay 🌱
7726,No Porn,noporn,"Healing era, stay in it 🚫"
7727,Hike,walking,Breaking news: walk around the block 🚶
7728,Fasting,fasting,Main character move: hold your fast 🍵
7729,Digital Purity,noporn,Delete the trigger today 🌱
7730,Discipline Streak,nofap,"Lowkey, stay busy today 👑"
7731,Interval Run,running,"Lowkey, run one easy km 🏃"
7732,Quit Porn,noporn,Freedom era starts now 🌱
7733,Write Thoughts,journaling,Jot down your thoughts now 📓
7734,My Task,other,Quick one: do it right now ⭐
7735,Gratitude,journaling,"Write your affirmations, please? 💭"
7736,Mock Test,studying,Real talk: finish your assignment 📝
7737,Floss,hygiene,Quick one: take a quick bath 🧼
7738,Content Creation,creative,"Yo, work on your project 🎨"
7739,Mouthwash,hygiene,"Wash your hands, no cap 🧼"
7740,Mantra,prayer,Vibe check: do your pooja 🙏
7741,Early to Bed,sleep,"Close your eyes, legend 🌙"
7742,Morning Routine,wake,"Ahem, skip the snooze 🌅"
7743,Pomodoro,focus,Do your top task today 🎯
7744,Balcony Garden,plants,"Psst, trim dead leaves 🌱"
7745,Routine,other,Friendly nudge: get it done ⭐
7746,Study,studying,Revision done? 📝
7747,Mood Log,mood,It's okay to not be okay 💭
7748,18:6 Fast,fasting,"Stick to your diet, promise? 🕐"
7749,Rise and Shine,wake,"Open the curtains, no cap ⏰"
7750,Vitamins,meds,Breaking news: take your vitamins 💊
7751,Box Breathing,meditation,"Psst, focus on your breath 🧘"
7752,Thyroid Tablet,meds,Take your capsule now 💊
7753,Notes,studying,"Start a pomodoro, promise? 🎓"
7754,Quit Vaping,quit,Your quit streak is calling 💚
7755,Eat Salad,meal,"Eat now, conquer later 🍲"
7756,Eat Salad,meal,Protein today? 🥗
7757,Face Wash,skincare,"Massage your scalp, superstar 🌸"
7758,Office Work,focus,"Psst, write your to-do list 🔕"
7759,Digital Purity,noporn,Block that site and slay 🌱
7760,Wake at 6,wake,Vibe check: wake up now ⏰
7761,Chest Day,workout,You + workout = iconic 🔥
7762,Sleep by 11,sleep,Get into bed now 🛌
7763,Mantra,prayer,"Grateful heart, happy life 🕊"
7764,EMI,finance,Note today's spending fr 💰
7765,No NSFW,noporn,"Yo, stay clean today 🧠"
7766,Face Wash,skincare,Your sign to put on sunscreen 🧴
7767,Moisturize,skincare,It's giving dewy 🌸
7768,Less TikTok,screen_break,Quick one: put your phone away 📵
7769,Emotions,mood,Take a deep breath now 🌈
7770,Warm Water,hydration,Your skin called. It wants water 💧
7771,Semester Prep,studying,"Yo, review your flashcards 📝"
7772,Cardio,workout,Hold a plank and slay 💪
7773,Feed Bird,pets,Feed your cat rn 🐶
7774,Prayer,prayer,"Yo, take a moment to pray 🙏"
7775,Mouthwash,hygiene,Take a shower - you got this 🦷
7776,Omega 3,meds,"Not to nag, but take your vitamins ⏰"
7777,H2O,hydration,"Lowkey, drink a glass of water 🚰"
7778,Less TikTok,screen_break,"Rest your eyes, just 5 min 🔌"
7779,Emotions,mood,Friendly nudge: write one feeling 🌈
7780,Shower,hygiene,"Yo, take a shower 🪥"
7781,Walk Dog,pets,"Okay legend, fill the water bowl 🐾"
7782,Reading,reading,Main character move: open your book 🔖
7783,Debug,coding,"Hey, push a commit 🚀"
7784,Retention,nofap,POV: you redirect your energy 🔒
7785,Savings Goal,finance,"Hello hello, note today's spending 📈"
7786,Lift Weights,workout,"Sweat now, shine later 💪"
7787,Meal Prep,meal,Small win: eat something healthy 🥗
7788,Feed Bird,pets,Belly rubs are overdue 🐱
7789,Phone Free Dinner,screen_break,Reminder: close the reels 📵
7790,Leg Day,workout,Gentle reminder: warm up and go 🥇
7791,No Porn,noporn,Reminder: turn on your blocker 🧠
7792,Walk Dog,pets,Small win: feed your pet 🐱
7793,Refill Bottle,hydration,Hydration era starts now 🥤
7794,Brunch,meal,"Fuel your body, promise? 🍲"
7795,Feed Cat,pets,"Brush your pet, bestie 🐱"
7796,Feel Good,mood,"Write one feeling, bestie 🫶"
7797,Less Caffeine,quit,Small win: say no today 💚
7798,SPF,skincare,Pamper your skin today 🌸
7799,Study,studying,Start a pomodoro today 🎓
7800,Low Carb,fasting,Eating window opens soon 🍵
7801,Work Block,focus,Quick one: write your to-do list 🎯
7802,Call Family,social,Quick one: plan a catch up 🤝
7803,Organize Desk,chores,Future you says: sweep the floor 🧺
7804,Breathing,meditation,"Try a body scan, bestie 🧘"
7805,Calisthenics,workout,Vibe check: hit the gym 🥇
7806,Iron Clothes,chores,Trash out? 🧽
7807,Debug,coding,Real talk: code for 30 minutes 💻
7808,Namaz,prayer,"Not to nag, but sit in prayer 🪔"
7809,Gratitude,journaling,"Fill today's page, promise? 💭"
7810,New Habit,other,Future you says: keep your streak 🙌
7811,Bath,hygiene,Brush for two minutes now 🦷
7812,Weekly Plan,focus,"Finish one task, please? 🔕"
7813,Painting,creative,Your sketchbook is lonely 🎨
7814,Dance Practice,practice,Ten minutes? 🌍
7815,Emotions,mood,"Rate your day, no excuses 💭"
7816,Pilates,stretching,"No cap, hold child's pose 🤸"
7817,Digital Purity,noporn,Vibe check: stay free today 🌱
7818,Balcony Garden,plants,Your sign to give them water 🪴
7819,Namaz,prayer,Your quiet time is waiting 🕊
7820,Namaz,prayer,"Light a candle, legend 🪔"
7821,No Phone,screen_break,"Log off, live on 📵"
7822,Web Dev,coding,Gentle reminder: solve one problem 💻
7823,BP Tablet,meds,Breaking news: take today's dose ⏰
7824,Early Riser,wake,"New day, new you 🐓"
7825,Wake Up Early,wake,"Hello hello, rise and shine ⏰"
7826,Quit Smoking,quit,Your quit streak is waiting 🚭
7827,Iron Tablet,meds,"Psst, take your dose ⏰"
7828,Early Riser,wake,Your sign to start your morning 🌅
7829,Reminder,other,Ready to tick? ⭐
7830,Cut Nails,hygiene,Quick one: take a cold shower 🦷
7831,Supplements,meds,"Not to nag, but take your tablet 💊"
7832,Mood Check,mood,Real talk: log your mood 💭
7833,No Porn,noporn,"Ahem, keep your clean streak alive 🚫"
7834,Post-dinner Walk,walking,"Hey bestie, hit your step goal 🚶"
7835,Content Creation,creative,"Sketch for 10 minutes, just 5 min 🎨"
7836,Groceries,chores,"Clean as you go, pro 🧽"
7837,Pay Bills,finance,"Pay your bills, legend 📈"
7838,Poetry,creative,Shoot one photo and slay 🎨
7839,Power Nap,sleep,Friendly nudge: go to bed 🛌
7840,Offline Hour,screen_break,Rest your eyes and slay 📵
7841,Inhaler,meds,"Take it with water, superstar 💊"
7842,Hike,walking,"Walk around the block, no cap 🌳"
7843,Lunch Walk,walking,Walk around the block today 👟
7844,No PMO,nofap,POV: you leave your room 👑
7845,Box Breathing,meditation,Friendly nudge: sit and breathe 🍃
7846,CTM Routine,skincare,Plot twist: put on sunscreen 🌸
7847,Sugar Free,quit,Reminder: skip it today 🌿
7848,Kindle,reading,"Ahem, continue your story 📚"
7849,Vocab,practice,"Finish one lesson, legend 🌍"
7850,Mental Health Check,mood,Little wins count 🌈
7851,Discipline Streak,nofap,POV: discipline time 🔒
7852,Mood Log,mood,Future you says: log how you feel 🌈
7853,Check List,other,Show up for yourself ⭐
7854,Affirmations,journaling,Write one gratitude - you got this 📝
7855,Homework,studying,Revise one topic and slay 📚
7856,Hydration,hydration,Refill your bottle and slay 🥤
7857,Bedtime,sleep,Bedtime is calling 🌙
7858,Eat Salad,meal,Future you says: have lunch now 🥗
7859,Eye Break,screen_break,Your eyes is waiting 📵
7860,Park Walk,walking,"Hey bestie, take the stairs 🌳"
7861,No Doomscrolling,screen_break,"Switch off notifications, legend 🔌"
7862,Interval Run,running,Quick one: hit the track 👟
7863,Gratitude,journaling,Real talk: fill today's page 📓
7864,Worship,prayer,"Morning prayer, good day 🪔"
7865,Check In,mood,Name your feeling today 🌈
7866,Side Project,coding,"Push a commit, please? 🚀"
7867,Hydration,hydration,Friendly nudge: grab a glass 🚰
7868,Homework,studying,"Revise yesterday's notes, please? 📚"
7869,Herb Garden,plants,Water the babies 🪴
7870,Reflect,journaling,POV: you write three lines 📓
7871,Notes,studying,"Ahem, open your notes 🎓"
7872,Focus Session,focus,"No cap, do your top task 🔕"
7873,Kitchen Clean,chores,Your sign to clean the kitchen 🧺
7874,Debug,coding,"Ahem, solve a LeetCode problem 🐛"
7875,Practice Habit,other,Tick this off rn ✅
7876,Pomodoro,focus,Real talk: start a focus block 🔕
7877,Log Expenses,finance,Gentle reminder: update your budget 💰
7878,Read 10 Pages,reading,The next chapter is calling 📚
7879,Goal,other,"Show up today, no excuses ⭐"
7880,Supplements,meds,Quick one: take your dose 💊
7881,Less Caffeine,quit,"Skip the sugar today, no excuses 🌿"
7882,Home Workout,workout,Small win: do 20 pushups 💪
7883,Worship,prayer,Small win: read a few verses 🪔
7884,Shower,hygiene,Your teeth want attention 🦷
7885,100 Days of Code,coding,"Write one function, no excuses 🚀"
7886,Clean Mind,noporn,Small win: stay clean today 🌱
7887,Steps Goal,walking,"Hey bestie, walk around the block 👟"
7888,Walk,walking,Your sneakers needs you now 🚶
7889,Savings Goal,finance,"Skip one impulse buy, please? 📈"
7890,Scalp Care,skincare,"Hello hello, do your night routine 🧴"
7891,YouTube Video,creative,Pick up your brush rn 🎬
7892,Call Grandparents,social,"Hey bestie, check on a friend 💬"
7893,Feed Bird,pets,Future you says: feed your dog 🐶
7894,Therapy Notes,mood,Small win: rate your day 💭
7895,Stretch,stretching,"Hey, stretch your back 🧘"
7896,Gratitude List,journaling,"No cap, write one page 💭"
7897,5AM Club,wake,"Hey bestie, splash some water 🌅"
7898,Quit Porn,noporn,Friendly nudge: block that site 🌱
7899,Breathing,meditation,Ten breaths to sanity 🧘
7900,50 Pushups,workout,"Ahem, crush one set 💪"
7901,Call Dad,social,"Call your dad, no excuses 📞"
7902,5AM Club,wake,"Ahem, open the curtains 🌅"
7903,Groom Pet,pets,"Refill the food bowl, just 5 min 🐾"
7904,NoPorn,noporn,"Yo, keep your clean streak alive 🌱"
7905,Creatine,meds,Gentle reminder: take today's dose 💊
7906,Track Expenses,finance,"Ahem, log your expenses 💸"
7907,Box Breathing,meditation,Quick one: take ten deep breaths 🌿
7908,Plan the Day,focus,Start a focus block fr ⏳
7909,Grooming,hygiene,"Yo, take a quick bath 🦷"
7910,Build App,coding,Plot twist: push a commit 🐛
7911,Lift Weights,workout,Real talk: hold a plank 🥇
7912,Offline Hour,screen_break,"Keep your phone aside, just 5 min 👀"
7913,Quit Smoking,quit,"Choose the healthy swap, legend 🌿"
7914,Evening Stretch,stretching,"Hey bestie, fix your posture 🤸"
7915,Write Blog,creative,Write for ten minutes fr 🎬
7916,Feel Good,mood,Reminder: rate your day 🫶
7917,Running,running,Okay but your running shoes? 💨
7918,Deep Work,focus,"Silence your phone, please? 🔕"
7919,My Task,other,Gentle reminder: do it right now ✅
7920,Date Night,social,"Yo, call someone you love 💬"
7921,Home Workout,workout,POV: you hold a plank 💪
7922,Kotlin Practice,coding,"Ahem, open your IDE 🚀"
7923,Gratitude List,journaling,"Jot down your thoughts, please? 💭"
7924,Network,social,"Message a friend, no cap 📞"
7925,Serum,skincare,Put on sunscreen now 🧴
7926,SIP,finance,Reminder: move money to savings 📈
7927,Clean Mind,noporn,"Hey, keep your phone in another room 🧠"
7928,Notes,studying,"Finish your assignment, legend 🎓"
7929,Run 3 KM,running,"Lowkey, hit the track 💨"
7930,H2O,hydration,"Hey, take a big sip 🥤"
7931,Clean Mind,noporn,"Guard your eyes, guard your mind 🚫"
7932,N2,nofap,"Go to the gym instead, promise? 👑"
7933,Inhaler,meds,"Okay legend, take your tablet ⏰"
7934,Challenge,other,Friendly nudge: start for 5 minutes 🙌
7935,Eat Veggies,meal,Vibe check: prep a healthy meal 🍳
7936,Clean Mind,noporn,Go outside for a bit and slay 🧠
7937,Walk 30 Min,walking,"Yo, take a quick walk 🌳"
7938,Wake Up,wake,"Start your morning, no excuses 🐓"
7939,Budget,finance,"Hey bestie, log your expenses 📈"
7940,Duolingo,practice,POV: you speak out loud 🎵
7941,Moisturize,skincare,Quick one: do your skincare 🧴
7942,Journal,journaling,"Hey, write your affirmations 📓"
7943,No Nut,nofap,Discipline > excuses 🧠
7944,Walk,walking,"Yo, stretch your legs 🌳"
7945,Book Club,reading,"No cap, read five pages 🔖"
7946,Breathing,meditation,Your sign to meditate for 5 minutes 🍃
7947,Photography,creative,"Hey bestie, draw something small 🎨"
7948,Morning Meditation,meditation,"Psst, try a body scan 🧘"
7949,Skincare,skincare,"Lowkey, finish your routine ✨"
7950,Pet Care,pets,POV: you feed your cat 🐱
7951,Habit,other,Your streak needs you now 🙌
7952,Pullups,workout,Future you says: move that body 🔥
7953,Assignment,studying,Your notes is waiting 🎓
7954,Walk Dog,pets,Friendly nudge: brush your pet 🐱
7955,Cardio,workout,"Train hard today, legend 🥇"
7956,Balcony Garden,plants,"No cap, check the soil 🌱"
7957,Plan the Day,focus,Small win: silence your phone 🔕
7958,My Task,other,"Hey bestie, finish your task ⭐"
7959,LeetCode,coding,Reminder: push a commit 🐛
7960,Retinol,skincare,"Pamper your skin, superstar 🌸"
7961,Brunch,meal,"Okay legend, eat something healthy 🍳"
7962,Breakfast,meal,Eat slowly today - you got this 🍲
7963,Manga,reading,Breaking news: read one chapter 📖
7964,Jogging,running,"Hey, run one easy km 👟"
7965,Refill Bottle,hydration,Breaking news: chug some water 💧
7966,Marathon Prep,running,"Hey bestie, start your run 🏃"
7967,Hydration,hydration,Gentle reminder: take a big sip 💧
7968,Office Work,focus,"Yo, silence your phone 🔕"
7969,Journal,journaling,"No cap, note your wins 📝"
7970,Mobility,stretching,Stretching > excuses 🧘
7971,Minoxidil,skincare,Future you says: apply moisturizer 🌸
7972,Eye Break,screen_break,Small win: put your phone away 👀
7973,Lunch Walk,walking,Go around the park fr 🚶
7974,3 Good Things,journaling,Reminder: list three good things 📝
7975,No Smoking,quit,"Wait out the craving, please? 🚭"
7976,Write Story,creative,"Make something new, no excuses 💡"
7977,Top 3 Tasks,focus,Gentle reminder: do your top task 🔕
7978,Groom Pet,pets,Feed your dog and slay 🐱
7979,Sleep by 11,sleep,"Not to nag, but dim the lights 😴"
7980,Meditate,meditation,"Take ten deep breaths, no excuses 🧘"
7981,Sugar Free,quit,Every no is a yes to you 💚
7982,Reminder,other,"Keep your streak, promise? ✅"
7983,Wind Down,sleep,"Switch off the lights, please? 🌙"
7984,Groom Pet,pets,Friendly nudge: take the dog out 🐱
7985,Run 5K,running,Hit the track and slay 🏃
7986,Wake Up,wake,"Put your feet down, superstar ⏰"
7987,5AM Club,wake,Future you says: put your feet down 🌅
7988,Bedtime,sleep,"Take a power nap, superstar 🌙"
7989,Drink 8 Glasses,hydration,"Hydrate now, bestie 💧"
7990,100 Days of Code,coding,"Solve a LeetCode problem, legend 🐛"
7991,Vitamins,meds,"Psst, take today's dose 💊"
7992,Feel Good,mood,Log your mood today 🫶
7993,No Nut,nofap,"Stay strong today, please? 🔒"
7994,No Late Nights,sleep,Plug in and lie down fr 🌙
7995,Quit Porn,noporn,"Call a friend instead, legend 🌱"
7996,Porn Free,noporn,Block that site today 🧠
7997,Mantra,prayer,"Say a short prayer, superstar 🪔"
7998,Ukulele,practice,"Lowkey, learn five new words 🌍"
7999,Self Help Book,reading,"Psst, read five pages 🔖"
8000,Therapy Notes,mood,You're allowed to rest 🫶
8001,Chest Day,workout,Hit the gym rn 💪
8002,Iron Tablet,meds,Future you says: take your dose 💊
8003,Retention,nofap,Discipline o'clock! 👑
8004,Porn Free,noporn,It's giving freedom 🌱
8005,Yoga,stretching,Not a drill: stretching time 🧘
8006,Pilates,stretching,Loosen your shoulders today 🤸
8007,No Soda,quit,Vibe check: wait ten minutes first 💚
8008,No PMO,nofap,Main character move: stay busy today 🔒
8009,Do The Thing,other,"No cap, get it done 🙌"
8010,50 Pushups,workout,"Hey, start your workout 🥇"
8011,Morning Run,running,Future you says: chase a new PR 💨
8012,Walk Dog,pets,Breaking news: give a treat 🐾
8013,HIIT,workout,Gentle reminder: start your workout 🔥
8014,Running,running,"Run one easy km, bestie 👟"
8015,N2,nofap,"No cap, go for a walk now 👑"
8016,Box Breathing,meditation,Meditation era starts now 🍃
8017,No Junk Food,meal,Eat slowly today and slay 🍳
8018,Edit Video,creative,"Hey bestie, write a short poem 🎨"
8019,Groom Pet,pets,It's giving food bowl 🐱
8020,Less Caffeine,quit,"Protect your quit streak, promise? 🌿"
8021,Vitamins,meds,"Take your tablet, no excuses ⏰"
8022,20:4 Fast,fasting,"Break the fast, not the plan 🥑"
8023,20-20-20,screen_break,Your sign to look out the window 📵
8024,Pet Care,pets,"Happy pet, happy home 🐶"
8025,Check List,other,Do the thing! ⭐
8026,Lecture Review,studying,Study time > excuses 🎓
8027,Refill Bottle,hydration,"No cap, refill your bottle 🥤"
8028,Drums,practice,"Learn one new phrase, legend 🌍"
8029,Doodle,creative,Friendly nudge: shoot one photo 🎨
8030,Worship,prayer,"Lowkey, take a moment to pray 🙏"
8031,50 Pushups,workout,"Train hard today, promise? 💪"
8032,Flexibility,stretching,Flow for ten minutes and slay 🧘
8033,Box Breathing,meditation,Future you says: do box breathing 🧘
8034,Revision,studying,Study one chapter fr 🎓
8035,Walk,walking,"Walk for ten minutes, superstar 👟"
8036,Less Reels,screen_break,"Lock your phone for a bit, legend 🔌"
8037,IF,fasting,"Psst, eat inside your window 🕐"
8038,No Smoking,quit,Plot twist: wait ten minutes first 💚
8039,Write Thoughts,journaling,Quick one: write your affirmations 📝
8040,Mood Check,mood,"No cap, log your mood 🌈"
8041,Track Expenses,finance,"Ahem, check your accounts 💰"
8042,Daily Problem,coding,Code for 30 minutes and slay 🚀
8043,Treadmill Run,running,Small win: jog for 15 minutes 🏃
8044,Scalp Care,skincare,Moisturized? 🧴
8045,Early to Bed,sleep,"Take a power nap, promise? 🌙"
8046,Cut Nails,hygiene,"Okay legend, use mouthwash 🪥"
8047,Daily Problem,coding,Don't leave your repo on read 💻
8048,Lunch,meal,"Lowkey, eat slowly today 🍳"
8049,Gratitude,journaling,"Gratitude first, scroll later 📝"
8050,Sprint Training,running,POV: you warm up and jog 🏃
8051,Groceries,chores,"Clean your desk, bestie 🧺"
8052,Vocab,practice,Your lesson misses you 🌍
8053,YouTube Video,creative,"Shoot one photo, bestie 🎨"
8054,Bedtime,sleep,Sleep on time rn 🛌
8055,Less Reels,screen_break,"Rest your eyes, no cap 👀"
8056,Supplements,meds,Your vitamins misses you ⏰
8057,Lunch,meal,Breaking news: grab some fruit 🍲
8058,Temple Visit,prayer,Chant for 5 minutes fr 🪔
8059,Podcast,creative,Reminder: write for ten minutes 🎨
8060,Learn Spanish,practice,Keep your Duolingo streak today 🎸
8061,Feel Good,mood,Plot twist: take a deep breath 🫶
8062,My Task,other,Still on it? ✅
8063,Hot Girl Walk,walking,Walk for fifteen minutes fr 🚶
8064,Morning Meditation,meditation,Soft life starts with a breath 🌿
8065,Weekly Plan,focus,"Write your to-do list, no cap 🔕"
8066,Porn Free,noporn,Vibe check: block that site 🌱
8067,Read Novel,reading,"Not to nag, but open your kindle 🔖"
8068,10 Min Calm,meditation,Find your calm today 🌿
8069,Nicotine Free,quit,Choose the healthy swap fr 💚
8070,Hair Oil,skincare,You + skincare = iconic ✨
8071,Learn Korean,practice,"Lowkey, pick up your instrument 🌍"
8072,Cut Nails,hygiene,Freshen up - you got this 🦷
8073,Coconut Water,hydration,Reminder: take a big sip 💧
8074,Diary,journaling,Spill the tea... on paper 💭
8075,Night Routine,skincare,Your face says thank you ✨
8076,Herb Garden,plants,Reminder: water the garden 💦
8077,Vet Visit,pets,"Take the dog out, please? 🐱"
8078,Practice Habit,other,"Do it right now, bestie ✅"
8079,Diet,fasting,Gentle reminder: sip some green tea 🥑
8080,Plan the Day,focus,"Okay legend, close extra tabs 🎯"
8081,Kindle,reading,Real talk: finish a chapter 📚
8082,Early Riser,wake,Plot twist: leave your bed ⏰
8083,Walk Dog,pets,"Ahem, clean the litter box 🐱"
8084,UPSC Prep,studying,Study for 25 minutes and slay 📚
8085,Eat Veggies,meal,"Yo, have your meal 🍲"
8086,BP Tablet,meds,"Take your vitamins, no cap 💊"
8087,Nicotine Free,quit,Pass on the drink today 🚭
8088,Diary,journaling,"Thank you list, go 📝"
8089,Deep Work,focus,"Close extra tabs, no cap 🔕"
8090,Nap,sleep,Reminder: sleep on time 🌙
8091,Take Out Trash,chores,"Tidy up, chill out 🧺"
8092,No Smoking,quit,Craving? Chew gum first 💚
8093,Brisk Walk,walking,Your sneakers is waiting 👟
8094,No Alcohol,quit,"Kick the habit, champ 💚"
8095,Call Family,social,One call can make a day 🤝
8096,Duolingo,practice,"Strum, sing, smile 🎸"
8097,Read Gita,prayer,"Hey bestie, light the lamp 🙏"
8098,BP Tablet,meds,"Ahem, pop your supplement ⏰"
8099,Power Nap,sleep,Real talk: plug in and lie down 🌙
8100,Self Care,mood,Be soft with you 💭
8101,No Soda,quit,"Skip the smoke break, bestie 🚭"
8102,Mouthwash,hygiene,"Take a cold shower, just 5 min 🧼"
8103,Sprint Training,running,"Warm up and jog, legend 💨"
8104,Eat Breakfast,meal,Reminder: eat your breakfast 🥗
8105,Read Novel,reading,Your bookmark is waiting 📚
8106,No Junk,quit,Vibe check: skip the sugar today 🚭
8107,Check List,other,Quick one: keep your streak ⭐
8108,16:8 Fasting,fasting,"Sip some green tea, legend 🍵"
8109,Pranayama,meditation,Real talk: take ten deep breaths 🌿
8110,Calorie Deficit,fasting,"Eat a protein-rich meal, please? 🍵"
8111,Cardio,workout,"No cap, lift something heavy 💪"
8112,Calisthenics,workout,"Not to nag, but crush one set 🥇"
8113,Feed Fish,pets,Woof means now 🐱
8114,No NSFW,noporn,Plot twist: stay free today 🚫
8115,Podcast,creative,Okay but creativity? 💡
8116,Reminder,other,"Show up today, promise? ✅"
8117,Unplug,screen_break,Rest your eyes fr 🔌
8118,N2,nofap,"Psst, stay strong today 👑"
8119,Audiobook,reading,"Reading time? Yes, now. 📚"
8120,Pull Day,workout,"Lift something heavy, please? 🥇"
8121,Pilates,stretching,Reminder: roll your neck 🤸
8122,Iron Tablet,meds,"Meds on time, all fine ⏰"
8123,IMD,fasting,Break your fast gently fr 🥑
8124,Retinol,skincare,Real talk: finish your routine ✨
8125,Less Caffeine,quit,Breathe through the craving now 🌿
8126,Play with Dog,pets,Food bowl is calling 🐶
8127,Abs,workout,Gentle reminder: crush one set 💪
8128,Less Reels,screen_break,"Switch off notifications, just 5 min 👀"
8129,Study,studying,Study one chapter and slay 🎓
8130,Gardening,plants,"Soil check, gardener 💦"
8131,NoFap,nofap,Discipline is self-respect 🔒
8132,Track Expenses,finance,Your sign to skip one impulse buy 💸
8133,Daily Goal,other,"Yo, make progress today ✅"
8134,Notes,studying,Future you says: make your notes 📝
8135,Hair Oil,skincare,Gentle reminder: wash your face 🧴
8136,Self Control,nofap,Real talk: protect your streak 🔒
8137,Wind Down,sleep,Plug in and lie down now 🛌
8138,Learn Python,coding,"Hey bestie, practice one algorithm 🚀"
8139,Morning Workout,workout,Friendly nudge: warm up and go 🥇
8140,Call Mom,social,"Okay legend, message a friend 📞"
8141,Temple Visit,prayer,"Chant, breathe, smile 🪔"
8142,N2,nofap,Real talk: redirect your energy 👑
8143,Yoga,stretching,"Stretch your back, just 5 min 🧘"
8144,Morning Prayer,prayer,Plot twist: read a few verses 🙏
8145,Make Bed,chores,"Hey bestie, start the laundry 🧺"
8146,Morning Water,hydration,"Take five sips, promise? 💧"
8147,20:4 Fast,fasting,"Psst, sip some green tea 🕐"
8148,Herb Garden,plants,Small win: feed your plants 🪴
8149,Drums,practice,"Hey, learn one new phrase 🎵"
8150,Walk,walking,Plot twist: take a short stroll 🚶
8151,OMAD,fasting,"No cap, hold your fast 🍵"
8152,Study,studying,Your sign to review your flashcards 📚
8153,No Social Media,screen_break,"No cap, take a screen break 🔌"
8154,Digital Purity,noporn,A clear mind is waiting 🚫
8155,Call Dad,social,Real talk: call someone you love 💬
8156,Top 3 Tasks,focus,Don't leave your to-do list on read 🔕
8157,Insulin,meds,"Hey bestie, check your meds 💊"
8158,Less TikTok,screen_break,Screen time era starts now 📵
8159,Diet Plan,fasting,"Keep the kitchen closed, superstar 🕐"
8160,Reset Sunday,chores,"Hey bestie, take out the trash 🧹"
8161,Piano,practice,"Do your lesson, please? 🎵"
8162,Morning Yoga,stretching,"No cap, do a quick stretch 🤸"
8163,Rest,sleep,Small win: get into bed 😴
8164,Neck Stretch,stretching,"Do a quick stretch, just 5 min 🧘"
8165,18:6 Fast,fasting,"Ahem, break your fast gently 🕐"
8166,Chess Puzzle,practice,Learn one new phrase now 🎵
8167,Vitamins,meds,"Hello hello, take your medicine ⏰"
8168,Supplements,meds,Pill time? ⏰
8169,Push Day,workout,"Psst, hit the gym 🥇"
8170,8 Hours Sleep,sleep,POV: you take a power nap 🛌
8171,EMI,finance,Quick one: check your accounts 📈
8172,Brisk Walk,walking,Vibe check: stretch your legs 🌳
8173,Protein Intake,meal,"Yo, fuel your body 🍳"
8174,Mock Test,studying,"Study one chapter, no excuses 📚"
8175,Unplug,screen_break,POV: you put your phone away 🔌
8176,Reading,reading,Vibe check: read ten pages 🔖
8177,Morning Run,running,"Ahem, run at easy pace 👟"
8178,Check Bank,finance,Check your accounts fr 📈
8179,Worship,prayer,Okay but your quiet time? 🕊
8180,Healthy Meal,meal,"Eat your breakfast, no excuses 🍳"
8181,Box Breathing,meditation,"Do box breathing, legend 🌿"
8182,Clean Room,chores,"Psst, sweep the floor 🧽"
8183,Bedtime,sleep,"Lowkey, start winding down 🛌"
8184,Floss,hygiene,"Hey, take a cold shower 🧼"
8185,Reminder,other,"Keep your streak, legend 🙌"
8186,Nicotine Free,quit,Breathe through the craving fr 💚
8187,Abs,workout,Lift something heavy today 🥇
8188,Water Plants,plants,Repot one plant today 🪴
8189,Temple Visit,prayer,"Hello hello, sit in prayer 🕊"
8190,Text a Friend,social,Friendly nudge: send a voice note 📞
8191,10 Min Yoga,stretching,"Fix your posture, bestie 🤸"
8192,GATE Prep,studying,Main character move: open your notes 📚
8193,Call Grandparents,social,Don't leave them on read 🤝
8194,Electrolytes,hydration,"Yo, refill your bottle 🚰"
8195,Skincare,skincare,Okay but glow? ✨
8196,Mood Log,mood,Take a kind pause fr 💭
8197,Catch Up,social,"Call your family, no excuses 📞"
8198,Early Riser,wake,"Psst, splash some water ⏰"
8199,Walk Dog,pets,"Give a treat, bestie 🐱"
8200,EMI,finance,Future you is rich. Help them 💰
8201,Insulin,meds,Have your supplement rn 💊
8202,Eating Window,fasting,Real talk: keep the kitchen closed 🕐
8203,Worship,prayer,Vibe check: chant your mantra 🕊
8204,Gratitude List,journaling,"List three good things, promise? 💭"
8205,Clean Mind,noporn,"Lowkey, splash cold water 🚫"
8206,No Smoking,quit,"Sobriety first, scroll later 🌿"
8207,Side Project,coding,Gentle reminder: open your IDE 🐛
8208,Plant Care,plants,Turn your pots today 🌱
8209,Speak English,practice,"Hey, play your scales 🎵"
8210,Porn Free,noporn,A clear mind needs you now 🧠
8211,Healthy Snack,meal,Your sign to add some veggies 🍳
8212,Typing Practice,practice,Reminder: do your lesson 🎸
8213,Reset Sunday,chores,Room tidy? 🧺
8214,Balcony Garden,plants,Your plants are thirsty 🪴
8215,No PMO,nofap,Protect your streak fr 🔒
8216,Codeforces,coding,Quick one: refactor one file 💻
8217,Write Story,creative,"Write a short poem, bestie 💡"
8218,Steps Goal,walking,Real talk: take a short stroll 🚶
8219,Digital Purity,noporn,Every clean day counts 🧠
8220,Water,hydration,Friendly nudge: take five sips 💧
8221,Quit Porn,noporn,"Hello hello, stay clean today 🚫"
8222,IMD,fasting,"Ahem, start your fast now 🥑"
8223,2L Water,hydration,"Drink some water, bestie 🚰"
8224,Fasting,fasting,Window's open. Eat clean 🍵
8225,Make Bed,chores,"Spin cycle, win cycle 🧹"
8226,Morning Run,running,Your sign to chase a new PR 💨
8227,Codeforces,coding,"Push code, not excuses 💻"
8228,Leg Day,workout,Lift something heavy - you got this 💪
8229,No Smoking,quit,Wait out the craving and slay 🌿
8230,Mood Log,mood,"Self care time? Yes, now. 💭"
8231,Creatine,meds,Real talk: take your capsule ⏰
8232,Meet Friends,social,A phone call needs you now 💬
8233,Lecture Review,studying,Topper vibes only 🎓
8234,3L Water,hydration,"Ahem, have some water 💧"
8235,Work Block,focus,"Time-block it, rock it ⏳"
8236,Supplements,meds,"Take your capsule, promise? 💊"
8237,Call Parents,social,Gentle reminder: reply to messages 🤝
8238,Kitchen Clean,chores,"Put things back, superstar 🧹"
8239,Pilates,stretching,"Stretch for 5 minutes, superstar 🧘"
8240,Herb Garden,plants,POV: you check your plants 💦
8241,Pull Day,workout,Do 20 pushups rn 🔥
8242,Park Walk,walking,Your sneakers misses you 🌳
8243,Night Brush,hygiene,"Pearly whites, please 🪥"
8244,Face Wash,skincare,Your sign to pamper your skin 🧴
8245,Book Club,reading,"Open your kindle, legend 📚"
8246,Affirmations,journaling,"Okay legend, note your wins 📓"
8247,No Spend Day,finance,Every penny counts 💸
8248,Shave,hygiene,"Take a cold shower, no cap 🪥"
8249,Manga,reading,"Open your book, promise? 📚"
8250,Water Plants,plants,"Check your plants, please? 🌱"
8251,Flowers,plants,"No cap, check your plants 🪴"
8252,Less Caffeine,quit,"Old habit, new you 🚭"
8253,Inbox Zero,focus,Do your top task now 🔕
8254,No Snacking,fasting,"Stick to your diet, no excuses 🕐"
8255,Lights Off,sleep,Leave your phone outside rn 😴
8256,Inbox Zero,focus,"No cap, block your calendar 🔕"
8257,Read Novel,reading,Small win: read five pages 📚
8258,Night Routine,skincare,"Moisturize, don't compromise ✨"
8259,Sprint Training,running,Track or road? 💨
8260,Water Plants,plants,"Ahem, turn your pots 🪴"
8261,Diet Plan,fasting,Future you says: skip the late snack 🕐
8262,Declutter,chores,Clean the kitchen and slay 🧺
8263,Lab Record,studying,Study one chapter - you got this 📚
8264,Date Night,social,Call your mom fr 💬
8265,Feed Fish,pets,Give a treat rn 🐱
8266,Read Novel,reading,POV: you read ten pages 🔖
8267,20:4 Fast,fasting,Your sign to stay in the fast 🥑
8268,Task A,other,Main character move: get it done ✅
8269,Morning Routine,wake,Your sign to skip the snooze ⏰
8270,Read 10 Pages,reading,Your sign to read for 15 minutes 🔖
8271,Inbox Zero,focus,"Work for 25 minutes, just 5 min ⏳"
8272,Date Night,social,"Psst, message a friend 📞"
8273,Meditate,meditation,"Breathe slowly for a minute, legend 🧘"
8274,Practice Habit,other,"Finish it today, superstar ⭐"
8275,Night Routine,skincare,Put on sunscreen today ✨
8276,Hike,walking,"Take a quick walk, legend 🚶"
8277,Drums,practice,"Yo, learn one new phrase 🌍"
8278,Mobility,stretching,Future you says: hold child's pose 🤸
8279,Call Grandma,social,"Call your dad, please? 💬"
8280,Water,hydration,"Yo, grab a glass 💧"
8281,OMAD,fasting,Break your fast gently now 🥑
8282,Content Creation,creative,Your sign to shoot one photo 💡
8283,Leg Day,workout,"Psst, do 20 pushups 💪"
8284,Self Control,nofap,Real talk: try a cold shower 👑
8285,Assignment,studying,"Ahem, solve a mock test 🎓"
8286,Offline Hour,screen_break,"Look out the window, legend 📵"
8287,Shave,hygiene,Your smile deserves this 🦷
8288,Feed Fish,pets,Your sign to walk your dog 🐱
8289,Goal,other,Chain still unbroken? ✅
8290,Feed Cat,pets,POV: you fill the water bowl 🐾
8291,Plank,workout,Plot twist: do 20 pushups 🔥
8292,Pooja,prayer,"Yo, read a few verses 🕊"
8293,Call Family,social,Text back? 💬
8294,Fast Until Noon,fasting,"Plot twist: drink water, not snacks 🍵"
8295,Less Caffeine,quit,"Yo, breathe through the craving 🌿"
8296,Retention,nofap,"No cap, leave your room 🧠"
8297,Breathwork,meditation,POV: you find your calm 🌿
8298,Affirmations,journaling,"Okay legend, write one gratitude 💭"
8299,Mobility,stretching,"Touch your toes, superstar 🤸"
8300,Side Project,coding,"Yo, practice one algorithm 💻"
8301,To-Do List,focus,"Write your to-do list, superstar ⏳"
8302,Insulin,meds,Take your vitamins rn ⏰
8303,Morning Yoga,stretching,Quick one: do a quick stretch 🤸
8304,Journal,journaling,POV: you list three good things 💭
8305,Coding,coding,Future you says: refactor one file 🚀
8306,Protein Intake,meal,Eat a proper dinner now 🍲
8307,Homework,studying,"Revise yesterday's notes, bestie 📚"
8308,Check In,mood,Vibe check: log how you feel 💭
8309,Creatine,meds,Take care of the machine 💊
8310,Inhaler,meds,Your vitamins needs you now ⏰
8311,Take Medicine,meds,"Hey, take your pills 💊"
8312,Reply Messages,social,"Hello hello, call your mom 📞"
8313,Steps Goal,walking,Walk like you own the street 🌳
8314,Read Before Bed,reading,Read five pages and slay 🔖
8315,Clean Room,chores,Gentle reminder: do the dishes 🧺
8316,Habit,other,"Finish it today, no cap 🙌"
8317,Porn Free,noporn,"Close the tab, open your life 🚫"
8318,Healthy Snack,meal,Eat slowly today fr 🥗
8319,Debug,coding,Real talk: open your IDE 🚀
8320,Offline Hour,screen_break,"Lowkey, blink and look away 📵"
8321,Morning Routine,wake,"Get out of bed, no excuses ⏰"
8322,Interval Run,running,Lace up and run now 💨
8323,Phone Free Dinner,screen_break,Keep your phone aside and slay 👀
8324,Minoxidil,skincare,Treat your face nicely 🌸
8325,Habit,other,Friendly nudge: finish your task ⭐
8326,3 Good Things,journaling,Your journal misses you 📝
8327,Coconut Water,hydration,"Hello hello, drink a glass of water 🚰"
8328,Book Club,reading,Lose yourself in a book 🔖
8329,Clean Room,chores,POV: laundry time 🧽
8330,Mood Log,mood,Your sign to take a kind pause 🌈
8331,Read Gita,prayer,Small win: chant for 5 minutes 🪔
8332,Catch Up,social,"Lowkey, check on a friend 📞"
8333,No Smoking,quit,"Psst, wait ten minutes first 💚"
8334,Morning Meditation,meditation,"Hey bestie, sit in silence 🍃"
8335,Temple Visit,prayer,Friendly nudge: read one verse 🙏
8336,Run 5K,running,POV: you do a quick jog 💨
8337,Stroll,walking,Friendly nudge: step outside 🚶
8338,Draw,creative,Ideas don't wait 🎨
8339,Vacuum,chores,Small win: clean the kitchen 🧺
8340,Read Before Bed,reading,Quick one: read ten pages 📖
8341,NoPorn,noporn,"No cap, block that site 🚫"
8342,Reflect,journaling,You + gratitude = iconic 📓
8343,Self Help Book,reading,Continue your story today 🔖
8344,Wake at 6,wake,"Get up, glow up 🐓"
8345,Feed Cat,pets,Your sign to feed your pet 🐶
8346,Marathon Prep,running,"Lowkey, start your run 🏃"
8347,No Doomscrolling,screen_break,Screen time > excuses 🔌
8348,Grooming,hygiene,"Freshen up, legend 🪥"
8349,Face Wash,skincare,"Ahem, massage your scalp 🌸"
8350,Calorie Deficit,fasting,Reminder: stay in the fast 🍵
8351,Emotions,mood,Vibe check: take a kind pause 💭
8352,Write Thoughts,journaling,"Write your affirmations, just 5 min 📝"
8353,Water Break,hydration,"Refill your bottle, no cap 🚰"
8354,Lab Record,studying,"Revise one topic, promise? 📝"
8355,Focus Session,focus,"Write your to-do list, legend 🎯"
8356,Iron Clothes,chores,Laundry > excuses 🧹
8357,Eating Window,fasting,Stay in the fast now 🕐
8358,Task A,other,Get it done now ⭐
8359,Iron Tablet,meds,Quick one: take today's dose 💊
8360,Bible Reading,prayer,Light the lamp fr 🪔
8361,Book Club,reading,Quick one: read one chapter 📖
8362,Rise and Shine,wake,"Get up now, no excuses 🐓"
8363,Hydration,hydration,"Take five sips, legend 🥤"
8364,Chest Day,workout,"No cap, hold a plank 🥇"
8365,Mobility,stretching,"Loosen your shoulders, just 5 min 🤸"
8366,Call Parents,social,"Send a voice note, promise? 💬"
8367,Morning Pages,journaling,"Write in your journal, no excuses 📓"
8368,Feed Dog,pets,Who's a good boy? Feed him 🐱
8369,Read Gita,prayer,"Hey, say your prayers 🪔"
8370,Hair Serum,skincare,"Cleanse your face, promise? ✨"
8371,No Distractions,focus,Start a focus block and slay 🔕
8372,Weekly Plan,focus,"Less scroll, more goal ⏳"
8373,Urge Control,nofap,Reminder: go to the gym instead 🧠
8374,Interval Run,running,"Ahem, go for a run 🏃"
8375,Take Out Trash,chores,"Psst, fold your clothes 🧽"
8376,Pomodoro,focus,"Silence your phone, promise? 🎯"
8377,Deep Work,focus,Future you says: plan your day ⏳
8378,Clean Mind,noporn,"Delete, block, move on 🚫"
8379,Rest,sleep,"Close your eyes, bestie 🛌"
8380,Brush Teeth,hygiene,Scrub a dub dub 🦷
8381,Healthy Snack,meal,"Hey, prep a healthy meal 🍳"
8382,Daily Problem,coding,Real talk: finish one feature 🚀
8383,18:6 Fast,fasting,Close your eating window today 🍵
8384,Scalp Care,skincare,Friendly nudge: moisturize now 🧴
8385,Clean Mind,noporn,"Stay clean today, no cap 🚫"
8386,EMI,finance,"Ahem, check your budget 📈"
8387,Inhaler,meds,Take today's dose fr 💊
8388,No Distractions,focus,Breaking news: start a focus block 🎯
8389,Call Grandma,social,Quick one: check on your people 🤝
8390,Inhaler,meds,"Hey bestie, take your tablet 💊"
8391,Early Riser,wake,"Psst, open the curtains 🐓"
8392,Flexibility,stretching,"Ahem, loosen your shoulders 🧘"
8393,Electrolytes,hydration,"No cap, finish that bottle 💧"
8394,Sprint Training,running,"Go for a short run, please? 👟"
8395,Walk 30 Min,walking,Take the stairs fr 🌳
8396,Declutter,chores,"Put things back, legend 🧽"
8397,Self Care,mood,"Hello hello, log how you feel 🫶"
8398,Keto,fasting,"Start your fast now, superstar 🕐"
8399,Write Thoughts,journaling,"Note your wins, bestie 📝"
8400,Pull Day,workout,Breaking news: start your workout 🔥
8401,Water Plants,plants,Gentle reminder: check the soil 🌱
8402,Cold Shower,hygiene,Fresh breath o'clock! 🧼
8403,Read a Chapter,reading,POV: you continue your story 🔖
8404,Kitchen Clean,chores,Sweep the floor rn 🧺
8405,Log Expenses,finance,"Skip one impulse buy, promise? 📈"
8406,Call Grandma,social,"Text a friend, no excuses 🤝"
8407,Pomodoro,focus,"Silence your phone, no cap ⏳"
8408,No Snooze,wake,"Sunrise first, scroll later 🌅"
8409,No Soda,quit,Skip it today and slay 💚
8410,Side Project,coding,"Code now, deploy dreams 🚀"
8411,Call Parents,social,Small win: call your dad 🤝
8412,No Distractions,focus,Real talk: silence your phone 🎯
8413,No NSFW,noporn,"Yo, splash cold water 🚫"
8414,Pay Bills,finance,"Hello hello, pay your bills 📈"
8415,Pay Bills,finance,"Hello hello, move money to savings 💰"
8416,Exercise,workout,"Hold a plank, superstar 🥇"
8417,Couch to 5K,running,Future you says: do your intervals 🏃
8418,Inbox Zero,focus,"Hey, clear your inbox 🎯"
8419,Phone Free Dinner,screen_break,"Put your phone away, please? 📵"
8420,Work Block,focus,Plot twist: clear your inbox 🎯
8421,Celibacy,nofap,"Psst, protect your streak 🧠"
8422,Make Bed,chores,Future you loves a clean home 🧽
8423,Mock Test,studying,"Hey, study for 25 minutes 🎓"
8424,Trek,walking,Your legs want adventure 👟
8425,Codeforces,coding,Commit done? 💻
8426,Repot Plant,plants,"Trim dead leaves, promise? 💦"
8427,Eat Salad,meal,Prep a healthy meal and slay 🥗
8428,Prayer,prayer,Light a candle rn 🕊
8429,Shave,hygiene,Real talk: freshen up 🦷
8430,Less Reels,screen_break,Reminder: switch off notifications 🔌
8431,Dishes,chores,Vibe check: clean the kitchen 🧹
8432,Eat On Time,meal,Breaking news: eat on time 🍳
8433,Revision,studying,Quick one: study for 25 minutes 📝
8434,Eat Veggies,meal,"Lowkey, skip the junk 🍳"
8435,Painting,creative,Plot twist: draw something small 🎬
8436,No PMO,nofap,"Do 20 pushups instead, no cap 🔒"
8437,Temple Visit,prayer,Read a few verses rn 🪔
8438,Lab Record,studying,"No cap, start a pomodoro 🎓"
8439,Morning Yoga,stretching,"Hey, flow for ten minutes 🧘"
8440,Morning Prayer,prayer,Gentle reminder: light a candle 🪔
8441,Mouthwash,hygiene,Trim your nails now 🦷
8442,Clear Emails,focus,Do your top task and slay 🎯
8443,Weekly Plan,focus,25 minutes. Go. 🔕
8444,5000 Steps,walking,Quick one: take a quick walk 🚶
8445,Quit Porn,noporn,"Clean day, clear head 🌱"
8446,Network,social,Breaking news: message a friend 💬
8447,Thyroid Tablet,meds,"Take your vitamins, just 5 min ⏰"
8448,Self Care,mood,Quick one: take a kind pause 💭
8449,Daily Problem,coding,"Practice one algorithm, no excuses 🚀"
8450,Low Carb,fasting,"Keep the kitchen closed, promise? 🥑"
8451,Box Breathing,meditation,Gentle reminder: be present 🍃
8452,Cold Shower,hygiene,Fresh is the new cool 🧼
8453,Jog,running,Start your run and slay 👟
8454,Quit Porn,noporn,"Stay free, stay you 🚫"
8455,Shave,hygiene,"Hey, freshen up 🪥"
8456,Healthy Meal,meal,Friendly nudge: add some veggies 🍲
8457,Morning Water,hydration,Future you says: refill your bottle 🚰
8458,Photography,creative,Quick one: shoot one photo 💡
8459,Hair Oil,skincare,"Pamper your skin, just 5 min 🧴"
8460,Shave,hygiene,"Wash your hands, bestie 🧼"
8461,Diary,journaling,"Reflect on today, legend 📝"
8462,Moisturize,skincare,Plot twist: do your night routine 🌸
8463,Journal,journaling,"Reflect on today, no cap 📝"
8464,Flowers,plants,Vibe check: give them sunlight 🪴
8465,Content Creation,creative,Small win: brainstorm one idea 🎨
8466,Keto,fasting,"Eat a protein-rich meal, no excuses 🍵"
8467,Screen Break,screen_break,"Lowkey, rest your eyes 👀"
8468,Learn Spanish,practice,"Hey, do your lesson 🌍"
8469,Morning Run,running,"Lace up and run, no cap 🏃"
8470,Painting,creative,Quick one: pick up your brush 🎨
8471,Pranayama,meditation,Don't leave your breath on read 🌿
8472,Reflect,journaling,"List three good things, no cap 💭"
8473,Self Control,nofap,"Do 20 pushups instead, bestie 🔒"
8474,Mobility,stretching,Reminder: do a forward fold 🧘
8475,Omega 3,meds,Your sign to take your tablet 💊
8476,Feed Fish,pets,Pet care is self care 🐾
8477,Cook Dinner,meal,Eat on time - you got this 🍳
8478,Pranayama,meditation,"Take ten deep breaths, bestie 🍃"
8479,Omega 3,meds,Future you says: pop your supplement ⏰
8480,Flexibility,stretching,Your sign to roll your neck 🧘
8481,Meditate,meditation,Future you says: sit and breathe 🌿
8482,Guitar Practice,practice,Your sign to learn one new phrase 🌍
8483,Morning Routine,wake,"Turn off the alarm, promise? ⏰"
8484,Read Before Bed,reading,"Read five pages, no cap 📚"
8485,Yoga,stretching,"No cap, do a forward fold 🧘"
8486,Call Grandparents,social,Call your dad now 💬
8487,Pull Day,workout,Move that body now 💪
8488,No Porn,noporn,"Ahem, stay free today 🧠"
8489,Jogging,running,Run era starts now 👟
8490,20-20-20,screen_break,Gentle reminder: take a screen break 👀
8491,Park Walk,walking,Your sign to go around the park 🚶
8492,Post-dinner Walk,walking,Vibe check: walk for fifteen minutes 🚶
8493,NoFap,nofap,Choose the long game 🔒
8494,Check List,other,"Ahem, finish it today 🙌"
8495,Wind Down,sleep,"Bed is calling, pick up 🛌"
8496,Morning Prayer,prayer,"Psst, take a moment to pray 🙏"
8497,Less TikTok,screen_break,"No cap, switch off notifications 📵"
8498,Breathwork,meditation,POV: you take ten deep breaths 🌿
8499,Iron Tablet,meds,"Hello hello, check your meds ⏰"
8500,Affirmations,journaling,Gratitude in three lines 📝
8501,Less TikTok,screen_break,"Close the reels, please? 👀"
8502,Web Dev,coding,"Write some code, just 5 min 💻"
8503,Write Blog,creative,Vibe check: write for ten minutes 🎨
8504,Celibacy,nofap,Small win: leave your room 🔒
8505,Savings Goal,finance,"Hey, check your budget 💰"
8506,No Snacking,fasting,Quick one: eat inside your window 🍵
8507,Deep Work,focus,"Hey bestie, do your top task ⏳"
8508,Debug,coding,"Hey bestie, solve one problem 💻"
8509,IMD,fasting,"Diet on track, slay 🕐"
8510,Less Caffeine,quit,"Protect your quit streak, just 5 min 💚"
8511,No Social Media,screen_break,Blink and look away today 📵
8512,Gratitude,journaling,"Yo, write three lines 📝"
8513,Quit Porn,noporn,Stay clean today fr 🌱
8514,Water Plants,plants,Water the garden rn 💦
8515,Night Brush,hygiene,Wash your hands fr 🦷
8516,No Soda,quit,Smoke-free looks good on you 💚
8517,Omega 3,meds,Breaking news: take your tablet ⏰
8518,Sleep Early,sleep,"Go to bed, please? 😴"
8519,Groom Pet,pets,Feed your pet rn 🐶
8520,Mood Log,mood,Small win: be gentle with yourself 🫶
8521,Feed Bird,pets,Brush your pet now 🐱
8522,NoFap,nofap,"Hey bestie, stay busy today 👑"
8523,Minoxidil,skincare,Future you says: pamper your skin 🌸
8524,Clean Room,chores,"Hey, put things back 🧽"
8525,Self Control,nofap,"Stay busy today, legend 👑"
8526,Daily Problem,coding,"Hey bestie, finish one feature 🚀"
8527,No Junk,quit,"Hey, say no today 💚"
8528,Flowers,plants,"Mist your plants, legend 🪴"
8529,Temple Visit,prayer,"Chant your mantra, legend 🪔"
8530,Morning Run,running,POV: you do your intervals 💨
8531,IMD Diet,fasting,"No cap, skip the late snack 🥑"
8532,Save Money,finance,Reminder: skip one impulse buy 💸
8533,No Late Nights,sleep,Netflix will wait. Sleep won't 😴
8534,Exam Prep,studying,"Future topper, open your notes 📝"
8535,Mental Health Check,mood,Log how you feel and slay 🌈
8536,Vacuum,chores,"Clean the kitchen, no cap 🧽"
8537,N2,nofap,"Lock the phone, step out and slay 🧠"
8538,Serum,skincare,"Hydrated skin, happy skin 🧴"
8539,NoFap,nofap,"Go for a walk now, please? 🧠"
8540,Mantra,prayer,Your sign to say a short prayer 🪔
8541,Self Control,nofap,Okay but self control? 🔒
8542,Invest,finance,Vibe check: move money to savings 💸
8543,Pills,meds,Vibe check: take your pills 💊
8544,Grooming,hygiene,"Hey, brush for two minutes 🪥"
8545,Lab Record,studying,Study one chapter rn 🎓
8546,Coding,coding,"Write some code, no excuses 🚀"
8547,Pay Bills,finance,"Log your expenses, promise? 💸"
8548,No Junk Food,meal,Future you says: grab some fruit 🍲
8549,Marathon Prep,running,Reminder: jog for 15 minutes 💨
8550,Wake at 6,wake,Reminder: wake up now 🌅
8551,Invest,finance,Friendly nudge: pay your bills 💸
8552,5AM Club,wake,"No cap, get out of bed 🐓"
8553,My Task,other,Friendly nudge: make progress today ⭐
8554,18:6 Fast,fasting,Quick one: log your fasting hours 🥑
8555,Brisk Walk,walking,Fresh air > excuses 🚶
8556,Read Before Bed,reading,"Continue your story, no cap 📖"
8557,Plant Care,plants,Give them sunlight today 💦
8558,Floss,hygiene,"Lowkey, floss tonight 🦷"
8559,Morning Yoga,stretching,Your sign to do a forward fold 🧘
8560,Breakfast,meal,"Lowkey, add some protein 🍲"
8561,Water Goal,hydration,Bottle empty? 🚰
8562,Calisthenics,workout,"Hello hello, move that body 🥇"
8563,Floss,hygiene,Quick one: freshen up 🦷
8564,Wake at 6,wake,"Put your feet down, legend ⏰"
8565,Eye Break,screen_break,Go offline for a bit and slay 📵
8566,Side Project,coding,"Not to nag, but fix one bug 🚀"
8567,Less TikTok,screen_break,Quick one: rest your eyes 🔌
8568,Sleep Early,sleep,Breaking news: sleep on time 🌙
8569,Craft,creative,"Sketch for 10 minutes, promise? 💡"
8570,Balcony Garden,plants,Quick one: give them sunlight 🪴
8571,Call Parents,social,"Call someone you love, no cap 📞"
8572,Flexibility,stretching,Real talk: loosen your shoulders 🤸
8573,Pet Care,pets,Breaking news: walk your dog 🐱
8574,Vitamin D3,meds,"Okay legend, check your meds ⏰"
8575,Brush Teeth,hygiene,Trim your nails rn 🧼
8576,Affirmations,journaling,Your sign to write your affirmations 💭
8577,Abs,workout,"Warm up and go, legend 🥇"
8578,Call Parents,social,Quick one: check on a friend 🤝
8579,Self Control,nofap,"Go for a walk now, no cap 👑"
8580,Kotlin Practice,coding,"Not to nag, but open your IDE 💻"
8581,Breathwork,meditation,Breathe slowly for a minute fr 🍃
8582,Mantra,prayer,"Spirit check, quick one 🕊"
8583,Steps Goal,walking,"Ahem, take the stairs 👟"
8584,5AM Club,wake,"Wake up now, no cap 🌅"
8585,Evening Stretch,stretching,Do a forward fold and slay 🧘
8586,Feed Dog,pets,Food bowl > excuses 🐱
8587,Laundry,chores,Main character move: do the dishes 🧽
8588,20-20-20,screen_break,"Put your phone away, bestie 📵"
8589,Wind Down,sleep,Bedtime yet? 🌙
8590,Pooja,prayer,Your sign to chant for 5 minutes 🪔
8591,OMAD,fasting,Real talk: log your fasting hours 🕐
8592,Posture Check,stretching,Stretch break? 🧘
8593,Brush Teeth,hygiene,"Shower first, scroll later 🧼"
8594,3L Water,hydration,"No cap, drink up 🥤"
8595,No Nut,nofap,"Leave your room, just 5 min 🔒"
8596,Lift Weights,workout,"Psst, warm up and go 💪"
8597,Sketch,creative,Shoot one photo today 💡
8598,Reflect,journaling,What made you smile? 💭
8599,Morning Meditation,meditation,Pause the noise 🧘
8600,Couch to 5K,running,"Run at easy pace, just 5 min 👟"
8601,Flowers,plants,Vibe check: turn your pots 💦
8602,Walk,walking,Real talk: take a quick walk 🌳
8603,Mobility,stretching,"Do a sun salutation, please? 🤸"
8604,No Phone,screen_break,Blink and look away and slay 👀
8605,Lunch Break,meal,"Grab some fruit, bestie 🍲"
8606,Hot Girl Walk,walking,Outdoor mode: ON 🚶
8607,Read Gita,prayer,POV: you take a moment to pray 🕊
8608,Call Family,social,Don't ghost a phone call 🤝
8609,Box Breathing,meditation,Breathe slowly for a minute today 🧘
8610,Breakfast,meal,Okay but food? 🥗
8611,Herb Garden,plants,"Psst, water your plants 🌱"
8612,Serum,skincare,SPF is non-negotiable 🧴
8613,No NSFW,noporn,Close that tab today 🌱
8614,Meal Prep,meal,Add some protein fr 🍲
8615,No Snacking,fasting,"Eat a protein-rich meal, superstar 🍵"
8616,Therapy Notes,mood,"Write one feeling, no excuses 🫶"
8617,Running,running,Quick one: start your run 🏃
8618,3 Good Things,journaling,Real talk: write one page 💭
8619,Eating Window,fasting,"Start your fast now, promise? 🍵"
8620,Healthy Meal,meal,Plot twist: prep a healthy meal 🍲
8621,Early to Bed,sleep,Leave your phone outside fr 😴
8622,Night Routine,skincare,Real talk: do your skincare 🧴
8623,Morning Routine,wake,Quick one: leave your bed ⏰
8624,Vocab,practice,"Do your lesson, promise? 🎸"
8625,Pranayama,meditation,"Okay legend, do box breathing 🌿"
8626,Face Wash,skincare,Self-care is skincare 🌸
8627,Eye Break,screen_break,Main character move: close the reels 🔌
8628,No Late Nights,sleep,"Psst, say good night 🌙"
8629,Jog,running,Friendly nudge: hit the track 💨
8630,Phone Free Dinner,screen_break,"Look out the window, just 5 min 👀"
8631,Early Riser,wake,"Turn off the alarm, no excuses ⏰"
8632,Hot Girl Walk,walking,Gentle reminder: hit your step goal 🌳
8633,Clear Emails,focus,"Clear your inbox, promise? ⏳"
8634,Read Before Bed,reading,Plot twist: you read today 📖
8635,Fasting,fasting,Don't leave the diet on read 🍵
8636,Treadmill Run,running,Your lungs want a workout 🏃
8637,Task A,other,"Hey, get it done ⭐"
8638,Insulin,meds,Plot twist: take your pills ⏰
8639,Routine,other,Vibe check: finish it today 🙌
8640,Web Dev,coding,One problem a day 🐛
8641,Write Thoughts,journaling,Reminder: reflect on today 📓
8642,Meal Prep,meal,"Hey bestie, eat on time 🍲"
8643,Less Reels,screen_break,"Psst, blink and look away 👀"
8644,Lunch Walk,walking,"Walk around the block, legend 👟"
8645,Worship,prayer,Say a short prayer fr 🕊
8646,Stretch,stretching,"Do a sun salutation, no cap 🧘"
8647,Pet Care,pets,Breaking news: feed your dog 🐶
8648,Feed Bird,pets,Small win: feed your cat 🐱
8649,Drink 8 Glasses,hydration,"Water slaps, try it 🥤"
8650,Mouthwash,hygiene,"Ahem, take a quick bath 🧼"
8651,No Snooze,wake,Get out of bed fr ⏰
8652,Sketch,creative,Small win: write one paragraph 💡
8653,Do The Thing,other,Main character habit unlocked ✅
8654,Meditation,meditation,"Hey, breathe slowly for a minute 🧘"
8655,Lunch Walk,walking,The park misses you 👟
8656,No Doomscrolling,screen_break,Quick one: look out the window 👀
8657,Digital Detox,screen_break,Plot twist: keep your phone aside 📵
8658,Creatine,meds,Consistency heals 💊
8659,Posture Check,stretching,"Hey bestie, do a quick stretch 🤸"
8660,Worship,prayer,"No cap, do your pooja 🙏"
8661,Reply Messages,social,"Say hi, it's free 🤝"
8662,CTM Routine,skincare,Breaking news: pamper your skin 🧴
8663,Eat Breakfast,meal,Veggies are lowkey elite 🥗
8664,SPF,skincare,Your sign to wash your face 🧴
8665,Take Medicine,meds,Reminder: take your pills ⏰
8666,Less TikTok,screen_break,"Blink and look away, legend 📵"
8667,Nicotine Free,quit,"Skip the smoke break, no excuses 🌿"
8668,Dinner,meal,"Eat on time, superstar 🍳"
8669,Walk Dog,pets,Your pet counts on you 🐱
8670,Posture Check,stretching,Pilates princess energy 🧘
8671,Celibacy,nofap,Small win: try a cold shower 🔒
8672,20 Pages,reading,Open your book now 🔖
8673,New Habit,other,Reminder: keep your streak ✅
8674,Flowers,plants,Thirsty leaves alert 🌱
8675,Call Mom,social,Plan a catch up rn 📞
8676,Task A,other,Just start. That's it. ⭐
8677,Posture Check,stretching,"Hello hello, do a quick stretch 🧘"
8678,Walk Dog,pets,"Food bowl time? Yes, now. 🐱"
8679,No Phone,screen_break,"Okay legend, go offline for a bit 👀"
8680,EMI,finance,"Check your SIP, legend 💰"
8681,Brush Teeth,hygiene,"Fresh breath first, scroll later 🧼"
8682,Balcony Garden,plants,"Okay legend, check your plants 💦"
8683,Cardio,workout,Main character move: crush one set 🥇
8684,Reading,reading,"Psst, read before bed 🔖"
8685,Wake Up Early,wake,"Okay legend, rise and shine ⏰"
8686,Run 3 KM,running,"Hey, start your run 💨"
8687,Marathon Prep,running,Finish line feelings await 💨
8688,Water Plants,plants,"Hey bestie, mist your plants 💦"
8689,Reflect,journaling,Reminder: note your wins 💭
8690,Feed Bird,pets,Not a drill: food bowl time 🐶
8691,Discipline Streak,nofap,"No cap, redirect your energy 👑"
8692,Early to Bed,sleep,"Get some sleep, promise? 🌙"
8693,Nap,sleep,"Switch off the lights, no excuses 🌙"
8694,Semester Prep,studying,Vibe check: revise yesterday's notes 📚
8695,Meal Prep,meal,Plot twist: eat a proper dinner 🍳
8696,Morning Walk,walking,Plot twist: lace up and walk 🚶
8697,Singing,practice,POV: you practice for 15 minutes 🌍
8698,Posture Check,stretching,POV: you stretch your back 🧘
8699,Warm Water,hydration,"Lowkey, sip some water 💧"
8700,Eat Fruit,meal,"Hey, eat on time 🍲"
8701,Morning Routine,wake,Gentle reminder: turn off the alarm 🌅
8702,5AM Club,wake,Put your feet down and slay 🐓
8703,Namaz,prayer,"No cap, take a moment to pray 🙏"
8704,Groceries,chores,Sweep the floor and slay 🧽
8705,Sketch,creative,"Create something, anything 🎨"
8706,N2,nofap,Don't ghost Your NoFap streak 🧠
8707,Save Money,finance,"Not to nag, but log your expenses 📈"
8708,Piano,practice,"Practice for 15 minutes, promise? 🎵"
8709,Draw,creative,"Yo, write one paragraph 💡"
8710,Herb Garden,plants,"Give them sunlight, legend 🌱"
8711,Duolingo,practice,Keys are calling 🌍
8712,Office Work,focus,Distraction-free zone 🔕
8713,Pet Care,pets,"Feed your cat, legend 🐶"
8714,New Habit,other,Gentle reminder: complete your goal 🙌
8715,Audiobook,reading,"Hello hello, finish a chapter 📚"
8716,GitHub Commit,coding,"Finish one feature, please? 💻"
8717,Pranayama,meditation,"Meditation first, scroll later 🍃"
8718,Urge Control,nofap,"Yo, lock the phone, step out 👑"
8719,5AM Club,wake,"Hey, skip the snooze 🐓"
8720,Routine,other,Gentle reminder: do it now 🙌
8721,Urge Control,nofap,"Protect your streak, just 5 min 🧠"
8722,IMD Diet,fasting,"Hey, close your eating window 🍵"
8723,Unplug,screen_break,POV: you switch off notifications 👀
8724,Quit Vaping,quit,Quit streak safe? 🌿
8725,Retention,nofap,Gentle reminder: stay disciplined 🧠
8726,Pullups,workout,"Psst, train hard today 🥇"
8727,Lunch,meal,"Psst, have lunch now 🍳"
8728,Flexibility,stretching,Friendly nudge: do a forward fold 🤸
8729,Calisthenics,workout,Show up and lift rn 🥇
8730,3L Water,hydration,"Refill your bottle, promise? 🥤"
8731,Content Creation,creative,Creativity o'clock! 🎨
8732,Morning Water,hydration,"Hello hello, take a big sip 💧"
8733,Office Work,focus,Gentle reminder: clear your inbox 🎯
8734,Healthy Meal,meal,Prep a healthy meal today 🍲
8735,Mental Health Check,mood,Okay but self care? 🌈
8736,Inhaler,meds,Take today's dose rn ⏰
8737,Herb Garden,plants,"Sun and water, that's all 🌱"
8738,No Alcohol,quit,"Ahem, skip the sugar today 🌿"
8739,No Social Media,screen_break,Chronically online? Log off 📵
8740,Sleep Early,sleep,POV: you plug in and lie down 🛌
8741,Posture Check,stretching,"Stretching, then chill 🤸"
8742,Serum,skincare,"Oil your hair, no excuses ✨"
8743,No Junk Food,meal,Main character move: fuel your body 🍳
8744,Reminder,other,"Do it now, promise? ✅"
8745,Balcony Garden,plants,"Water the garden, legend 🪴"
8746,Call Grandparents,social,Okay but your friends? 🤝
8747,Morning Pages,journaling,"Yo, jot down your thoughts 💭"
8748,GATE Prep,studying,"Psst, revise yesterday's notes 📝"
8749,Habit,other,"Hey, keep your streak 🙌"
8750,Debug,coding,Solve one problem fr 💻
8751,Meditate,meditation,"Yo, take ten deep breaths 🍃"
8752,Succulents,plants,"Water your plants, promise? 🌱"
8753,Bedtime,sleep,"Start winding down, bestie 🌙"
8754,No Sugar,quit,Sobriety > excuses 🌿
8755,Goal,other,Get it done today 🙌
8756,Morning Meditation,meditation,"Hello hello, focus on your breath 🍃"
8757,Hair Oil,skincare,Glow up loading 🌸
8758,Daily Problem,coding,Friendly nudge: finish one feature 🐛
8759,To-Do List,focus,"Hello hello, focus for 25 minutes ⏳"
8760,Top 3 Tasks,focus,Silence your phone today 🔕
8761,Pills,meds,Take your capsule and slay ⏰
8762,Build App,coding,"Solve one problem, superstar 💻"
8763,Design Practice,creative,Vibe check: pick up your brush 🎨
8764,No Distractions,focus,"Psst, do your top task 🔕"
8765,Quit Porn,noporn,"Splash cold water, promise? 🌱"
8766,Journal,journaling,Reflect on today fr 📝
8767,Clean Mind,noporn,Okay but a clear mind? 🚫
8768,Morning Meditation,meditation,"Slow breath, fast calm 🧘"
8769,Clean Mind,noporn,"Okay legend, splash cold water 🧠"
8770,Content Creation,creative,"Make art, not excuses 💡"
8771,Lunch Break,meal,"Lowkey, add some veggies 🍲"
8772,Podcast,creative,Breaking news: write a short poem 💡
8773,Wind Down,sleep,Gentle reminder: get into bed 🌙
8774,No Sugar,quit,"Lowkey, skip it today 🌿"
8775,No NSFW,noporn,Freedom > excuses 🚫
8776,Less Reels,screen_break,Lock your phone for a bit fr 📵
8777,Repot Plant,plants,"Repot one plant, please? 💦"
8778,Exercise,workout,"Move that body, no excuses 💪"
8779,No Sugar,quit,POV: you skip the sugar today 🌿
8780,Balcony Garden,plants,"Give them water, superstar 🌱"
8781,Walk Dog,pets,Your sign to feed your dog 🐾
8782,Quit Porn,noporn,Main character move: close that tab 🚫
8783,Gym,workout,Breaking news: hit the gym 🔥
8784,Morning Yoga,stretching,"Ahem, stretch your back 🤸"
8785,Emotions,mood,"Hello hello, check your mood 💭"
8786,Revision,studying,"Study for 25 minutes, promise? 📝"
8787,Shower,hygiene,Breaking news: take a quick bath 🧼
8788,Focus Session,focus,"Hey bestie, silence your phone 🔕"
8789,Clean Mind,noporn,"Clean mind, clear life 🧠"
8790,Plant Care,plants,Breaking news: trim dead leaves 🌱
8791,Succulents,plants,Real talk: mist your plants 🌱
8792,Kitchen Clean,chores,Quick one: do the dishes 🧹
8793,Audiobook,reading,Breaking news: open your book 🔖
8794,Night Routine,skincare,Quick one: moisturize now 🌸
8795,10 Min Yoga,stretching,"No cap, stretch for 5 minutes 🧘"
8796,Laundry,chores,"Fold your clothes, promise? 🧺"
8797,Deep Work,focus,"Yo, finish one task ⏳"
8798,Wake at 6,wake,Your alarm needs you now ⏰
8799,Pills,meds,Your sign to take your capsule ⏰
8800,No Junk Food,meal,"Hey, grab some fruit 🥗"
8801,Gratitude List,journaling,"No cap, write one gratitude 📝"
8802,Lab Record,studying,Future you says: solve a mock test 📝
8803,Screen Break,screen_break,Look far for 20 seconds rn 🔌
8804,Check In,mood,Your sign to take a deep breath 🌈
8805,Call Dad,social,Call your dad today 📞
8806,Offline Hour,screen_break,"No cap, go offline for a bit 🔌"
8807,No Social Media,screen_break,Friendly nudge: take a screen break 👀
8808,Coding,coding,Quick one: write some code 💻
8809,Healthy Meal,meal,Vibe check: eat on time 🍲
8810,Self Control,nofap,"Hello hello, protect your streak 🔒"
8811,Temple Visit,prayer,"Take a moment to pray, no excuses 🕊"
8812,Challenge,other,"Psst, start for 5 minutes ✅"
8813,No Junk,quit,Quick one: protect your quit streak 💚
8814,No Spend Day,finance,Savings era starts now 💰
8815,Japanese,practice,"Pick up your instrument, no cap 🌍"
8816,Power Nap,sleep,"Ahem, plug in and lie down 🛌"
8817,Revision,studying,Vibe check: review your flashcards 🎓
8818,Eat Salad,meal,Main character eats on time 🍲
8819,Meditate,meditation,Sit in silence rn 🍃
8820,Box Breathing,meditation,"Slow down, you're doing fine 🍃"
8821,Reading,reading,"Chapter time, legend 📖"
8822,Gardening,plants,"Hey bestie, give them sunlight 💦"
8823,Sugar Free,quit,Quick one: wait ten minutes first 🚭
8824,Rise and Shine,wake,Small win: get out of bed 🐓
8825,Assignment,studying,"Review your flashcards, no excuses 📚"
8826,Couch to 5K,running,"Chase a new PR, no excuses 💨"
8827,Hot Girl Walk,walking,"Stretch your legs, just 5 min 🌳"
8828,Interval Run,running,Breaking news: go for a short run 💨
8829,Reading,reading,"Reading era, never ending 📚"
8830,Flowers,plants,POV: you give them sunlight 💦
8831,Eye Break,screen_break,"Take a screen break, no cap 🔌"
8832,Call Mom,social,Call your dad fr 📞
8833,Herb Garden,plants,Friendly nudge: check your plants 🌱
8834,Focus Session,focus,Close extra tabs rn 🔕
8835,Plant Care,plants,"Turn your pots, promise? 🌱"
8836,Study,studying,Plot twist: open your notes 📝
8837,Digital Purity,noporn,Future you says: splash cold water 🧠
8838,Brunch,meal,"Okay legend, grab some fruit 🍲"
8839,Prayer,prayer,Grateful today? 🪔
8840,Check In,mood,POV: you check in with yourself 💭
8841,Retinol,skincare,"Put on sunscreen, no excuses ✨"
8842,Office Work,focus,"Get it done, then have fun 🎯"
8843,LeetCode,coding,One problem? 🚀
8844,Budget,finance,"Hey, note today's spending 📈"
8845,Jog,running,POV: you jog for 15 minutes 🏃
8846,Make Bed,chores,Fold your clothes today 🧹
8847,Typing Practice,practice,Your lesson is calling 🌍
8848,Ukulele,practice,"Okay legend, learn one new phrase 🌍"
8849,GitHub Commit,coding,"Hey bestie, write one function 🚀"
8850,Phone Free Dinner,screen_break,"Touch grass, not glass 🔌"
8851,Feed Dog,pets,"Hey, give a treat 🐾"
8852,Daily Problem,coding,One commit keeps the streak 🚀
8853,Edit Video,creative,"Pick up your brush, superstar 🎬"
8854,Inhaler,meds,Future you says: take today's dose 💊
8855,Early to Bed,sleep,Plug in and lie down and slay 🌙
8856,Make Bed,chores,"Sweep the floor, legend 🧺"
8857,Breathwork,meditation,Vibe check: try a body scan 🌿
8858,Make Bed,chores,Friendly nudge: make your bed 🧹
8859,3L Water,hydration,It's giving water 🥤
8860,Mood Check,mood,"Take a kind pause, just 5 min 🌈"
8861,Grooming,hygiene,"Use mouthwash, no cap 🪥"
8862,Habit,other,Future you says: finish your task ✅
8863,Therapy Notes,mood,Future you says: rate your day 💭
8864,Call Grandparents,social,Message a friend now 🤝
8865,Read 10 Pages,reading,Move your bookmark today 📚
8866,Repot Plant,plants,"Hello hello, trim dead leaves 🪴"
8867,Mobility,stretching,"Flow for ten minutes, no cap 🤸"
8868,No NSFW,noporn,Splash cold water today 🌱
8869,Eat Veggies,meal,Gentle reminder: prep a healthy meal 🍳
8870,Dance Practice,practice,Your owl is not happy 🌍
8871,Focus Session,focus,Quick one: plan your day ⏳
8872,Succulents,plants,Gentle reminder: give them water 🌱
8873,Learn Python,coding,Solve one problem rn 🚀
8874,No Junk Food,meal,Eat like you love yourself 🍲
8875,Learn Python,coding,"Hey, solve a LeetCode problem 🐛"
8876,Bath,hygiene,"Hello hello, wash your hands 🦷"
8877,Phone Free Dinner,screen_break,Go offline for a bit rn 👀
8878,Offline Hour,screen_break,"Take a screen break, superstar 👀"
8879,Study,studying,"Hey, review your flashcards 🎓"
8880,Call Family,social,"Lowkey, call your mom 🤝"
8881,Emotions,mood,"Hello hello, name your feeling 💭"
8882,Rent,finance,Gentle reminder: log your expenses 📈
8883,Clean Mind,noporn,"Yo, call a friend instead 🧠"
8884,Eat On Time,meal,Small win: add some veggies 🍲
8885,Cut Nails,hygiene,"Not to nag, but trim your nails 🦷"
8886,Post-dinner Walk,walking,Shoes on? 👟
8887,Call Mom,social,Family is calling 💬
8888,Morning Prayer,prayer,Plot twist: read one verse 🪔
8889,Journal,journaling,"Hello hello, write a brain dump 📓"
8890,Clean Mind,noporn,Vibe check: stay clean today 🚫
8891,Cook Dinner,meal,"Ahem, eat something healthy 🍳"
8892,Affirmations,journaling,"Fill today's page, legend 📓"
8893,Challenge,other,"No cap, tick this off 🙌"
8894,Routine,other,Gentle reminder: show up today 🙌
8895,Keto,fasting,"Eat inside your window, superstar 🕐"
8896,Plank,workout,"Start your workout, legend 💪"
8897,Side Project,coding,"Write some code, please? 🚀"
8898,Running,running,POV: you go for a short run 💨
8899,Chest Day,workout,Skipping today? 💪
8900,Chanting,prayer,Read one verse fr 🪔
8901,Emotions,mood,Name your feeling now 🫶
8902,Morning Water,hydration,"Take five sips, superstar 💧"
8903,Meet Friends,social,Check on your people and slay 📞
8904,Call Dad,social,Plot twist: call your dad 🤝
8905,Do The Thing,other,Complete your goal now ✅
8906,No Nut,nofap,"Go to the gym instead, superstar 🔒"
8907,Drink Water,hydration,"Finish that bottle, just 5 min 💧"
8908,Mindfulness,meditation,"Focus on your breath, bestie 🌿"
8909,Floss,hygiene,Friendly nudge: brush your teeth 🪥
8910,Hair Serum,skincare,Pimples hate routine 🧴
8911,Check Bank,finance,Your sign to move money to savings 📈
8912,Pay Bills,finance,Check your SIP - you got this 📈
8913,Eating Window,fasting,Your sign to log your fasting hours 🍵
8914,Painting,creative,Write for ten minutes now 🎨
8915,10k Steps,walking,Friendly nudge: lace up and walk 🚶
8916,How Am I Feeling,mood,Rate your day and slay 🫶
8917,Mood Check,mood,Your heart needs you now 💭
8918,No Spend Day,finance,Check your accounts today 💰
8919,Running,running,POV: you go for a run 🏃
8920,Call Parents,social,Message a friend today 🤝
8921,Diet Plan,fasting,"Ahem, hold your fast 🕐"
8922,No Distractions,focus,Close extra tabs today ⏳
8923,Wake Up Early,wake,"Rise and shine, bestie ⏰"
8924,Moisturize,skincare,Quick one: finish your routine ✨
8925,Cut Nails,hygiene,Small win: use mouthwash 🪥
8926,No Junk,quit,Protect your quit streak rn 🚭
8927,No Spend Day,finance,"Hello hello, log your expenses 💰"
8928,Clean Room,chores,Tidy up for 10 minutes rn 🧽
8929,Phone Free Dinner,screen_break,Look out the window rn 📵
8930,Doodle,creative,POV: you sketch for 10 minutes 🎬
8931,Running,running,"Cardio is calling, answer 💨"
8932,Jog,running,Run o'clock! 🏃
8933,20-20-20,screen_break,"Put it down, look around 📵"
8934,DSA,coding,Write some code now 🐛
8935,Retention,nofap,"Yo, stay busy today 👑"
8936,Nap,sleep,Take a power nap now 🛌
8937,Task A,other,"Psst, tick this off ✅"
8938,Reading,reading,"Okay legend, read ten pages 📚"
8939,Groceries,chores,"Hey bestie, tidy up for 10 minutes 🧹"
8940,Wake Up,wake,Your sign to leave your bed 🐓
8941,20-20-20,screen_break,"Ahem, go offline for a bit 📵"
8942,Namaz,prayer,"Say your prayers, just 5 min 🕊"
8943,YouTube Video,creative,Quick one: work on your project 🎨
8944,Guitar Practice,practice,Plot twist: learn one new phrase 🎵
8945,Write Story,creative,"Creativity, then chill 🎨"
8946,Reset Sunday,chores,"Clean your desk, promise? 🧹"
8947,Sunscreen,skincare,Breaking news: massage your scalp 🌸
8948,Pomodoro,focus,"Hey bestie, plan your day ⏳"
8949,Iron Clothes,chores,"Start the laundry, bestie 🧺"
8950,Play with Dog,pets,"Yo, brush your pet 🐶"
8951,SIP,finance,POV: you update your budget 📈
8952,Pranayama,meditation,Breaking news: focus on your breath 🧘
8953,Litter Box,pets,"Walk your dog, bestie 🐶"
8954,Hike,walking,"Hit your step goal, no cap 🚶"
8955,Vitamins,meds,"No cap, take it with water 💊"
8956,Emotions,mood,"Yo, take a kind pause 🌈"
8957,10k Steps,walking,Friendly nudge: walk for ten minutes 🚶
8958,Early to Bed,sleep,Sleepy? 🛌
8959,Task A,other,"Psst, make progress today ✅"
8960,My Task,other,"Finish your task, please? ⭐"
8961,Journal,journaling,Real talk: write three lines 💭
8962,Feed Dog,pets,Fill the water bowl fr 🐱
8963,3 Good Things,journaling,Small win: fill today's page 📝
8964,Lift Weights,workout,Main character move: move that body 💪
8965,16:8 Fasting,fasting,Reminder: sip some green tea 🍵
8966,JEE Prep,studying,"Revise yesterday's notes, superstar 📝"
8967,Check In,mood,"Rate your day, be honest 💭"
8968,Side Project,coding,"Hello hello, code for 30 minutes 🚀"
8969,Manga,reading,Okay but your book? 📚
8970,Night Journal,journaling,"Not to nag, but note your wins 💭"
8971,Brisk Walk,walking,"Step outside, promise? 👟"
8972,3 Good Things,journaling,"Hey bestie, write in your journal 📝"
8973,Pranayama,meditation,You + meditation = iconic 🧘
8974,Litter Box,pets,"Give some cuddles, superstar 🐾"
8975,Sketch,creative,Pick up your brush today 🎬
8976,Morning Workout,workout,Hit the gym now 🥇
8977,5AM Club,wake,Put your feet down today 🌅
8978,Creatine,meds,Your sign to take your vitamins ⏰
8979,Check Bank,finance,"Note today's spending, superstar 📈"
8980,CTM Routine,skincare,"Yo, pamper your skin 🌸"
8981,Eat Fruit,meal,"Hello hello, add some veggies 🍲"
8982,Shower,hygiene,Take a cold shower now 🪥
8983,No Phone,screen_break,"Ahem, look out the window 👀"
8984,Semester Prep,studying,"Okay legend, study one chapter 📝"
8985,Strength Training,workout,Do a quick workout today 🔥
8986,Cut Nails,hygiene,Friendly nudge: trim your nails 🧼
8987,Read News,reading,"Open your kindle, no excuses 🔖"
8988,No Sugar,quit,Your sign to skip it today 🚭
8989,Personal Goal,other,Vibe check: finish your task ⭐
8990,Sun Salutation,stretching,"Hey bestie, do a sun salutation 🧘"
8991,Pilates,stretching,Do a quick stretch rn 🤸
8992,Exercise,workout,Gym > excuses 🥇
8993,Learn Korean,practice,Real talk: pick up your instrument 🌍
8994,Date Night,social,Quick one: send a voice note 📞
8995,Feel Good,mood,"Check in with yourself, please? 🫶"
8996,Pranayama,meditation,Your sign to do box breathing 🧘
8997,Vet Visit,pets,"Give a treat, legend 🐱"
8998,10k Steps,walking,Real talk: walk for fifteen minutes 👟
8999,Plan the Day,focus,"Lowkey, focus for 25 minutes ⏳"
9000,Content Creation,creative,"No cap, write for ten minutes 🎨"
9001,Mouthwash,hygiene,"Floss tonight, no excuses 🪥"
9002,Pay Bills,finance,"Okay legend, log your expenses 📈"
9003,Morning Meditation,meditation,Friendly nudge: sit in silence 🍃
9004,10 Min Calm,meditation,"Breathe slowly for a minute, bestie 🍃"
9005,To-Do List,focus,Block your calendar today 🎯
9006,Kitchen Clean,chores,"Start the laundry, no excuses 🧹"
9007,Iron Clothes,chores,"Tidy up for 10 minutes, promise? 🧹"
9008,Poetry,creative,"Okay legend, edit your video 🎨"
9009,Eat Fruit,meal,Reminder: fuel your body 🍳
9010,Prayer,prayer,Quiet time with God 🙏
9011,10 Min Calm,meditation,A calm you is a cool you 🧘
9012,Pet Care,pets,Your pet misses you 🐶
9013,Office Work,focus,Make today count ⏳
9014,Kitchen Clean,chores,"Fold your clothes, no excuses 🧹"
9015,Insulin,meds,"Stay on track, stay well ⏰"
9016,Cold Shower,hygiene,"Take a quick bath, please? 🧼"
9017,Meditation,meditation,POV: you do box breathing 🍃
9018,Poetry,creative,POV: you brainstorm one idea 🎨
9019,Warm Water,hydration,Plot twist: finish that bottle 💧
9020,Read a Chapter,reading,Continue your story - you got this 📖
9021,Wake Up Early,wake,Skip the snooze now 🐓
9022,Creatine,meds,"Hello hello, take your vitamins ⏰"
9023,Box Breathing,meditation,Gentle reminder: sit in silence 🧘
9024,Drums,practice,Every pro was a beginner 🌍
9025,Write Blog,creative,Gentle reminder: brainstorm one idea 💡
9026,Temple Visit,prayer,Future you says: light a candle 🕊
9027,Low Carb,fasting,Future you says: stay in the fast 🕐
9028,Morning Meditation,meditation,"Psst, take ten deep breaths 🍃"
9029,Morning Workout,workout,Gym arc starts today 🥇
9030,Study,studying,Revise yesterday's notes fr 📚
9031,Meal Prep,meal,Lunch done? 🍳
9032,Self Control,nofap,Friendly nudge: go for a walk now 👑
9033,No Soda,quit,Still clean? 🌿
9034,Kotlin Practice,coding,Write some code rn 🚀
9035,Steps Goal,walking,"Step it up, literally 🚶"
9036,Night Routine,skincare,"Okay legend, apply your serum 🌸"
9037,Yoga,stretching,Stretching is calling 🤸
9038,No NSFW,noporn,"Call a friend instead, no cap 🌱"
9039,Shave,hygiene,Future you says: freshen up 🦷
9040,Focus Session,focus,Your sign to block your calendar ⏳
9041,Evening Stretch,stretching,"Stretch your back, please? 🧘"
9042,Neck Stretch,stretching,"Lowkey, touch your toes 🧘"
9043,Scalp Care,skincare,Oil your hair and slay 🌸
9044,Learn Python,coding,Recursion: do it again tomorrow 🚀
9045,Digital Purity,noporn,"No cap, stay free today 🚫"
9046,Track Expenses,finance,It's giving savings 💰
9047,Vitamins,meds,"Hey, take your tablet 💊"
9048,Morning Meditation,meditation,Be present rn 🌿
9049,Weekly Plan,focus,"Start a focus block, please? 🔕"
9050,Feed Bird,pets,Fill the water bowl now 🐱
9051,Meal Prep,meal,"Fuel up, superstar 🍳"
9052,Less Caffeine,quit,"Hey bestie, wait ten minutes first 🚭"
9053,Calisthenics,workout,Breaking news: train hard today 💪
9054,Breathing,meditation,Focus on your breath now 🧘
9055,Mindfulness,meditation,Reminder: do box breathing 🍃
9056,Clean Room,chores,Plot twist: take out the trash 🧽
9057,Brush Teeth,hygiene,It's giving fresh breath 🦷
9058,Plan the Day,focus,"Psst, block your calendar 🔕"
9059,Pooja,prayer,A quiet minute? 🕊
9060,Read Gita,prayer,"Hands folded, heart open 🪔"
9061,Digital Purity,noporn,"Blockers on, focus on 🌱"
9062,Protein Intake,meal,Eaten yet? 🍲
9063,Read Novel,reading,"Read ten pages, legend 🔖"
9064,N2,nofap,"Hey, go to the gym instead 👑"
9065,Call Mom,social,Quick one: call someone you love 🤝
9066,Lab Record,studying,Plot twist: review your flashcards 📝
9067,CTM Routine,skincare,Reminder: apply moisturizer ✨
9068,Squats,workout,One more set? 🥇
9069,Sleep Early,sleep,"Start winding down, promise? 😴"
9070,Protein Intake,meal,"Yo, skip the junk 🥗"
9071,Nap,sleep,"Psst, start winding down 🌙"
9072,Hot Girl Walk,walking,Real talk: lace up and walk 🚶
9073,10k Steps,walking,"Go around the park, promise? 🚶"
9074,No PMO,nofap,"Leave your room, bestie 👑"
9075,Coding,coding,"Fix one bug, legend 🐛"
9076,Vacuum,chores,"Lowkey, load the washing machine 🧽"
9077,Digital Purity,noporn,"Stay free today, promise? 🌱"
9078,Mouthwash,hygiene,Fresh yet? 🧼
9079,Eat On Time,meal,"Hey bestie, eat something healthy 🥗"
9080,18:6 Fast,fasting,"Lowkey, stay in the fast 🥑"
9081,Self Control,nofap,Plot twist: go for a walk now 🧠
9082,Learn Python,coding,"Solve one problem, no excuses 🐛"
9083,Track Expenses,finance,Your wallet wants a word 💸
9084,Run 3 KM,running,"Hello hello, do your intervals 👟"
9085,No NSFW,noporn,"Hey bestie, splash cold water 🧠"
9086,Daily Problem,coding,"No cap, code for 30 minutes 🐛"
9087,Shave,hygiene,"Brush now, sleep happy 🦷"
9088,Read News,reading,Finish a chapter today 📖
9089,Breathing,meditation,POV: you breathe slowly for a minute 🧘
9090,Posture Check,stretching,Your sign to stretch your back 🧘
9091,Breathwork,meditation,Plot twist: be present 🌿
9092,Wake at 6,wake,"Stretch, smile, start ⏰"
9093,Lunch Break,meal,"Skip the junk, please? 🍳"
9094,Sugar Free,quit,Future you says: chew gum instead 🌿
9095,Doodle,creative,Ten minutes of magic 🎨
9096,Check List,other,"Finish it today, no excuses ⭐"
9097,Park Walk,walking,"Walk around the block, bestie 🌳"
9098,Gratitude List,journaling,Vibe check: write in your journal 📝
9099,Mouthwash,hygiene,"Hello hello, trim your nails 🧼"
9100,Hot Girl Walk,walking,"Not to nag, but stretch your legs 👟"
9101,Bedtime,sleep,"Leave your phone outside, no excuses 🌙"
9102,Jogging,running,Friendly nudge: jog for 15 minutes 💨
9103,No Junk Food,meal,Plot twist: eat something healthy 🍲
9104,Challenge,other,Keep your streak rn ⭐
9105,Cardio,workout,"Do a quick workout, superstar 🔥"
9106,No Nut,nofap,Small win: go to the gym instead 🧠
9107,Groom Pet,pets,Your sign to play with your pet 🐾
9108,Bedtime,sleep,Lights off? 🛌
9109,Sugar Free,quit,POV: you skip the smoke break 💚
9110,No Junk,quit,"Skip the smoke break, superstar 🚭"
9111,Eat Breakfast,meal,"Snack smart, not sad 🍲"
9112,Text a Friend,social,"Message a friend, superstar 🤝"
9113,Practice Habit,other,"Ahem, start for 5 minutes ⭐"
9114,Walk 30 Min,walking,Breaking news: stretch your legs 🚶
9115,Run 3 KM,running,"Chase a new PR, legend 👟"
9116,Trek,walking,Stretch your legs and slay 👟
9117,IMD Diet,fasting,Small win: stick to your diet 🕐
9118,Cold Shower,hygiene,"Clean you, happy you 🧼"
9119,Eating Window,fasting,Reminder: hold your fast 🕐
9120,Singing,practice,Learn five new words and slay 🌍
9121,Gratitude,journaling,Friendly nudge: write a brain dump 📝
9122,YouTube Video,creative,"Hello hello, sketch for 10 minutes 🎬"
9123,Coconut Water,hydration,Quick one: drink some water 🚰
9124,Goal,other,Don't leave today's goal on read ⭐
9125,Journal,journaling,"Not to nag, but write one gratitude 📝"
9126,To-Do List,focus,"Start a focus block, no cap 🔕"
9127,Low Carb,fasting,"Sip some green tea, no cap 🥑"
9128,Breathing,meditation,"Meditate for 5 minutes, just 5 min 🧘"
9129,Meditate,meditation,"Hey, sit in silence 🌿"
9130,IMD,fasting,"Eat a protein-rich meal, bestie 🍵"
9131,Plan the Day,focus,Phone silent? 🎯
9132,How Am I Feeling,mood,Plot twist: write one feeling 🌈
9133,Coding,coding,"No cap, open your IDE 💻"
9134,GitHub Commit,coding,Breaking news: solve one problem 🚀
9135,Book Club,reading,"Read five pages, just 5 min 📖"
9136,Yoga,stretching,"No cap, stretch your back 🧘"
9137,Feed Fish,pets,POV: you walk your dog 🐱
9138,Clean Mind,noporn,"Hey, splash cold water 🧠"
9139,Warm Water,hydration,"Drink a glass of water, no cap 🥤"
9140,Prayer,prayer,"Not to nag, but say your prayers 🙏"
9141,GATE Prep,studying,"Hello hello, revise one topic 📚"
9142,Quit Smoking,quit,One more day without it 🚭
9143,Exercise,workout,Vibe check: hold a plank 🥇
9144,Read Novel,reading,Real talk: move your bookmark 📚
9145,Build App,coding,Main character move: write some code 💻
9146,Hair Oil,skincare,Your sign to massage your scalp ✨
9147,Wake Up Early,wake,Reminder: open the curtains ⏰
9148,Nap,sleep,"No cap, go to bed 🛌"
9149,Pooja,prayer,"Lowkey, do your pooja 🙏"
9150,Kitchen Clean,chores,Friendly nudge: clean the kitchen 🧽
9151,Reply Messages,social,Send that message 💬
9152,Therapy Notes,mood,Your feelings called 🌈
9153,Meet Friends,social,Plan a catch up and slay 📞
9154,Photography,creative,"Draw something small, promise? 🎬"
9155,Office Work,focus,Breaking news: close extra tabs ⏳
9156,No NSFW,noporn,Quick one: stay free today 🚫
9157,Affirmations,journaling,"Hey, list three good things 📓"
9158,Quit Vaping,quit,"Psst, choose the healthy swap 🌿"
9159,Call Dad,social,Vibe check: message a friend 💬
9160,Kitchen Clean,chores,"Clean the kitchen, no excuses 🧹"
9161,CTM Routine,skincare,Not a drill: glow time 🌸
9162,Couch to 5K,running,Main character move: go for a run 👟
9163,Balcony Garden,plants,"No cap, water the garden 🌱"
9164,Call Family,social,Call someone you love 🤝
9165,Semester Prep,studying,"Not to nag, but open your notes 🎓"
9166,JEE Prep,studying,"Make your notes, superstar 📚"
9167,Sober,quit,"Skip it today, please? 🚭"
9168,Study,studying,"Not to nag, but solve ten questions 📝"
9169,Study,studying,"Study one chapter, superstar 📝"
9170,Namaz,prayer,"Read a few verses, no cap 🪔"
9171,Temple Visit,prayer,Give thanks today 🕊
9172,Meditate,meditation,"Be present, promise? 🌿"
9173,Prayer,prayer,Plot twist: give thanks 🕊
9174,Codeforces,coding,Friendly nudge: write one function 💻
9175,Doodle,creative,Plot twist: brainstorm one idea 🎬
9176,Omega 3,meds,"Not to nag, but take your capsule 💊"
9177,Moisturize,skincare,Reminder: moisturize now 🌸
9178,EMI,finance,Check your SIP now 📈
9179,Office Work,focus,"Hello hello, do your top task 🎯"
9180,Rise and Shine,wake,Friendly nudge: get out of bed 🐓
9181,Meditate,meditation,"Lowkey, meditate for 5 minutes 🧘"
9182,Night Routine,skincare,Apply your serum - you got this ✨
9183,Posture Check,stretching,Future you says: roll your neck 🤸
9184,Rent,finance,Reminder: note today's spending 💸
9185,Reading,reading,"Ahem, open your book 🔖"
9186,Practice Habit,other,Your goal is waiting ⭐
9187,Digital Purity,noporn,Splash cold water rn 🌱
9188,Manga,reading,"Book over phone, tonight 📚"
9189,Morning Water,hydration,Your bottle feels ignored 🚰
9190,Check In,mood,Your heart misses you 🫶
9191,Glass of Water,hydration,Water break? 🥤
9192,Cardio,workout,Train hard today - you got this 🔥
9193,Offline Hour,screen_break,"Look out the window, no cap 👀"
9194,No PMO,nofap,"Small win: lock the phone, step out 🔒"
9195,10 Min Calm,meditation,"No cap, close your eyes and breathe 🌿"
9196,Self Help Book,reading,"Read for 15 minutes, please? 📖"
9197,My Task,other,"Do it right now, just 5 min ✅"
9198,No Distractions,focus,"No cap, plan your day 🔕"
9199,Meditate,meditation,"Ahem, find your calm 🌿"
9200,Declutter,chores,"Ahem, tidy up for 10 minutes 🧹"
9201,Plant Care,plants,Your garden misses you 🌱
9202,Celibacy,nofap,Win this moment 🧠
9203,Mindfulness,meditation,"Ahem, try a body scan 🍃"
9204,To-Do List,focus,Single-tasking is the new cool 🔕
9205,Power Nap,sleep,"Sleep on time, bestie 🌙"
9206,Tulsi,plants,"Yo, water the garden 🌱"
9207,Kindle,reading,Future you says: pick up your book 🔖
9208,Catch Up,social,POV: you reply to messages 📞
9209,Park Walk,walking,Vibe check: go for a walk 🚶
9210,Lights Off,sleep,"Sleep now, slay tomorrow 🌙"
9211,Do The Thing,other,"Hello hello, keep your streak ⭐"
9212,IMD Diet,fasting,"Stay strong, the clock is ticking 🥑"
9213,Call Parents,social,Called home? 🤝
9214,Urge Control,nofap,Reminder: stay disciplined 🔒
9215,Feed Bird,pets,"Ahem, play with your pet 🐶"
9216,Feel Good,mood,Plot twist: check your mood 🫶
9217,Morning Run,running,Go for a short run today 🏃
9218,Inhaler,meds,Okay but your vitamins? ⏰
9219,Floss,hygiene,Shower > excuses 🦷
9220,Inhaler,meds,Check your meds rn 💊
9221,Gratitude,journaling,"Write one page, no cap 📝"
9222,Self Help Book,reading,Friendly nudge: open your book 📖
9223,Coconut Water,hydration,Have some water today 🚰
9224,No Junk,quit,Your sign to wait ten minutes first 🚭
9225,Walk Dog,pets,Breaking news: fill the water bowl 🐶
9226,Night Brush,hygiene,Friendly nudge: freshen up 🦷
9227,Book Club,reading,"Read for 15 minutes, no excuses 📚"
9228,Cut Nails,hygiene,Future you says: use mouthwash 🧼
9229,Digital Purity,noporn,"Stay clean today, just 5 min 🚫"
9230,Temple Visit,prayer,Breaking news: light a candle 🪔
9231,Doodle,creative,"No cap, sketch for 10 minutes 💡"
9232,Mood Log,mood,Quick one: be gentle with yourself 💭
9233,Evening Stretch,stretching,"Hold child's pose, please? 🤸"
9234,Bath,hygiene,Plot twist: trim your nails 🦷
9235,Design Practice,creative,Write one paragraph rn 💡
9236,IMD,fasting,Vibe check: stay in the fast 🍵
9237,Work Block,focus,"Ahem, finish one task 🔕"
9238,No Nut,nofap,Go for a walk now and slay 🧠
9239,Plan the Day,focus,"Ahem, plan your day ⏳"
9240,Invest,finance,"Okay legend, pay your bills 📈"
9241,Creatine,meds,Future you says thanks ⏰
9242,Glow Routine,skincare,"No cap, massage your scalp ✨"
9243,Drink Water,hydration,"Water check, bestie 💧"
9244,Text a Friend,social,Okay but a phone call? 📞
9245,How Am I Feeling,mood,Future you says: log your mood 🌈
9246,Posture Check,stretching,POV: yoga time 🤸
9247,Offline Hour,screen_break,"Screen time, then chill 👀"
9248,Mood Check,mood,"Log your mood, promise? 🫶"
9249,Flexibility,stretching,"Lowkey, flow for ten minutes 🧘"
9250,Floss,hygiene,Breaking news: wash your hands 🧼
9251,Eat Breakfast,meal,Reminder: skip the junk 🍳
9252,Hair Serum,skincare,"Not to nag, but wash your face 🧴"
9253,Make Bed,chores,"Hey, sweep the floor 🧹"
9254,Sleep by 11,sleep,Close your eyes and slay 🛌
9255,Save Money,finance,"Yo, move money to savings 📈"
9256,SPF,skincare,"Okay legend, finish your routine 🧴"
9257,Porn Free,noporn,Quick one: stay clean today 🌱
9258,Offline Hour,screen_break,"Blink and look away, no excuses 👀"
9259,2L Water,hydration,Breaking news: sip some water 💧
9260,Serum,skincare,"Hey, finish your routine ✨"
9261,Night Brush,hygiene,"Cold shower, hot energy 🪥"
9262,Wind Down,sleep,Sleep era starts now 😴
9263,Write Blog,creative,Creativity > excuses 💡
9264,3L Water,hydration,Hydration o'clock! 🚰
9265,Gym,workout,Gentle reminder: hold a plank 🥇
9266,Hair Oil,skincare,Massage your scalp rn 🧴
9267,Study,studying,"Not to nag, but study one chapter 📚"
9268,Check List,other,Quick one: show up today ✅
9269,Pooja,prayer,"Hey, take a moment to pray 🕊"
9270,Clean Mind,noporn,"No cap, keep your clean streak alive 🚫"
9271,No Junk Food,meal,"Yo, grab some fruit 🍲"
9272,Feed Dog,pets,"Not to nag, but give some cuddles 🐶"
9273,Morning Pill,meds,Friendly nudge: take today's dose 💊
9274,Plant Care,plants,"Okay legend, water your plants 💦"
9275,Singing,practice,"Yo, do your lesson 🌍"
9276,Discipline Streak,nofap,"Hey, lock the phone, step out 🔒"
9277,Balcony Garden,plants,Real talk: check your plants 💦
9278,Prayer,prayer,Chant for 5 minutes now 🪔
9279,Less TikTok,screen_break,Close the reels now 📵
9280,100 Days of Code,coding,Vibe check: practice one algorithm 🚀
9281,Sleep Early,sleep,Small win: get some sleep 🌙
9282,Kitchen Clean,chores,"Hey, load the washing machine 🧽"
9283,Park Walk,walking,A walk a day keeps blues away 🚶
9284,Hot Girl Walk,walking,10k today? 👟
9285,Catch Up,social,"Family first, scroll later 💬"
9286,Bedtime,sleep,Reminder: go to bed 🛌
9287,Bedtime,sleep,"Sleep on time, no cap 😴"
9288,Cook Dinner,meal,Your plate misses you 🍳
9289,Vitamins,meds,"Hey, take your capsule ⏰"
9290,Digital Purity,noporn,Breaking news: call a friend instead 🚫
9291,Routine,other,"Do it now, thank us later ✅"
9292,No Junk Food,meal,"Real food, real energy 🍲"
9293,Glow Routine,skincare,Finish your routine now 🌸
9294,Design Practice,creative,Plot twist: pick up your brush 🎬
9295,Pooja,prayer,Your quiet time needs you now 🕊
9296,CTM Routine,skincare,Friendly nudge: wash your face 🌸
9297,Check List,other,"No cap, show up today ⭐"
9298,10k Steps,walking,"Stretch your legs, bestie 🚶"
9299,Read News,reading,Plot twist: read five pages 📚
9300,Flowers,plants,"Trim dead leaves, just 5 min 🌱"
9301,Goal,other,"Tick this off, just 5 min 🙌"
9302,10 Min Calm,meditation,"Yo, be present 🧘"
9303,Celibacy,nofap,"Okay legend, stay busy today 🔒"
9304,Porn Free,noporn,"Turn on your blocker, promise? 🧠"
9305,IF,fasting,"Okay legend, start your fast now 🕐"
9306,Goal,other,Breaking news: start for 5 minutes ✅
9307,Inhaler,meds,Gentle reminder: pop your supplement ⏰
9308,Unplug,screen_break,Put your phone away rn 📵
9309,Porn Free,noporn,"Yo, keep your phone in another room 🚫"
9310,Flowers,plants,Vibe check: mist your plants 💦
9311,Kindle,reading,"Lowkey, pick up your book 📖"
9312,Sprint Training,running,"Do your intervals, legend 🏃"
9313,Posture Check,stretching,POV: you do some yoga 🤸
9314,5AM Club,wake,Real talk: leave your bed 🌅
9315,No Alcohol,quit,"Say no today, promise? 🌿"
9316,Invest,finance,POV: you review your spending 💰
9317,Singing,practice,"Learn five new words, please? 🎵"
9318,Flowers,plants,"Hello hello, check your plants 💦"
9319,Gratitude List,journaling,Your sign to write in your journal 📓
9320,Gardening,plants,Small win: turn your pots 🌱
9321,Scalp Care,skincare,"Cleanse, tone, glow 🧴"
9322,Audiobook,reading,POV: you open your book 📚
9323,Pull Day,workout,"Start your workout, no excuses 💪"
9324,Sleep Early,sleep,Snooze responsibly 🛌
9325,Draw,creative,"No cap, shoot one photo 🎨"
9326,Stroll,walking,POV: you take the stairs 👟
9327,Work Block,focus,"Finish one task, superstar ⏳"
9328,Night Routine,skincare,Real talk: cleanse your face 🧴
9329,Routine,other,Finish your task now ✅
9330,Digital Detox,screen_break,Your sign to keep your phone aside 📵
9331,No Soda,quit,"Choose the healthy swap, no excuses 🚭"
9332,LeetCode,coding,Solve a LeetCode problem now 💻
9333,NoPorn,noporn,Freedom feels better 🚫
9334,Pomodoro,focus,"Okay legend, start a focus block 🔕"
9335,Night Journal,journaling,Write three lines - you got this 📓
9336,Grooming,hygiene,Use mouthwash fr 🧼
9337,Sleep by 11,sleep,Plot twist: plug in and lie down 🌙
9338,Check List,other,"Do it right now, superstar ✅"
9339,Sugar Free,quit,Reminder: choose the healthy swap 🌿
9340,Long Run,running,Plot twist: run at easy pace 💨
9341,Exercise,workout,"Do a quick workout, legend 🔥"
9342,Mock Test,studying,Revision is your weapon 📝
9343,Sober,quit,Reminder: skip the sugar today 🚭
9344,Eat Salad,meal,Fruit time? 🍲
9345,Quit Porn,noporn,POV: you stay clean today 🌱
9346,Lights Off,sleep,"Psst, get into bed 😴"
9347,No Sugar,quit,Plot twist: chew gum instead 🚭
9348,Celibacy,nofap,"Hey, protect your streak 🧠"
9349,Discipline Streak,nofap,"Redirect your energy, promise? 👑"
9350,20:4 Fast,fasting,"Ahem, eat inside your window 🕐"
9351,Wake Up Early,wake,Reminder: put your feet down ⏰
9352,Piano,practice,Small win: finish one lesson 🌍
9353,No Social Media,screen_break,"Phone face down, please 🔌"
9354,Check List,other,"Hey bestie, start for 5 minutes ✅"
9355,Call Grandparents,social,Not a drill: family time 📞
9356,No Snooze,wake,Splash some water today 🌅
9357,Groom Pet,pets,Vibe check: brush your pet 🐱
9358,Habit,other,Your sign to finish it today ✅
9359,Declutter,chores,"Not to nag, but start the laundry 🧽"
9360,Workout,workout,"Hey bestie, crush one set 💪"
9361,Diary,journaling,Quick one: note your wins 💭
9362,Read Gita,prayer,Read one verse rn 🙏
9363,Morning Meditation,meditation,POV: you sit in silence 🧘
9364,NoPorn,noporn,"Rewire, don't retire 🚫"
9365,No Phone,screen_break,"Lowkey, look out the window 👀"
9366,Celibacy,nofap,"Hello hello, go to the gym instead 👑"
9367,Calorie Deficit,fasting,"Hey, sip some green tea 🍵"
9368,Litter Box,pets,Your sign to fill the water bowl 🐾
9369,Pilates,stretching,"Hey bestie, roll your neck 🧘"
9370,Gurbani,prayer,Vibe check: say your prayers 🪔
9371,Offline Hour,screen_break,POV: you rest your eyes 📵
9372,Groom Pet,pets,"Hey bestie, feed your dog 🐾"
9373,Abs,workout,"Move that body, promise? 🔥"
9374,Supplements,meds,"Take your capsule, legend ⏰"
9375,Ukulele,practice,"Hello hello, learn five new words 🎵"
9376,Inhaler,meds,Quick one: check your meds 💊
9377,Learn Spanish,practice,"Play your scales, legend 🎵"
9378,Savings Goal,finance,"Ahem, pay your bills 📈"
9379,DSA,coding,"Code for 30 minutes, superstar 🚀"
9380,Mood Check,mood,Breaking news: log your mood 🌈
9381,Check In,mood,Reminder: do something kind for you 🫶
9382,Reflect,journaling,"Note your wins, no excuses 💭"
9383,Gratitude,journaling,Write in your journal today 📝
9384,Work Block,focus,"Notifications off, genius on 🎯"
9385,Check Bank,finance,Plot twist: check your SIP 💰
9386,French,practice,Your sign to play your scales 🎵
9387,Track Expenses,finance,POV: you note today's spending 📈
9388,Kitchen Clean,chores,"Clean your desk, no cap 🧺"
9389,Content Creation,creative,Friendly nudge: draw something small 🎬
9390,Design Practice,creative,"Work on your project, please? 🎬"
9391,Revision,studying,"Solve a mock test, legend 📝"
9392,Treadmill Run,running,"Jog for 15 minutes, superstar 💨"
9393,Discipline Streak,nofap,Vibe check: go to the gym instead 🔒
9394,Bath,hygiene,"Brush your teeth, please? 🧼"
9395,Home Workout,workout,"Yo, do 20 pushups 💪"
9396,Groom Pet,pets,Quick one: feed your cat 🐱
9397,Trek,walking,Go around the park and slay 👟
9398,Reading,reading,Move your bookmark - you got this 📚
9399,Repot Plant,plants,"Yo, turn your pots 🌱"
9400,Water Plants,plants,"Check the soil, please? 🌱"
9401,Supplements,meds,Your vitamins are waiting 💊
9402,Retinol,skincare,Vibe check: wash your face ✨
9403,Glass of Water,hydration,"Hey, finish that bottle 🚰"
9404,Bible Reading,prayer,"Take a moment to pray, promise? 🙏"
9405,Ukulele,practice,"Not to nag, but play your scales 🎵"
9406,Porn Free,noporn,You deserve real connection 🚫
9407,Repot Plant,plants,"Repot one plant, promise? 🪴"
9408,Take Out Trash,chores,"Ahem, clean your desk 🧹"
9409,Flashcards,studying,Your degree believes in you 🎓
9410,Challenge,other,Real talk: keep your streak ✅
9411,Early Riser,wake,Coffee is waiting ⏰
9412,Early Riser,wake,"Hello hello, wake up now 🌅"
9413,Water Plants,plants,Give them water rn 💦
9414,Eat Breakfast,meal,Hungry? That's a sign 🍲
9415,Play with Dog,pets,"Yo, play with your pet 🐱"
9416,No Soda,quit,Protect your quit streak today 🌿
9417,Night Journal,journaling,"Hey bestie, jot down your thoughts 📝"
9418,Multivitamin,meds,Pop your supplement today 💊
9419,Vet Visit,pets,Feed your dog - you got this 🐱
9420,Retinol,skincare,"Pamper time, gorgeous 🌸"
9421,Succulents,plants,"Turn your pots, no excuses 💦"
9422,Herb Garden,plants,Water your plants now 💦
9423,Quit Vaping,quit,Your quit streak misses you 🚭
9424,Reminder,other,Your sign to tick this off ✅
9425,Serum,skincare,"Cleanse your face, please? 🌸"
9426,Moisturize,skincare,"Skin first, scroll later 🧴"
9427,5AM Club,wake,"Skip the snooze, no cap ⏰"
9428,Brunch,meal,Gentle reminder: eat your breakfast 🍲
9429,Wake at 6,wake,"Skip the snooze, promise? 🌅"
9430,OMAD,fasting,Future you says: stick to your diet 🕐
9431,Self Control,nofap,Quick one: redirect your energy 🔒
9432,Evening Walk,walking,Walk it like you talk it 🚶
9433,CTM Routine,skincare,"Hello hello, oil your hair 🌸"
9434,Painting,creative,Make something new rn 🎨
9435,Sober,quit,Future you says: say no today 🚭
9436,Clean Room,chores,Sink full? Not for long 🧹
9437,Diet,fasting,Window open yet? 🥑
9438,Morning Yoga,stretching,"Not to nag, but roll your neck 🧘"
9439,No Smoking,quit,"Hello hello, wait ten minutes first 💚"
9440,Laundry,chores,Mop it like it's hot 🧹
9441,Singing,practice,"Okay legend, play your scales 🎵"
9442,Dinner,meal,"Add some protein, please? 🥗"
9443,Deep Work,focus,"Yo, start a focus block 🔕"
9444,Brush Teeth,hygiene,"Use mouthwash, please? 🦷"
9445,Pranayama,meditation,"Do box breathing, just 5 min 🧘"
9446,Sleep by 11,sleep,"Say good night, promise? 🛌"
9447,Jog,running,Do a quick jog and slay 💨
9448,Cut Nails,hygiene,Gentle reminder: use mouthwash 🦷
9449,Learn Korean,practice,"Keep your Duolingo streak, bestie 🎸"
9450,Digital Purity,noporn,"Block that site, please? 🌱"
9451,Morning Meditation,meditation,Vibe check: do box breathing 🌿
9452,Rise and Shine,wake,"Get out of bed, superstar 🌅"
9453,Call Grandparents,social,"Hey, check on a friend 🤝"
9454,NoPorn,noporn,"No cap, splash cold water 🧠"
9455,Clean Mind,noporn,POV: you block that site 🌱
9456,5AM Club,wake,Get up now - you got this ⏰
9457,Eat Veggies,meal,POV: you have your meal 🍳
9458,Walk Dog,pets,Plot twist: give a treat 🐾
9459,Feed Dog,pets,"Okay legend, feed your dog 🐱"
9460,Painting,creative,Real talk: work on your project 💡
9461,Coding,coding,Future you says: write one function 🐛
9462,Learn Spanish,practice,Practice for 15 minutes rn 🎵
9463,Cold Shower,hygiene,Wash your hands now 🧼
9464,No Nut,nofap,"Hey, go for a walk now 🔒"
9465,Call Dad,social,"Hey, call your mom 🤝"
9466,Vitamin D3,meds,Take your vitamins fr 💊
9467,Exam Prep,studying,"Lowkey, revise yesterday's notes 📚"
9468,Water Plants,plants,"Hey, give them sunlight 🪴"
9469,Namaz,prayer,Not a drill: prayer time 🕊
9470,Journal,journaling,"Not to nag, but write one page 📓"
9471,Balcony Garden,plants,"Trim dead leaves, bestie 🌱"
9472,Wake at 6,wake,"Hello hello, open the curtains 🌅"
9473,Coding,coding,"Okay legend, finish one feature 🐛"
9474,Revision,studying,Plot twist: solve ten questions 🎓
9475,Flashcards,studying,Future you says: start a pomodoro 📝
9476,Rise and Shine,wake,Ready for the day? ⏰
9477,Run 3 KM,running,It's giving run 👟
9478,Build App,coding,Gentle reminder: write some code 🚀
9479,Dance Practice,practice,Friendly nudge: play your scales 🎸
9480,Call Mom,social,Friendly nudge: call your family 📞
9481,Pet Care,pets,"Fill the water bowl, no cap 🐱"
9482,Call Parents,social,"Okay legend, check on a friend 🤝"
9483,Dance Practice,practice,Real talk: keep your Duolingo streak 🎵
9484,Morning Routine,wake,Breaking news: put your feet down 🌅
9485,Mock Test,studying,"No cap, solve ten questions 📚"
9486,Brush Teeth,hygiene,"Use mouthwash, promise? 🦷"
9487,To-Do List,focus,"Finish one task, bestie ⏳"
9488,Nap,sleep,"Okay legend, dim the lights 🌙"
9489,Craft,creative,POV: you shoot one photo 🎨
9490,BP Tablet,meds,"Yo, take today's dose 💊"
9491,Affirmations,journaling,Quick one: list three good things 💭
9492,Duolingo,practice,Your sign to finish one lesson 🎵
9493,Quit Porn,noporn,"Block that site, just 5 min 🚫"
9494,Track Expenses,finance,Vibe check: check your accounts 💰
9495,Night Brush,hygiene,"Yo, freshen up 🦷"
9496,Japanese,practice,"Okay legend, speak out loud 🎸"
9497,Yoga,stretching,Friendly nudge: do a sun salutation 🧘
9498,Pilates,stretching,Touch your toes and slay 🤸
9499,Flashcards,studying,Gentle reminder: revise one topic 📚
9500,Repot Plant,plants,"Not to nag, but mist your plants 🪴"
9501,Mood Check,mood,Reminder: log how you feel 🌈
9502,No Junk,quit,"Yo, say no today 💚"
9503,Wake Up,wake,POV: morning time ⏰
9504,Celibacy,nofap,Okay but discipline? 👑
9505,Eat Breakfast,meal,Skipping meals is an L 🍲
9506,Run 3 KM,running,Real talk: jog for 15 minutes 🏃
9507,No Snooze,wake,Plot twist: start your morning ⏰
9508,Reply Messages,social,Quick one: message a friend 📞
9509,Chess Puzzle,practice,You + practice = iconic 🎸
9510,NoFap,nofap,Stay disciplined - you got this 🔒
9511,Read 10 Pages,reading,Read ten pages today 🔖
9512,Practice Habit,other,Keep your streak - you got this 🙌
9513,SIP,finance,Investment o'clock 📈
9514,Unplug,screen_break,Small win: look far for 20 seconds 👀
9515,Meditation,meditation,You + calm = iconic 🌿
9516,Check List,other,Get it done - you got this ⭐
9517,Emotions,mood,Breaking news: write one feeling 🫶
9518,Low Carb,fasting,"Quick one: drink water, not snacks 🍵"
9519,Floss,hygiene,Your sign to trim your nails 🦷
9520,Sleep Early,sleep,Sleep is the best skincare 😴
9521,Invest,finance,"Hey, update your budget 💰"
9522,Mindfulness,meditation,POV: you close your eyes and breathe 🍃
9523,Urge Control,nofap,"Hello hello, try a cold shower 🧠"
9524,Hair Oil,skincare,Your future face says thanks 🧴
9525,Check In,mood,Your sign to check your mood 🌈
9526,Vet Visit,pets,"Ahem, feed your cat 🐶"
9527,Stretch,stretching,Plot twist: do a quick stretch 🤸
9528,Healthy Snack,meal,"Prep a healthy meal, just 5 min 🥗"
9529,Long Run,running,Don't leave the road on read 💨
9530,Read 10 Pages,reading,"Ahem, pick up your book 🔖"
9531,SPF,skincare,"Clean face, clear mind 🌸"
9532,Self Control,nofap,Stay disciplined today 🔒
9533,Network,social,Plot twist: send a voice note 🤝
9534,Skincare,skincare,"Do your night routine, bestie 🌸"
9535,Content Creation,creative,"Write for ten minutes, please? 🎬"
9536,Notes,studying,"Open your notes, please? 🎓"
9537,How Am I Feeling,mood,"Check your mood, no excuses 💭"
9538,Hot Girl Walk,walking,"Go around the park, legend 🌳"
9539,Bedtime,sleep,Say good night fr 🌙
9540,Bath,hygiene,Wash your hands today 🧼
9541,Digital Detox,screen_break,Okay but screen time? 👀
9542,Photography,creative,"Brainstorm one idea, no excuses 🎨"
9543,Namaz,prayer,"Say your prayers, legend 🙏"
9544,Rent,finance,Rich auntie energy 💰
9545,Night Journal,journaling,Breaking news: write one page 📓
9546,Quit Porn,noporn,Vibe check: splash cold water 🧠
9547,No Porn,noporn,Breaking news: go outside for a bit 🌱
9548,Warm Water,hydration,"No cap, chug some water 💧"
9549,Digital Detox,screen_break,"Put your phone away, no excuses 👀"
9550,Grooming,hygiene,Floss tonight and slay 🧼
9551,Water Bottle,hydration,"Lowkey, grab a glass 🥤"
9552,5AM Club,wake,"Leave your bed, no cap 🐓"
9553,UPSC Prep,studying,Make your notes rn 📚
9554,Guitar Practice,practice,"Psst, do your lesson 🎵"
9555,Supplements,meds,Take today's dose - you got this 💊
9556,Healthy Snack,meal,Gentle reminder: add some veggies 🍲
9557,10k Steps,walking,"Hey, walk around the block 👟"
9558,Water Plants,plants,Your plants misses you 🌱
9559,Intermittent Fasting,fasting,"Eat inside your window, no cap 🍵"
9560,Chanting,prayer,"Ahem, read one verse 🙏"
9561,20 Pages,reading,Breaking news: finish a chapter 📖
9562,No Doomscrolling,screen_break,"Ahem, take a screen break 👀"
9563,Herb Garden,plants,"Hello hello, water your plants 🌱"
9564,JEE Prep,studying,Friendly nudge: start a pomodoro 🎓
9565,Do The Thing,other,Breaking news: finish it today 🙌
9566,Meditate,meditation,"Find your calm, bestie 🍃"
9567,Cold Shower,hygiene,Don't leave your toothbrush on read 🧼
9568,Chanting,prayer,"Say your prayers, no cap 🕊"
9569,Unplug,screen_break,"Hey bestie, look far for 20 seconds 👀"
9570,Check List,other,Make progress today - you got this ⭐
9571,Plank,workout,"Hey bestie, lift something heavy 💪"
9572,Bible Reading,prayer,"Hey bestie, chant your mantra 🙏"
9573,Craft,creative,"Brainstorm one idea, superstar 🎨"
9574,Porn Free,noporn,Friendly nudge: stay clean today 🧠
9575,Hot Girl Walk,walking,Gentle reminder: take the stairs 🚶
9576,Clean Room,chores,"Chore now, chill later 🧺"
9577,Phone Free Dinner,screen_break,Go offline for a bit fr 📵
9578,Journal,journaling,Plot twist: fill today's page 📝
9579,Grooming,hygiene,Small win: freshen up 🧼
9580,Breakfast,meal,"Have lunch now, promise? 🍲"
9581,Feed Bird,pets,"Lowkey, feed your pet 🐾"
9582,Challenge,other,"Okay legend, make progress today ✅"
9583,No Porn,noporn,Breaking news: splash cold water 🚫
9584,Couch to 5K,running,Quick one: chase a new PR 💨
9585,Brunch,meal,Plot twist: eat on time 🍲
9586,Worship,prayer,Your sign to sit in prayer 🕊
9587,Lights Off,sleep,Real talk: get some sleep 😴
9588,Emotions,mood,"Take a kind pause, no excuses 🫶"
9589,20:4 Fast,fasting,"Almost there, keep the fast 🍵"
9590,Less Reels,screen_break,Offline for 10? 📵
9591,Call Parents,social,"Text a friend, no cap 📞"
9592,Write Story,creative,"Hey, write for ten minutes 🎨"
9593,New Habit,other,"Hey bestie, complete your goal ⭐"
9594,Morning Pages,journaling,Vibe check: write one gratitude 📝
9595,No NSFW,noporn,Friendly nudge: delete the trigger 🧠
9596,3 Good Things,journaling,"Ahem, fill today's page 📝"
9597,Rise and Shine,wake,Okay but morning? 🐓
9598,Focus Session,focus,"Do your top task, please? 🔕"
9599,N2,nofap,"Hello hello, leave your room 👑"
9600,Self Control,nofap,"Strong mind, strong life 👑"
9601,Repot Plant,plants,"Yo, give them water 🪴"
9602,Multivitamin,meds,"Ahem, take your tablet 💊"
9603,Cut Nails,hygiene,"Psst, floss tonight 🧼"
9604,Creatine,meds,Real talk: have your supplement ⏰
9605,Pay Bills,finance,Know where it goes 💸
9606,Side Project,coding,"Open your IDE, no excuses 🚀"
9607,No Porn,noporn,"Keep your clean streak alive, bestie 🚫"
9608,Notes,studying,Solve a mock test rn 🎓
9609,Read Novel,reading,"Not to nag, but read one chapter 📖"
9610,GitHub Commit,coding,"Hello hello, solve one problem 🚀"
9611,Less TikTok,screen_break,Close the reels and slay 📵
9612,Protein Intake,meal,"No cap, eat on time 🍲"
9613,Debug,coding,Your sign to code for 30 minutes 💻
9614,Litter Box,pets,"No cap, give some cuddles 🐶"
9615,Sugar Free,quit,"Skip the smoke break, just 5 min 💚"
9616,Read Novel,reading,Breaking news: read for 15 minutes 📖
9617,Morning Meditation,meditation,It's giving calm 🧘
9618,Deep Work,focus,"Write your to-do list, bestie 🔕"
9619,Web Dev,coding,"Write some code, legend 🐛"
9620,8 Hours Sleep,sleep,Still up? 🌙
9621,Quit Porn,noporn,Don't ghost your clean streak 🌱
9622,Bath,hygiene,Take a quick bath and slay 🦷
9623,Violin,practice,"Practice time? Yes, now. 🌍"
9624,Cold Shower,hygiene,Main character move: take a shower 🦷
9625,Lift Weights,workout,You + gym = iconic 🥇
9626,Water Break,hydration,"Small sips, big wins 🥤"
9627,BP Tablet,meds,"No cap, take your medicine ⏰"
9628,Pooja,prayer,Quick one: say your prayers 🕊
9629,Feed Cat,pets,Furry friend alert 🐶
9630,DSA,coding,Solve a LeetCode problem and slay 🐛
9631,Gardening,plants,Plot twist: feed your plants 🌱
9632,Shower,hygiene,Use mouthwash and slay 🦷
9633,Eye Break,screen_break,Real talk: take a screen break 👀
9634,Low Carb,fasting,"Okay legend, eat inside your window 🥑"
9635,20 Pages,reading,Next chapter? 📚
9636,NoPorn,noporn,Choose growth today 🧠
9637,Prayer,prayer,"Read a few verses, legend 🪔"
9638,Breathing,meditation,Feeling scattered? 🧘
9639,How Am I Feeling,mood,"Ahem, check in with yourself 💭"
9640,8 Hours Sleep,sleep,Take a power nap rn 🌙
9641,5AM Club,wake,Leave your bed now 🌅
9642,CTM Routine,skincare,Quick one: do your night routine 🌸
9643,Push Day,workout,"Warm up and go, please? 💪"
9644,Skincare,skincare,"Psst, do your skincare ✨"
9645,Brush Teeth,hygiene,Take a shower today 🧼
9646,Emotions,mood,"Yo, take a deep breath 💭"
9647,Make Bed,chores,Real talk: wipe the table 🧺
9648,No Snooze,wake,Plot twist: open the curtains 🐓
9649,Shave,hygiene,"Shower, then chill 🧼"
9650,Intermittent Fasting,fasting,"Break your fast gently, superstar 🥑"
9651,Office Work,focus,Gentle reminder: silence your phone 🎯
9652,No NSFW,noporn,Call a friend instead and slay 🚫
9653,Walk,walking,"Go for a walk, no cap 🌳"
9654,No Snooze,wake,Rise and shine now ⏰
9655,No Late Nights,sleep,Reminder: get some sleep 🌙
9656,How Am I Feeling,mood,"Ahem, write one feeling 💭"
9657,Sketch,creative,Future you says: pick up your brush 🎬
9658,Marathon Prep,running,Future you says: do a quick jog 🏃
9659,Drink Water,hydration,Quick one: finish that bottle 🥤
9660,HIIT,workout,Plot twist: hit the gym 🔥
9661,No Distractions,focus,"Okay legend, block your calendar ⏳"
9662,Gardening,plants,Future you says: check the soil 🪴
9663,Catch Up,social,Be the friend who calls 🤝
9664,Water,hydration,Reminder: take five sips 💧
9665,Less TikTok,screen_break,"Keep your phone aside, no excuses 📵"
9666,Rise and Shine,wake,"Open the curtains, champ 🌅"
9667,No PMO,nofap,"Lock the phone, step out rn 👑"
9668,No Nut,nofap,"Hey bestie, redirect your energy 🔒"
9669,No Sugar,quit,"Lowkey, pass on the drink 🌿"
9670,3 Good Things,journaling,Plot twist: write three lines 📝
9671,Notes,studying,"Revise yesterday's notes, no cap 🎓"
9672,Digital Purity,noporn,Gentle reminder: splash cold water 🌱
9673,Less TikTok,screen_break,Vibe check: close the reels 👀
9674,Discipline Streak,nofap,Reminder: redirect your energy 👑
9675,EMI,finance,"Ahem, note today's spending 💰"
9676,Groom Pet,pets,Give a treat now 🐱
9677,Mindfulness,meditation,"Be present, legend 🍃"
9678,Lunch Break,meal,Future you says: eat on time 🍲
9679,Reply Messages,social,"Lowkey, call your dad 💬"
9680,Repot Plant,plants,Plant dad duty 🪴
9681,Moisturize,skincare,"Not to nag, but apply your serum 🌸"
9682,Chanting,prayer,"Take a moment to pray, legend 🙏"
9683,Content Creation,creative,Vibe check: shoot one photo 💡
9684,Network,social,"Hey bestie, text a friend 🤝"
9685,How Am I Feeling,mood,Do something kind for you and slay 🫶
9686,LeetCode,coding,"Finish one feature, promise? 🐛"
9687,Digital Purity,noporn,"Turn on your blocker, no excuses 🧠"
9688,Minoxidil,skincare,"No cap, do your skincare 🌸"
9689,Leg Day,workout,"No cap, show up and lift 💪"
9690,Craft,creative,"No cap, edit your video 🎬"
9691,Kindle,reading,"Open the book, open your mind 📚"
9692,NoPorn,noporn,Breaking news: delete the trigger 🧠
9693,Network,social,"Ahem, call your mom 📞"
9694,3L Water,hydration,Quick one: refill your bottle 💧
9695,Check Bank,finance,"Check your budget, no excuses 📈"
9696,Herb Garden,plants,"Hey, water your plants 🌱"
9697,Weekly Plan,focus,"No cap, write your to-do list 🎯"
9698,Notes,studying,"Psst, finish your assignment 📚"
9699,Morning Run,running,Your PR is waiting 🏃
9700,Piano,practice,"Hello hello, play your scales 🌍"
9701,Quit Porn,noporn,"Stay free today, bestie 🧠"
9702,Network,social,Send a voice note rn 📞
9703,Interval Run,running,Reminder: do a quick jog 👟
9704,Walk 30 Min,walking,"Stretch your legs, no excuses 🚶"
9705,Pooja,prayer,"No cap, say your prayers 🕊"
9706,Porn Free,noporn,"Lowkey, stay free today 🚫"
9707,Dance Practice,practice,Reminder: finish one lesson 🎵
9708,Mindfulness,meditation,Your mind needs a minute 🧘
9709,Namaz,prayer,Say a short prayer rn 🙏
9710,Tulsi,plants,Check the soil fr 🌱
9711,Meditate,meditation,"Meditation time? Yes, now. 🌿"
9712,Craft,creative,"Not to nag, but make something new 🎨"
9713,Write Blog,creative,"Hey bestie, pick up your brush 💡"
9714,Meet Friends,social,Catch up today? 📞
9715,YouTube Video,creative,"Hey, pick up your brush 💡"
9716,Typing Practice,practice,Speak out loud now 🎸
9717,Diet,fasting,Eat inside your window today 🍵
9718,Hydrate,hydration,Small win: fill up your bottle 🥤
9719,Sugar Free,quit,"Sweet life, less sugar 💚"
9720,Coconut Water,hydration,Hydrated people simply slay 🥤
9721,Grooming,hygiene,Small win: floss tonight 🧼
9722,Workout,workout,"Okay legend, hold a plank 🔥"
9723,Morning Pill,meds,"Hey bestie, take your pills ⏰"
9724,Retinol,skincare,"Serum time, superstar ✨"
9725,Exam Prep,studying,"Open your notes, promise? 🎓"
9726,Fast Until Noon,fasting,"Sip some green tea, promise? 🥑"
9727,Gratitude,journaling,Okay but gratitude? 📝
9728,Log Expenses,finance,Okay but your budget? 💸
9729,Poetry,creative,Vibe check: edit your video 🎬
9730,Breathwork,meditation,Sit. Breathe. Be. 🧘
9731,Groom Pet,pets,"Love them, feed them 🐾"
9732,No Nut,nofap,"Yo, try a cold shower 🧠"
9733,Night Brush,hygiene,"Lowkey, take a quick bath 🪥"
9734,Guitar Practice,practice,"Psst, play your scales 🌍"
9735,Mood Log,mood,"Hey, log your mood 🫶"
9736,Call Mom,social,Gentle reminder: call your family 💬
9737,Call Grandma,social,"Not to nag, but message a friend 💬"
9738,Flexibility,stretching,"Roll out your mat, promise? 🤸"
9739,Floss,hygiene,Plot twist: brush your teeth 🦷
9740,Track Expenses,finance,"Psst, save a little today 📈"
9741,Bible Reading,prayer,Future you says: sit in prayer 🪔
9742,Design Practice,creative,Draw something small - you got this 💡
9743,Cut Nails,hygiene,"Wash your hands, legend 🪥"
9744,Tulsi,plants,Plants watered? 💦
9745,Mental Health Check,mood,Sending a virtual hug 🌈
9746,Flexibility,stretching,Reminder: loosen your shoulders 🤸
9747,Feel Good,mood,Friendly nudge: log your mood 💭
9748,Drink Water,hydration,Drink a glass of water now 💧
9749,EMI,finance,Quick one: review your spending 💰
9750,Self Control,nofap,Streak > five seconds 🔒
9751,No Late Nights,sleep,"Plug in and lie down, bestie 🛌"
9752,Evening Walk,walking,Future you says: stretch your legs 👟
9753,Feed Bird,pets,"Give a treat, just 5 min 🐶"
9754,Neck Stretch,stretching,"Okay legend, do a sun salutation 🤸"
9755,Meet Friends,social,Vibe check: reply to messages 🤝
9756,No Phone,screen_break,"Okay legend, look far for 20 seconds 👀"
9757,Pooja,prayer,Quick one: take a moment to pray 🪔
9758,Breathing,meditation,Do box breathing - you got this 🌿
9759,Bath,hygiene,"Okay legend, take a cold shower 🪥"
9760,Semester Prep,studying,Small win: start a pomodoro 📚
9761,Cold Shower,hygiene,"Freshen up, no excuses 🦷"
9762,Omega 3,meds,Plot twist: take your vitamins ⏰
9763,Bedtime,sleep,Rest is productive too 🛌
9764,Water Goal,hydration,Quick one: drink a glass of water 🥤
9765,3 Good Things,journaling,"Lowkey, list three good things 📝"
9766,No Nut,nofap,Try a cold shower rn 🔒
9767,My Task,other,Show up today and slay 🙌
9768,Less Reels,screen_break,Put your phone away now 👀
9769,HIIT,workout,"Hit the gym, please? 💪"
9770,Dance Practice,practice,Real talk: practice your scales 🎸
9771,Back Stretch,stretching,"Hold child's pose, promise? 🧘"
9772,Sun Salutation,stretching,"Bend, don't break 🧘"
9773,Morning Workout,workout,Vibe check: lift something heavy 🔥
9774,Morning Yoga,stretching,Vibe check: flow for ten minutes 🤸
9775,Back Stretch,stretching,Do a forward fold now 🤸
9776,Affirmations,journaling,"Hey bestie, fill today's page 📝"
9777,Marathon Prep,running,Do a quick jog now 🏃
9778,Sunscreen,skincare,Real talk: apply your serum 🧴
9779,Pull Day,workout,"Train hard today, please? 🥇"
9780,Iron Clothes,chores,Plot twist: clean your desk 🧹
9781,Pomodoro,focus,"Clear your inbox, superstar 🎯"
9782,Call Family,social,A phone call is waiting 💬
9783,Healthy Meal,meal,"Eat slowly today, legend 🍳"
9784,Moisturize,skincare,"Skincare, then chill 🌸"
9785,Stroll,walking,Reminder: lace up and walk 🚶
9786,Flexibility,stretching,Yoga > excuses 🤸
9787,Read Novel,reading,"Hey, read five pages 🔖"
9788,Minoxidil,skincare,"Cleanse your face, no excuses 🌸"
9789,Draw,creative,Quick one: edit your video 🎨
9790,10 Min Calm,meditation,"Calm first, scroll later 🧘"
9791,CTM Routine,skincare,Wash your face rn 🌸
9792,Mindfulness,meditation,Meditate for 5 minutes today 🧘
9793,Posture Check,stretching,Do a sun salutation fr 🧘
9794,Learn Spanish,practice,"Play your scales, please? 🎵"
9795,Posture Check,stretching,"Do a quick stretch, please? 🧘"
9796,Photography,creative,Write a short poem fr 💡
9797,Phone Free Dinner,screen_break,Small win: close the reels 👀
9798,Rise and Shine,wake,Main character move: rise and shine 🌅
9799,Porn Free,noporn,Phone in hand? Why? 🧠
9800,Less Caffeine,quit,Wait out the craving rn 🚭
9801,Herb Garden,plants,"Give them sunlight, bestie 🪴"
9802,Vet Visit,pets,"Hello hello, feed your cat 🐶"
9803,Treadmill Run,running,"Not to nag, but start your run 👟"
9804,Walk 30 Min,walking,Breaking news: take a short stroll 👟
9805,Keto,fasting,"Hold the fast, bestie 🕐"
9806,Flowers,plants,Mist your plants now 🌱
9807,Feel Good,mood,Vibe check: check your mood 💭
9808,Guitar Practice,practice,Finish one lesson and slay 🎸
9809,Do The Thing,other,"Psst, keep your streak ⭐"
9810,SIP,finance,Pay your bills today 💸
9811,Brisk Walk,walking,"Step outside, please? 🌳"
9812,3L Water,hydration,"Take a big sip, superstar 🚰"
9813,Power Nap,sleep,"Hello hello, close your eyes 🌙"
9814,Jog,running,"Warm up and jog, promise? 👟"
9815,Check Bank,finance,"Update your budget, just 5 min 💰"
9816,20 Pages,reading,Read ten pages rn 📚
9817,Shower,hygiene,"Freshen up, promise? 🦷"
9818,Dishes,chores,Vibe check: take out the trash 🧽
9819,Vitamins,meds,"Okay legend, have your supplement ⏰"
9820,Interval Run,running,"Psst, go for a run 👟"
9821,Push Day,workout,"Hey bestie, do a quick workout 🥇"
9822,Inbox Zero,focus,Block your calendar - you got this 🎯
9823,Breakfast,meal,"Ahem, eat a proper dinner 🍳"
9824,Nap,sleep,Real talk: say good night 🌙
9825,Morning Meditation,meditation,Small win: sit in silence 🌿
9826,Log Expenses,finance,Reminder: check your budget 💰
9827,Glow Routine,skincare,Pamper your skin and slay ✨
9828,Trek,walking,POV: walk time 👟
9829,Call Parents,social,"Okay legend, reply to messages 💬"
9830,Omega 3,meds,"Pop your supplement, promise? ⏰"
9831,Water,hydration,You + hydration = iconic 🥤
9832,CTM Routine,skincare,Your sign to do your night routine ✨
9833,Diet,fasting,Friendly nudge: sip some green tea 🍵
9834,Photography,creative,Vibe check: draw something small 💡
9835,Study,studying,"Psst, solve ten questions 📝"
9836,Offline Hour,screen_break,Your thumb needs a break 📵
9837,Mood Log,mood,"Log your mood, no cap 🌈"
9838,Post-dinner Walk,walking,Plot twist: hit your step goal 🚶
9839,Healthy Snack,meal,"Psst, grab some fruit 🍲"
9840,Reset Sunday,chores,POV: you clean your desk 🧽
9841,Meal Prep,meal,"Eat your breakfast, just 5 min 🥗"
9842,Squats,workout,"Hit the gym, legend 🥇"
9843,Call Grandma,social,"Call your dad, bestie 💬"
9844,Mindfulness,meditation,"No cap, find your calm 🍃"
9845,Run 5K,running,"Warm up and jog, bestie 🏃"
9846,Omega 3,meds,Don't ghost your dose ⏰
9847,Feed Cat,pets,Meow means dinner 🐱
9848,Tulsi,plants,Your sign to water the garden 💦
9849,Wake at 6,wake,Quick one: open the curtains ⏰
9850,Declutter,chores,"Not to nag, but put things back 🧽"
9851,Deep Work,focus,"Not to nag, but block your calendar ⏳"
9852,Nap,sleep,POV: sleep time 🛌
9853,Namaz,prayer,It's giving prayer 🙏
9854,Podcast,creative,"Draw something small, no cap 💡"
9855,Self Control,nofap,"No cap, do 20 pushups instead 🧠"
9856,Evening Stretch,stretching,Gentle reminder: do a sun salutation 🤸
9857,Inbox Zero,focus,"Start a focus block, promise? 🎯"
9858,Back Stretch,stretching,Gentle reminder: do a quick stretch 🧘
9859,Shower,hygiene,Trim your nails today 🧼
9860,Gardening,plants,Green babies is calling 🪴
9861,Repot Plant,plants,"Not to nag, but water your plants 💦"
9862,Pilates,stretching,Friendly nudge: do a quick stretch 🧘
9863,Bath,hygiene,"Take a shower, legend 🧼"
9864,Worship,prayer,"Ahem, chant for 5 minutes 🙏"
9865,Groom Pet,pets,Take the dog out rn 🐶
9866,IF,fasting,Fasting o'clock! 🕐
9867,Evening Walk,walking,"Ahem, walk for ten minutes 👟"
9868,Speak English,practice,"Do your lesson, superstar 🎸"
9869,Self Care,mood,"Write one feeling, legend 🫶"
9870,Self Control,nofap,Stay busy today and slay 🔒
9871,Celibacy,nofap,Reminder: go for a walk now 👑
9872,Run 5K,running,"Hey bestie, hit the track 🏃"
9873,10 Min Calm,meditation,POV: calm time 🌿
9874,Glow Routine,skincare,Skincare is self respect 🧴
9875,Meet Friends,social,"Call your family, no cap 🤝"
9876,Wake at 6,wake,POV: you leave your bed ⏰
9877,Wake Up Early,wake,"Leave your bed, promise? ⏰"
9878,OMAD,fasting,"Yo, sip some green tea 🕐"
9879,Morning Pages,journaling,Real talk: write in your journal 📝
9880,Take Medicine,meds,"Take your dose, no cap 💊"
9881,Vocab,practice,Your streak is singing 🎵
9882,Sober,quit,"Yo, pass on the drink 🌿"
9883,Brisk Walk,walking,"No cap, walk for fifteen minutes 🌳"
9884,Lunch,meal,Eating well is a whole vibe 🍲
9885,Content Creation,creative,"Hey, sketch for 10 minutes 💡"
9886,Inbox Zero,focus,"Lowkey, silence your phone 🎯"
9887,Plant Care,plants,Water the green gang 💦
9888,Practice Habit,other,Quick one: tick this off ⭐
9889,Retention,nofap,"Okay legend, protect your streak 👑"
9890,Hot Girl Walk,walking,Lace up and walk rn 🌳
9891,Wake Up,wake,Quick one: turn off the alarm 🐓
9892,Meal Prep,meal,"Okay legend, prep a healthy meal 🥗"
9893,Stretch,stretching,"Hold child's pose, no cap 🧘"
9894,Less TikTok,screen_break,POV: you keep your phone aside 🔌
9895,Flexibility,stretching,"Posture check, sit tall 🧘"
9896,Network,social,Vibe check: text a friend 🤝
9897,Bath,hygiene,"Brush your teeth, no cap 🪥"
9898,Fast Until Noon,fasting,"Start your fast now, no cap 🍵"
9899,Litter Box,pets,Refill the food bowl today 🐱
9900,Push Day,workout,"No cap, you'll feel amazing 💪"
9901,Mindfulness,meditation,Close your eyes and breathe rn 🌿
9902,Lunch Break,meal,"Yo, add some veggies 🍳"
9903,NoFap,nofap,Gentle reminder: stay busy today 👑
9904,Kindle,reading,"Lowkey, read five pages 🔖"
9905,Cut Nails,hygiene,"Ahem, use mouthwash 🪥"
9906,Exercise,workout,POV: you do 20 pushups 💪
9907,Feed Fish,pets,Fishy wants flakes 🐱
9908,Night Routine,skincare,Massage your scalp fr 🌸
9909,Morning Pill,meds,"Not to nag, but take your pills 💊"
9910,Early Riser,wake,Sunrise o'clock! 🌅
9911,Mood Log,mood,It's giving self care 🌈
9912,5000 Steps,walking,POV: you lace up and walk 🚶
9913,Routine,other,"Hey, start for 5 minutes ⭐"
9914,Plant Care,plants,It's giving green babies 🪴
9915,DSA,coding,Breaking news: write some code 🐛
9916,Brisk Walk,walking,"Go for a walk, no excuses 🚶"
9917,Quit Porn,noporn,"Stay clean today, legend 🧠"
9918,Marathon Prep,running,One km at a time 💨
9919,Reply Messages,social,Breaking news: text a friend 📞
9920,Wake at 6,wake,Open the curtains now 🐓
9921,Routine,other,Streaks love consistency ⭐
9922,Write Thoughts,journaling,Future you says: write one page 📝
9923,Coding,coding,Gentle reminder: push a commit 🐛
9924,Cut Nails,hygiene,Future you says: take a quick bath 🦷
9925,Evening Run,running,Do a quick jog today 💨
9926,No Distractions,focus,"Lowkey, clear your inbox 🎯"
9927,Lecture Review,studying,"Hey bestie, revise yesterday's notes 🎓"
9928,Morning Pages,journaling,"Note your wins, promise? 📓"
9929,Water Goal,hydration,Reminder: finish that bottle 💧
9930,How Am I Feeling,mood,Reminder: check in with yourself 🌈
9931,Duolingo,practice,Learn one new phrase today 🎸
9932,Workout,workout,Start your workout now 🔥
9933,French,practice,Quick one: speak out loud 🎵
9934,NoPorn,noporn,Call a friend instead fr 🌱
9935,Succulents,plants,"Not to nag, but trim dead leaves 💦"
9936,No Junk,quit,Your sign to pass on the drink 💚
9937,SAT Prep,studying,"Finish your assignment, bestie 🎓"
9938,Quit Vaping,quit,Sobriety is calling 🚭
9939,Vitamin D3,meds,Med check: pending ⏰
9940,Learn Spanish,practice,"Ten minutes, new skill 🎸"
9941,5000 Steps,walking,"Okay legend, walk for ten minutes 🌳"
9942,Rest,sleep,Plug in and lie down today 😴
9943,Feed Bird,pets,"Brush your pet, no excuses 🐱"
9944,Hydrate,hydration,Your sign to refill your bottle 🚰
9945,Practice Habit,other,Plot twist: start for 5 minutes 🙌
9946,Budget,finance,"Ahem, review your spending 💰"
9947,Gurbani,prayer,Reminder: do your pooja 🪔
9948,Meditate,meditation,Be present now 🍃
9949,Power Nap,sleep,Blanket burrito time 🛌
9950,Retinol,skincare,"No cap, pamper your skin 🧴"
9951,Challenge,other,Reminder: do it now ✅
9952,Web Dev,coding,Write one function fr 🐛
9953,Low Carb,fasting,Start your fast now fr 🕐
9954,Self Care,mood,You matter. Truly. 🌈
9955,Budget,finance,Skip one impulse buy and slay 💰
9956,Pet Care,pets,Refill the food bowl and slay 🐶
9957,Flashcards,studying,"No cap, study one chapter 📝"
9958,Inhaler,meds,Take your dose now 💊
9959,Water Break,hydration,"Take five sips, no cap 🥤"
9960,Read a Chapter,reading,"Ahem, move your bookmark 📖"
9961,Skincare,skincare,"Lowkey, do your night routine 🧴"
9962,Rest,sleep,Vibe check: switch off the lights 😴
9963,Journal,journaling,Your sign to list three good things 📓
9964,Top 3 Tasks,focus,"Block your calendar, just 5 min 🎯"
9965,Vacuum,chores,Small win: make your bed 🧹
9966,Fast Until Noon,fasting,Your eating window misses you 🥑
9967,Text a Friend,social,"Yo, call your mom 💬"
9968,Routine,other,"Complete your goal, superstar ✅"
9969,Take Out Trash,chores,"Laundry day, slay day 🧽"
9970,Daily Problem,coding,"Write one function, just 5 min 🐛"
9971,Wake at 6,wake,"Start your morning, just 5 min 🐓"
9972,Sunscreen,skincare,Friendly nudge: put on sunscreen ✨
9973,Lights Off,sleep,"Okay legend, go to bed 🛌"
9974,Jog,running,"Pace yourself, then race yourself 👟"
9975,How Am I Feeling,mood,"Hey, take a deep breath 🫶"
9976,Glow Routine,skincare,Serum time? ✨
9977,Couch to 5K,running,Real talk: start your run 🏃
9978,Sunscreen,skincare,"That glow? Earned, not filtered ✨"
9979,Sober,quit,"Okay legend, skip the smoke break 🚭"
9980,Pet Care,pets,Feed your pet now 🐱
9981,Build App,coding,"Solve a LeetCode problem, no excuses 🚀"
9982,Morning Yoga,stretching,"Hello hello, fix your posture 🧘"
9983,No Junk,quit,Quick one: pass on the drink 💚
9984,Eat On Time,meal,"Eat on time, just 5 min 🍳"
9985,Water Plants,plants,"Ahem, feed your plants 🪴"
9986,Sketch,creative,"Okay legend, make something new 🎬"
9987,Quit Vaping,quit,Breaking news: skip the sugar today 🚭
9988,Fasting,fasting,Small win: log your fasting hours 🍵
9989,Savings Goal,finance,Your sign to save a little today 💸
9990,Strength Training,workout,"Crush one set, promise? 💪"
9991,8 Hours Sleep,sleep,"No cap, take a power nap 😴"
9992,LeetCode,coding,"Lowkey, refactor one file 🚀"
9993,Flashcards,studying,"Revise one topic, no excuses 📝"
9994,Calisthenics,workout,POV: you get your sweat on 🥇
9995,Deep Work,focus,"No cap, focus for 25 minutes 🔕"
9996,Practice Habit,other,"Complete your goal, no cap 🙌"
9997,Back Stretch,stretching,POV: you do a quick stretch 🧘
9998,Fasting,fasting,"Psst, start your fast now 🕐"
9999,Sleep Early,sleep,Friendly nudge: dim the lights 🌙
10000,Wake Up Early,wake,Friendly nudge: skip the snooze ⏰
